trial_index,measured_for_timing,completion_index,n_tokens_generated,generated_token_hash,ttft_ms,total_ms,total_minus_ttft_ms,tokens_per_second,status
0,False,0,8,0x0619d4d1900c2365,52.834000,138.073000,85.239000,57.940365,ok
0,False,1,8,0x0619d4d1900c2365,52.831000,138.071000,85.240000,57.941204,ok
0,False,2,8,0x0619d4d1900c2365,186.078000,276.931000,90.853000,28.888062,ok
0,False,3,8,0x0619d4d1900c2365,186.077000,276.930000,90.853000,28.888167,ok
0,False,4,8,0x0619d4d1900c2365,332.687000,434.444000,101.757000,18.414341,ok
0,False,5,8,0x0619d4d1900c2365,332.687000,434.424000,101.737000,18.415189,ok
0,False,6,8,0x0619d4d1900c2365,490.447000,606.877000,116.430000,13.182243,ok
0,False,7,8,0x0619d4d1900c2365,490.447000,606.724000,116.277000,13.185567,ok
0,False,8,8,0x0619d4d1900c2365,667.454000,787.913000,120.459000,10.153405,ok
0,False,9,8,0x0619d4d1900c2365,667.454000,788.088000,120.634000,10.151151,ok
0,False,10,8,0x0619d4d1900c2365,857.599000,994.412000,136.813000,8.044955,ok
0,False,11,8,0x0619d4d1900c2365,858.776000,1000.109000,141.333000,7.999128,ok
0,False,12,8,0x0619d4d1900c2365,1069.245000,1206.540000,137.295000,6.630530,ok
0,False,13,8,0x0619d4d1900c2365,1067.492000,1217.185000,149.693000,6.572542,ok
0,False,14,8,0x0619d4d1900c2365,1283.692000,1415.953000,132.261000,5.649905,ok
0,False,15,8,0x0619d4d1900c2365,1276.749000,1420.595000,143.846000,5.631443,ok
0,False,16,8,0x0619d4d1900c2365,1487.579000,1610.366000,122.787000,4.967815,ok
0,False,17,8,0x0619d4d1900c2365,1490.189000,1618.978000,128.789000,4.941389,ok
0,False,18,8,0x0619d4d1900c2365,1676.154000,1816.280000,140.126000,4.404607,ok
0,False,19,8,0x0619d4d1900c2365,1692.117000,1821.429000,129.312000,4.392156,ok
0,False,20,8,0x0619d4d1900c2365,1881.861000,2012.614000,130.753000,3.974930,ok
0,False,21,8,0x0619d4d1900c2365,1886.259000,2016.079000,129.820000,3.968098,ok
0,False,22,8,0x0619d4d1900c2365,2078.877000,2210.449000,131.572000,3.619174,ok
0,False,23,8,0x0619d4d1900c2365,2083.354000,2213.225000,129.871000,3.614635,ok
0,False,24,8,0x0619d4d1900c2365,2275.507000,2407.143000,131.636000,3.323442,ok
0,False,25,8,0x0619d4d1900c2365,2278.282000,2408.157000,129.875000,3.322043,ok
0,False,26,8,0x0619d4d1900c2365,2471.932000,2601.401000,129.469000,3.075266,ok
0,False,27,8,0x0619d4d1900c2365,2472.776000,2601.568000,128.792000,3.075069,ok
0,False,28,8,0x0619d4d1900c2365,2667.241000,2791.782000,124.541000,2.865553,ok
0,False,29,8,0x0619d4d1900c2365,2667.242000,2791.937000,124.695000,2.865394,ok
0,False,30,8,0x0619d4d1900c2365,2857.494000,2980.379000,122.885000,2.684222,ok
0,False,31,8,0x0619d4d1900c2365,2857.494000,2980.379000,122.885000,2.684222,ok
0,False,32,8,0x0619d4d1900c2365,2908.607000,3032.698000,124.091000,2.637915,ok
0,False,33,8,0x0619d4d1900c2365,2908.606000,3032.698000,124.092000,2.637915,ok
0,False,34,8,0x0619d4d1900c2365,2959.688000,3083.382000,123.694000,2.594554,ok
0,False,35,8,0x0619d4d1900c2365,2959.688000,3083.382000,123.694000,2.594554,ok
0,False,36,8,0x0619d4d1900c2365,2991.737000,3114.954000,123.217000,2.568256,ok
0,False,37,8,0x0619d4d1900c2365,2991.737000,3114.797000,123.060000,2.568386,ok
0,False,38,8,0x0619d4d1900c2365,3007.613000,3129.481000,121.868000,2.556334,ok
0,False,39,8,0x0619d4d1900c2365,3007.612000,3130.384000,122.772000,2.555597,ok
0,False,40,8,0x0619d4d1900c2365,3013.414000,3143.628000,130.214000,2.544830,ok
0,False,41,8,0x0619d4d1900c2365,3013.686000,3142.564000,128.878000,2.545692,ok
0,False,42,8,0x0619d4d1900c2365,3001.576000,3125.195000,123.619000,2.559840,ok
0,False,43,8,0x0619d4d1900c2365,2995.308000,3118.785000,123.477000,2.565101,ok
0,False,44,8,0x0619d4d1900c2365,2978.570000,3099.908000,121.338000,2.580722,ok
0,False,45,8,0x0619d4d1900c2365,2967.205000,3088.541000,121.336000,2.590220,ok
0,False,46,8,0x0619d4d1900c2365,2956.410000,3081.144000,124.734000,2.596438,ok
0,False,47,8,0x0619d4d1900c2365,2951.305000,3075.899000,124.594000,2.600866,ok
0,False,48,8,0x0619d4d1900c2365,2950.776000,3077.137000,126.361000,2.599819,ok
0,False,49,8,0x0619d4d1900c2365,2942.119000,3068.445000,126.326000,2.607184,ok
0,False,50,8,0x0619d4d1900c2365,2936.632000,3060.583000,123.951000,2.613881,ok
0,False,51,8,0x0619d4d1900c2365,2931.545000,3055.651000,124.106000,2.618100,ok
0,False,52,8,0x0619d4d1900c2365,2927.972000,3050.974000,123.002000,2.622113,ok
0,False,53,8,0x0619d4d1900c2365,2924.174000,3047.025000,122.851000,2.625512,ok
0,False,54,8,0x0619d4d1900c2365,2916.171000,3039.989000,123.818000,2.631588,ok
0,False,55,8,0x0619d4d1900c2365,2913.715000,3037.533000,123.818000,2.633716,ok
0,False,56,8,0x0619d4d1900c2365,2907.470000,3029.279000,121.809000,2.640892,ok
0,False,57,8,0x0619d4d1900c2365,2906.187000,3028.122000,121.935000,2.641901,ok
0,False,58,8,0x0619d4d1900c2365,2899.847000,3022.174000,122.327000,2.647101,ok
0,False,59,8,0x0619d4d1900c2365,2899.847000,3022.177000,122.330000,2.647098,ok
0,False,60,8,0x0619d4d1900c2365,2897.553000,3019.554000,122.001000,2.649398,ok
0,False,61,8,0x0619d4d1900c2365,2896.262000,3018.408000,122.146000,2.650404,ok
0,False,62,8,0x0619d4d1900c2365,2894.780000,3022.077000,127.297000,2.647186,ok
0,False,63,8,0x0619d4d1900c2365,2896.202000,3022.243000,126.041000,2.647041,ok
0,False,64,8,0x0619d4d1900c2365,2895.349000,3016.599000,121.250000,2.651993,ok
0,False,65,8,0x0619d4d1900c2365,2895.333000,3016.598000,121.265000,2.651994,ok
0,False,66,8,0x0619d4d1900c2365,2891.504000,3015.042000,123.538000,2.653363,ok
0,False,67,8,0x0619d4d1900c2365,2891.449000,3015.200000,123.751000,2.653224,ok
0,False,68,8,0x0619d4d1900c2365,2890.343000,3016.663000,126.320000,2.651937,ok
0,False,69,8,0x0619d4d1900c2365,2890.343000,3016.891000,126.548000,2.651737,ok
0,False,70,8,0x0619d4d1900c2365,2893.939000,3017.817000,123.878000,2.650923,ok
0,False,71,8,0x0619d4d1900c2365,2892.672000,3016.406000,123.734000,2.652163,ok
0,False,72,8,0x0619d4d1900c2365,2886.504000,3010.879000,124.375000,2.657031,ok
0,False,73,8,0x0619d4d1900c2365,2886.502000,3010.707000,124.205000,2.657183,ok
0,False,74,8,0x0619d4d1900c2365,2885.318000,3012.347000,127.029000,2.655737,ok
0,False,75,8,0x0619d4d1900c2365,2885.752000,3012.479000,126.727000,2.655620,ok
0,False,76,8,0x0619d4d1900c2365,2891.044000,3015.470000,124.426000,2.652986,ok
0,False,77,8,0x0619d4d1900c2365,2891.042000,3015.313000,124.271000,2.653124,ok
0,False,78,8,0x0619d4d1900c2365,2889.238000,3011.023000,121.785000,2.656904,ok
0,False,79,8,0x0619d4d1900c2365,2889.248000,3011.163000,121.915000,2.656781,ok
0,False,80,8,0x0619d4d1900c2365,2884.591000,3006.075000,121.484000,2.661278,ok
0,False,81,8,0x0619d4d1900c2365,2884.598000,3006.073000,121.475000,2.661279,ok
0,False,82,8,0x0619d4d1900c2365,2882.432000,3007.781000,125.349000,2.659768,ok
0,False,83,8,0x0619d4d1900c2365,2881.151000,3006.328000,125.177000,2.661054,ok
0,False,84,8,0x0619d4d1900c2365,2883.466000,3011.719000,128.253000,2.656290,ok
0,False,85,8,0x0619d4d1900c2365,2883.582000,3011.749000,128.167000,2.656264,ok
0,False,86,8,0x0619d4d1900c2365,2888.204000,3009.924000,121.720000,2.657874,ok
0,False,87,8,0x0619d4d1900c2365,2888.202000,3009.914000,121.712000,2.657883,ok
0,False,88,8,0x0619d4d1900c2365,2888.764000,3009.875000,121.111000,2.657918,ok
0,False,89,8,0x0619d4d1900c2365,2888.763000,3009.874000,121.111000,2.657919,ok
0,False,90,8,0x0619d4d1900c2365,2887.628000,3007.934000,120.306000,2.659633,ok
0,False,91,8,0x0619d4d1900c2365,2887.627000,3007.933000,120.306000,2.659634,ok
0,False,92,8,0x0619d4d1900c2365,2884.713000,3010.268000,125.555000,2.657571,ok
0,False,93,8,0x0619d4d1900c2365,2884.853000,3010.444000,125.591000,2.657415,ok
0,False,94,8,0x0619d4d1900c2365,2883.472000,3008.593000,125.121000,2.659050,ok
0,False,95,8,0x0619d4d1900c2365,2883.378000,3008.461000,125.083000,2.659167,ok
0,False,96,8,0x0619d4d1900c2365,2887.085000,3010.212000,123.127000,2.657620,ok
0,False,97,8,0x0619d4d1900c2365,2887.084000,3010.210000,123.126000,2.657622,ok
0,False,98,8,0x0619d4d1900c2365,2886.751000,3007.908000,121.157000,2.659656,ok
0,False,99,8,0x0619d4d1900c2365,2886.620000,3007.907000,121.287000,2.659657,ok
0,False,100,8,0x0619d4d1900c2365,2883.787000,3009.037000,125.250000,2.658658,ok
0,False,101,8,0x0619d4d1900c2365,2882.504000,3007.918000,125.414000,2.659647,ok
0,False,102,8,0x0619d4d1900c2365,2883.979000,3006.927000,122.948000,2.660524,ok
0,False,103,8,0x0619d4d1900c2365,2883.979000,3007.051000,123.072000,2.660414,ok
0,False,104,8,0x0619d4d1900c2365,2882.462000,3004.952000,122.490000,2.662272,ok
0,False,105,8,0x0619d4d1900c2365,2882.483000,3005.108000,122.625000,2.662134,ok
0,False,106,8,0x0619d4d1900c2365,2878.398000,3001.968000,123.570000,2.664918,ok
0,False,107,8,0x0619d4d1900c2365,2879.678000,3004.254000,124.576000,2.662891,ok
0,False,108,8,0x0619d4d1900c2365,2876.244000,3002.967000,126.723000,2.664032,ok
0,False,109,8,0x0619d4d1900c2365,2877.105000,3003.103000,125.998000,2.663911,ok
0,False,110,8,0x0619d4d1900c2365,2880.265000,3005.687000,125.422000,2.661621,ok
0,False,111,8,0x0619d4d1900c2365,2880.268000,3005.505000,125.237000,2.661782,ok
0,False,112,8,0x0619d4d1900c2365,2884.686000,3005.927000,121.241000,2.661409,ok
0,False,113,8,0x0619d4d1900c2365,2884.685000,3005.926000,121.241000,2.661409,ok
0,False,114,8,0x0619d4d1900c2365,2880.746000,3002.002000,121.256000,2.664888,ok
0,False,115,8,0x0619d4d1900c2365,2880.745000,3002.000000,121.255000,2.664890,ok
0,False,116,8,0x0619d4d1900c2365,2874.836000,2995.201000,120.365000,2.670939,ok
0,False,117,8,0x0619d4d1900c2365,2874.834000,2995.201000,120.367000,2.670939,ok
0,False,118,8,0x0619d4d1900c2365,2872.859000,2997.396000,124.537000,2.668983,ok
0,False,119,8,0x0619d4d1900c2365,2872.741000,2997.221000,124.480000,2.669139,ok
0,False,120,8,0x0619d4d1900c2365,2874.988000,2999.370000,124.382000,2.667227,ok
0,False,121,8,0x0619d4d1900c2365,2875.000000,2999.521000,124.521000,2.667093,ok
0,False,122,8,0x0619d4d1900c2365,2879.839000,3003.534000,123.695000,2.663529,ok
0,False,123,8,0x0619d4d1900c2365,2879.839000,3003.692000,123.853000,2.663389,ok
0,False,124,8,0x0619d4d1900c2365,2877.172000,3000.091000,122.919000,2.666586,ok
0,False,125,8,0x0619d4d1900c2365,2877.171000,2999.955000,122.784000,2.666707,ok
0,False,126,8,0x0619d4d1900c2365,2875.999000,2996.869000,120.870000,2.669453,ok
0,False,127,8,0x0619d4d1900c2365,2875.999000,2996.869000,120.870000,2.669453,ok
0,False,128,8,0x0619d4d1900c2365,2874.175000,2996.095000,121.920000,2.670142,ok
0,False,129,8,0x0619d4d1900c2365,2874.174000,2996.225000,122.051000,2.670026,ok
0,False,130,8,0x0619d4d1900c2365,2874.836000,2999.726000,124.890000,2.666910,ok
0,False,131,8,0x0619d4d1900c2365,2874.471000,2999.724000,125.253000,2.666912,ok
0,False,132,8,0x0619d4d1900c2365,2875.586000,2998.028000,122.442000,2.668421,ok
0,False,133,8,0x0619d4d1900c2365,2875.586000,2998.210000,122.624000,2.668259,ok
0,False,134,8,0x0619d4d1900c2365,2874.208000,2994.533000,120.325000,2.671535,ok
0,False,135,8,0x0619d4d1900c2365,2874.206000,2994.532000,120.326000,2.671536,ok
0,False,136,8,0x0619d4d1900c2365,2874.126000,2994.402000,120.276000,2.671652,ok
0,False,137,8,0x0619d4d1900c2365,2872.846000,2993.123000,120.277000,2.672794,ok
0,False,138,8,0x0619d4d1900c2365,2870.440000,2991.676000,121.236000,2.674086,ok
0,False,139,8,0x0619d4d1900c2365,2869.160000,2990.398000,121.238000,2.675229,ok
0,False,140,8,0x0619d4d1900c2365,2865.591000,2989.420000,123.829000,2.676104,ok
0,False,141,8,0x0619d4d1900c2365,2865.444000,2989.383000,123.939000,2.676138,ok
0,False,142,8,0x0619d4d1900c2365,2864.314000,2988.224000,123.910000,2.677175,ok
0,False,143,8,0x0619d4d1900c2365,2864.434000,2988.074000,123.640000,2.677310,ok
0,False,144,8,0x0619d4d1900c2365,2866.412000,2995.619000,129.207000,2.670567,ok
0,False,145,8,0x0619d4d1900c2365,2866.397000,2996.688000,130.291000,2.669614,ok
0,False,146,8,0x0619d4d1900c2365,2876.110000,3010.352000,134.242000,2.657497,ok
0,False,147,8,0x0619d4d1900c2365,2877.318000,3009.898000,132.580000,2.657897,ok
0,False,148,8,0x0619d4d1900c2365,2891.130000,3020.130000,129.000000,2.648893,ok
0,False,149,8,0x0619d4d1900c2365,2892.248000,3020.293000,128.045000,2.648750,ok
0,False,150,8,0x0619d4d1900c2365,2896.904000,3020.371000,123.467000,2.648681,ok
0,False,151,8,0x0619d4d1900c2365,2896.904000,3020.375000,123.471000,2.648678,ok
0,False,152,8,0x0619d4d1900c2365,2897.939000,3025.555000,127.616000,2.644143,ok
0,False,153,8,0x0619d4d1900c2365,2897.938000,3025.420000,127.482000,2.644261,ok
0,False,154,8,0x0619d4d1900c2365,2901.604000,3024.952000,123.348000,2.644670,ok
0,False,155,8,0x0619d4d1900c2365,2901.603000,3025.102000,123.499000,2.644539,ok
0,False,156,8,0x0619d4d1900c2365,2902.649000,3026.211000,123.562000,2.643570,ok
0,False,157,8,0x0619d4d1900c2365,2902.647000,3026.047000,123.400000,2.643713,ok
0,False,158,8,0x0619d4d1900c2365,2906.631000,3029.136000,122.505000,2.641017,ok
0,False,159,8,0x0619d4d1900c2365,2906.729000,3028.980000,122.251000,2.641153,ok
0,False,160,8,0x0619d4d1900c2365,2906.615000,3029.732000,123.117000,2.640498,ok
0,False,161,8,0x0619d4d1900c2365,2906.614000,3029.732000,123.118000,2.640498,ok
0,False,162,8,0x0619d4d1900c2365,2905.559000,3030.020000,124.461000,2.640247,ok
0,False,163,8,0x0619d4d1900c2365,2905.557000,3029.788000,124.231000,2.640449,ok
0,False,164,8,0x0619d4d1900c2365,2907.830000,3030.176000,122.346000,2.640111,ok
0,False,165,8,0x0619d4d1900c2365,2907.829000,3030.174000,122.345000,2.640112,ok
0,False,166,8,0x0619d4d1900c2365,2911.380000,3034.355000,122.975000,2.636475,ok
0,False,167,8,0x0619d4d1900c2365,2911.377000,3034.353000,122.976000,2.636476,ok
0,False,168,8,0x0619d4d1900c2365,2913.719000,3036.192000,122.473000,2.634879,ok
0,False,169,8,0x0619d4d1900c2365,2913.717000,3036.342000,122.625000,2.634749,ok
0,False,170,8,0x0619d4d1900c2365,2915.748000,3040.659000,124.911000,2.631009,ok
0,False,171,8,0x0619d4d1900c2365,2915.872000,3040.521000,124.649000,2.631128,ok
0,False,172,8,0x0619d4d1900c2365,2918.955000,3042.917000,123.962000,2.629056,ok
0,False,173,8,0x0619d4d1900c2365,2918.857000,3043.068000,124.211000,2.628926,ok
0,False,174,8,0x0619d4d1900c2365,2919.031000,3050.418000,131.387000,2.622591,ok
0,False,175,8,0x0619d4d1900c2365,2918.967000,3052.635000,133.668000,2.620687,ok
0,False,176,8,0x0619d4d1900c2365,2922.867000,3052.648000,129.781000,2.620676,ok
0,False,177,8,0x0619d4d1900c2365,2923.571000,3051.509000,127.938000,2.621654,ok
0,False,178,8,0x0619d4d1900c2365,2917.356000,3042.524000,125.168000,2.629396,ok
0,False,179,8,0x0619d4d1900c2365,2917.354000,3042.375000,125.021000,2.629525,ok
0,False,180,8,0x0619d4d1900c2365,2913.982000,3039.055000,125.073000,2.632397,ok
0,False,181,8,0x0619d4d1900c2365,2913.980000,3039.210000,125.230000,2.632263,ok
0,False,182,8,0x0619d4d1900c2365,2915.879000,3046.481000,130.602000,2.625981,ok
0,False,183,8,0x0619d4d1900c2365,2917.774000,3049.563000,131.789000,2.623327,ok
0,False,184,8,0x0619d4d1900c2365,2917.847000,3048.396000,130.549000,2.624331,ok
0,False,185,8,0x0619d4d1900c2365,2920.871000,3051.025000,130.154000,2.622070,ok
0,False,186,8,0x0619d4d1900c2365,2924.727000,3054.782000,130.055000,2.618845,ok
0,False,187,8,0x0619d4d1900c2365,2927.176000,3057.097000,129.921000,2.616862,ok
0,False,188,8,0x0619d4d1900c2365,2933.246000,3065.420000,132.174000,2.609757,ok
0,False,189,8,0x0619d4d1900c2365,2935.259000,3065.819000,130.560000,2.609417,ok
0,False,190,8,0x0619d4d1900c2365,2942.105000,3071.366000,129.261000,2.604704,ok
0,False,191,8,0x0619d4d1900c2365,2942.537000,3071.535000,128.998000,2.604561,ok
0,False,192,8,0x0619d4d1900c2365,2949.366000,3072.277000,122.911000,2.603932,ok
0,False,193,8,0x0619d4d1900c2365,2949.366000,3072.339000,122.973000,2.603879,ok
0,False,194,8,0x0619d4d1900c2365,2948.345000,3070.849000,122.504000,2.605143,ok
0,False,195,8,0x0619d4d1900c2365,2948.344000,3070.821000,122.477000,2.605167,ok
0,False,196,8,0x0619d4d1900c2365,2947.643000,3074.841000,127.198000,2.601761,ok
0,False,197,8,0x0619d4d1900c2365,2947.643000,3075.193000,127.550000,2.601463,ok
0,False,198,8,0x0619d4d1900c2365,2950.201000,3077.811000,127.610000,2.599250,ok
0,False,199,8,0x0619d4d1900c2365,2950.740000,3077.977000,127.237000,2.599110,ok
1,True,0,8,0x0619d4d1900c2365,52.674000,137.911000,85.237000,58.008426,ok
1,True,1,8,0x0619d4d1900c2365,52.665000,137.910000,85.245000,58.008846,ok
1,True,2,8,0x0619d4d1900c2365,186.022000,275.062000,89.040000,29.084352,ok
1,True,3,8,0x0619d4d1900c2365,185.924000,275.136000,89.212000,29.076529,ok
1,True,4,8,0x0619d4d1900c2365,324.546000,415.903000,91.357000,19.235254,ok
1,True,5,8,0x0619d4d1900c2365,324.546000,415.904000,91.358000,19.235208,ok
1,True,6,8,0x0619d4d1900c2365,466.394000,559.046000,92.652000,14.310093,ok
1,True,7,8,0x0619d4d1900c2365,466.295000,559.045000,92.750000,14.310118,ok
1,True,8,8,0x0619d4d1900c2365,609.469000,702.943000,93.474000,11.380724,ok
1,True,9,8,0x0619d4d1900c2365,609.444000,702.943000,93.499000,11.380724,ok
1,True,10,8,0x0619d4d1900c2365,754.254000,858.550000,104.296000,9.318036,ok
1,True,11,8,0x0619d4d1900c2365,754.254000,859.899000,105.645000,9.303418,ok
1,True,12,8,0x0619d4d1900c2365,918.235000,1032.664000,114.429000,7.746954,ok
1,True,13,8,0x0619d4d1900c2365,920.807000,1040.175000,119.368000,7.691014,ok
1,True,14,8,0x0619d4d1900c2365,1096.926000,1228.264000,131.338000,6.513258,ok
1,True,15,8,0x0619d4d1900c2365,1105.742000,1239.037000,133.295000,6.456627,ok
1,True,16,8,0x0619d4d1900c2365,1291.874000,1420.357000,128.483000,5.632387,ok
1,True,17,8,0x0619d4d1900c2365,1301.133000,1428.774000,127.641000,5.599206,ok
1,True,18,8,0x0619d4d1900c2365,1492.265000,1612.646000,120.381000,4.960791,ok
1,True,19,8,0x0619d4d1900c2365,1491.010000,1612.642000,121.632000,4.960803,ok
1,True,20,8,0x0619d4d1900c2365,1675.258000,1810.280000,135.022000,4.419206,ok
1,True,21,8,0x0619d4d1900c2365,1675.258000,1810.368000,135.110000,4.418991,ok
1,True,22,8,0x0619d4d1900c2365,1873.396000,2006.847000,133.451000,3.986353,ok
1,True,23,8,0x0619d4d1900c2365,1874.152000,2006.679000,132.527000,3.986686,ok
1,True,24,8,0x0619d4d1900c2365,2071.643000,2194.796000,123.153000,3.644986,ok
1,True,25,8,0x0619d4d1900c2365,2071.032000,2194.970000,123.938000,3.644697,ok
1,True,26,8,0x0619d4d1900c2365,2261.016000,2387.557000,126.541000,3.350705,ok
1,True,27,8,0x0619d4d1900c2365,2260.992000,2387.735000,126.743000,3.350456,ok
1,True,28,8,0x0619d4d1900c2365,2452.970000,2575.317000,122.347000,3.106414,ok
1,True,29,8,0x0619d4d1900c2365,2452.969000,2575.319000,122.350000,3.106411,ok
1,True,30,8,0x0619d4d1900c2365,2641.748000,2766.819000,125.071000,2.891407,ok
1,True,31,8,0x0619d4d1900c2365,2641.748000,2766.973000,125.225000,2.891246,ok
1,True,32,8,0x0619d4d1900c2365,2693.428000,2816.289000,122.861000,2.840618,ok
1,True,33,8,0x0619d4d1900c2365,2693.405000,2816.288000,122.883000,2.840619,ok
1,True,34,8,0x0619d4d1900c2365,2744.901000,2871.927000,127.026000,2.785586,ok
1,True,35,8,0x0619d4d1900c2365,2744.998000,2872.081000,127.083000,2.785437,ok
1,True,36,8,0x0619d4d1900c2365,2799.073000,2930.511000,131.438000,2.729899,ok
1,True,37,8,0x0619d4d1900c2365,2798.907000,2930.301000,131.394000,2.730095,ok
1,True,38,8,0x0619d4d1900c2365,2853.952000,2979.184000,125.232000,2.685299,ok
1,True,39,8,0x0619d4d1900c2365,2853.951000,2979.011000,125.060000,2.685455,ok
1,True,40,8,0x0619d4d1900c2365,2900.277000,3024.933000,124.656000,2.644687,ok
1,True,41,8,0x0619d4d1900c2365,2900.275000,3024.776000,124.501000,2.644824,ok
1,True,42,8,0x0619d4d1900c2365,2935.943000,3062.579000,126.636000,2.612178,ok
1,True,43,8,0x0619d4d1900c2365,2934.684000,3061.475000,126.791000,2.613119,ok
1,True,44,8,0x0619d4d1900c2365,2953.691000,3078.149000,124.458000,2.598965,ok
1,True,45,8,0x0619d4d1900c2365,2947.379000,3072.047000,124.668000,2.604127,ok
1,True,46,8,0x0619d4d1900c2365,2935.892000,3065.311000,129.419000,2.609849,ok
1,True,47,8,0x0619d4d1900c2365,2947.083000,3080.768000,133.685000,2.596755,ok
1,True,48,8,0x0619d4d1900c2365,2948.915000,3080.322000,131.407000,2.597131,ok
1,True,49,8,0x0619d4d1900c2365,2945.169000,3074.219000,129.050000,2.602287,ok
1,True,50,8,0x0619d4d1900c2365,2952.545000,3080.871000,128.326000,2.596668,ok
1,True,51,8,0x0619d4d1900c2365,2953.927000,3081.017000,127.090000,2.596545,ok
1,True,52,8,0x0619d4d1900c2365,2947.690000,3070.037000,122.347000,2.605832,ok
1,True,53,8,0x0619d4d1900c2365,2947.688000,3070.176000,122.488000,2.605714,ok
1,True,54,8,0x0619d4d1900c2365,2938.490000,3063.811000,125.321000,2.611127,ok
1,True,55,8,0x0619d4d1900c2365,2938.622000,3063.810000,125.188000,2.611128,ok
1,True,56,8,0x0619d4d1900c2365,2941.844000,3061.707000,119.863000,2.612921,ok
1,True,57,8,0x0619d4d1900c2365,2941.843000,3061.708000,119.865000,2.612921,ok
1,True,58,8,0x0619d4d1900c2365,2934.463000,3054.943000,120.480000,2.618707,ok
1,True,59,8,0x0619d4d1900c2365,2933.183000,3053.767000,120.584000,2.619715,ok
1,True,60,8,0x0619d4d1900c2365,2930.479000,3050.437000,119.958000,2.622575,ok
1,True,61,8,0x0619d4d1900c2365,2930.477000,3050.433000,119.956000,2.622578,ok
1,True,62,8,0x0619d4d1900c2365,2925.798000,3051.744000,125.946000,2.621452,ok
1,True,63,8,0x0619d4d1900c2365,2926.502000,3051.880000,125.378000,2.621335,ok
1,True,64,8,0x0619d4d1900c2365,2927.193000,3050.683000,123.490000,2.622364,ok
1,True,65,8,0x0619d4d1900c2365,2927.277000,3050.682000,123.405000,2.622364,ok
1,True,66,8,0x0619d4d1900c2365,2922.248000,3046.614000,124.366000,2.625866,ok
1,True,67,8,0x0619d4d1900c2365,2922.246000,3046.455000,124.209000,2.626003,ok
1,True,68,8,0x0619d4d1900c2365,2910.221000,3036.036000,125.815000,2.635015,ok
1,True,69,8,0x0619d4d1900c2365,2910.224000,3035.895000,125.671000,2.635137,ok
1,True,70,8,0x0619d4d1900c2365,2909.056000,3032.580000,123.524000,2.638018,ok
1,True,71,8,0x0619d4d1900c2365,2909.203000,3032.742000,123.539000,2.637877,ok
1,True,72,8,0x0619d4d1900c2365,2905.930000,3034.776000,128.846000,2.636109,ok
1,True,73,8,0x0619d4d1900c2365,2905.656000,3036.484000,130.828000,2.634626,ok
1,True,74,8,0x0619d4d1900c2365,2904.303000,3034.004000,129.701000,2.636780,ok
1,True,75,8,0x0619d4d1900c2365,2905.978000,3034.406000,128.428000,2.636430,ok
1,True,76,8,0x0619d4d1900c2365,2907.643000,3032.313000,124.670000,2.638250,ok
1,True,77,8,0x0619d4d1900c2365,2908.018000,3032.440000,124.422000,2.638140,ok
1,True,78,8,0x0619d4d1900c2365,2903.265000,3028.604000,125.339000,2.641481,ok
1,True,79,8,0x0619d4d1900c2365,2898.182000,3023.697000,125.515000,2.645768,ok
1,True,80,8,0x0619d4d1900c2365,2896.819000,3017.918000,121.099000,2.650834,ok
1,True,81,8,0x0619d4d1900c2365,2895.544000,3016.444000,120.900000,2.652129,ok
1,True,82,8,0x0619d4d1900c2365,2889.086000,3011.229000,122.143000,2.656723,ok
1,True,83,8,0x0619d4d1900c2365,2889.084000,3011.073000,121.989000,2.656860,ok
1,True,84,8,0x0619d4d1900c2365,2888.007000,3008.389000,120.382000,2.659231,ok
1,True,85,8,0x0619d4d1900c2365,2888.004000,3008.387000,120.383000,2.659232,ok
1,True,86,8,0x0619d4d1900c2365,2882.049000,3004.785000,122.736000,2.662420,ok
1,True,87,8,0x0619d4d1900c2365,2882.174000,3004.784000,122.610000,2.662421,ok
1,True,88,8,0x0619d4d1900c2365,2883.299000,3007.272000,123.973000,2.660218,ok
1,True,89,8,0x0619d4d1900c2365,2883.416000,3007.435000,124.019000,2.660074,ok
1,True,90,8,0x0619d4d1900c2365,2886.382000,3010.095000,123.713000,2.657723,ok
1,True,91,8,0x0619d4d1900c2365,2885.027000,3008.939000,123.912000,2.658744,ok
1,True,92,8,0x0619d4d1900c2365,2888.343000,3011.131000,122.788000,2.656809,ok
1,True,93,8,0x0619d4d1900c2365,2888.363000,3011.271000,122.908000,2.656685,ok
1,True,94,8,0x0619d4d1900c2365,2884.910000,3009.498000,124.588000,2.658251,ok
1,True,95,8,0x0619d4d1900c2365,2884.909000,3009.334000,124.425000,2.658396,ok
1,True,96,8,0x0619d4d1900c2365,2885.077000,3008.042000,122.965000,2.659537,ok
1,True,97,8,0x0619d4d1900c2365,2885.075000,3007.890000,122.815000,2.659672,ok
1,True,98,8,0x0619d4d1900c2365,2883.799000,3010.832000,127.033000,2.657073,ok
1,True,99,8,0x0619d4d1900c2365,2884.129000,3010.989000,126.860000,2.656934,ok
1,True,100,8,0x0619d4d1900c2365,2885.426000,3014.218000,128.792000,2.654088,ok
1,True,101,8,0x0619d4d1900c2365,2888.085000,3017.690000,129.605000,2.651034,ok
1,True,102,8,0x0619d4d1900c2365,2892.064000,3021.874000,129.810000,2.647364,ok
1,True,103,8,0x0619d4d1900c2365,2894.646000,3023.687000,129.041000,2.645776,ok
1,True,104,8,0x0619d4d1900c2365,2893.405000,3023.437000,130.032000,2.645995,ok
1,True,105,8,0x0619d4d1900c2365,2893.806000,3022.146000,128.340000,2.647126,ok
1,True,106,8,0x0619d4d1900c2365,2892.583000,3020.764000,128.181000,2.648337,ok
1,True,107,8,0x0619d4d1900c2365,2893.785000,3020.902000,127.117000,2.648216,ok
1,True,108,8,0x0619d4d1900c2365,2897.857000,3017.742000,119.885000,2.650989,ok
1,True,109,8,0x0619d4d1900c2365,2897.852000,3017.740000,119.888000,2.650990,ok
1,True,110,8,0x0619d4d1900c2365,2893.961000,3014.094000,120.133000,2.654197,ok
1,True,111,8,0x0619d4d1900c2365,2893.959000,3014.091000,120.132000,2.654200,ok
1,True,112,8,0x0619d4d1900c2365,2891.306000,3016.074000,124.768000,2.652455,ok
1,True,113,8,0x0619d4d1900c2365,2891.306000,3015.904000,124.598000,2.652604,ok
1,True,114,8,0x0619d4d1900c2365,2894.301000,3019.509000,125.208000,2.649437,ok
1,True,115,8,0x0619d4d1900c2365,2893.705000,3019.346000,125.641000,2.649580,ok
1,True,116,8,0x0619d4d1900c2365,2898.820000,3024.511000,125.691000,2.645056,ok
1,True,117,8,0x0619d4d1900c2365,2898.691000,3024.347000,125.656000,2.645199,ok
1,True,118,8,0x0619d4d1900c2365,2901.581000,3029.157000,127.576000,2.640999,ok
1,True,119,8,0x0619d4d1900c2365,2901.550000,3029.863000,128.313000,2.640383,ok
1,True,120,8,0x0619d4d1900c2365,2906.380000,3028.796000,122.416000,2.641314,ok
1,True,121,8,0x0619d4d1900c2365,2906.963000,3028.796000,121.833000,2.641314,ok
1,True,122,8,0x0619d4d1900c2365,2905.172000,3027.814000,122.642000,2.642170,ok
1,True,123,8,0x0619d4d1900c2365,2905.173000,3027.960000,122.787000,2.642043,ok
1,True,124,8,0x0619d4d1900c2365,2904.499000,3029.465000,124.966000,2.640730,ok
1,True,125,8,0x0619d4d1900c2365,2904.497000,3029.599000,125.102000,2.640613,ok
1,True,126,8,0x0619d4d1900c2365,2903.551000,3025.483000,121.932000,2.644206,ok
1,True,127,8,0x0619d4d1900c2365,2903.548000,3025.334000,121.786000,2.644336,ok
1,True,128,8,0x0619d4d1900c2365,2902.903000,3023.829000,120.926000,2.645652,ok
1,True,129,8,0x0619d4d1900c2365,2902.903000,3023.853000,120.950000,2.645631,ok
1,True,130,8,0x0619d4d1900c2365,2898.896000,3028.678000,129.782000,2.641416,ok
1,True,131,8,0x0619d4d1900c2365,2902.140000,3030.362000,128.222000,2.639949,ok
1,True,132,8,0x0619d4d1900c2365,2898.509000,3025.196000,126.687000,2.644457,ok
1,True,133,8,0x0619d4d1900c2365,2896.140000,3021.509000,125.369000,2.647684,ok
1,True,134,8,0x0619d4d1900c2365,2896.089000,3018.117000,122.028000,2.650659,ok
1,True,135,8,0x0619d4d1900c2365,2892.271000,3014.462000,122.191000,2.653873,ok
1,True,136,8,0x0619d4d1900c2365,2887.351000,3012.802000,125.451000,2.655335,ok
1,True,137,8,0x0619d4d1900c2365,2886.180000,3011.396000,125.216000,2.656575,ok
1,True,138,8,0x0619d4d1900c2365,2884.340000,3010.425000,126.085000,2.657432,ok
1,True,139,8,0x0619d4d1900c2365,2884.234000,3010.347000,126.113000,2.657501,ok
1,True,140,8,0x0619d4d1900c2365,2890.644000,3014.072000,123.428000,2.654217,ok
1,True,141,8,0x0619d4d1900c2365,2890.771000,3014.071000,123.300000,2.654218,ok
1,True,142,8,0x0619d4d1900c2365,2892.754000,3013.622000,120.868000,2.654613,ok
1,True,143,8,0x0619d4d1900c2365,2892.755000,3013.756000,121.001000,2.654495,ok
1,True,144,8,0x0619d4d1900c2365,2891.243000,3045.345000,154.102000,2.626960,ok
1,True,145,8,0x0619d4d1900c2365,2890.286000,3045.183000,154.897000,2.627100,ok
1,True,146,8,0x0619d4d1900c2365,2920.266000,3044.536000,124.270000,2.627658,ok
1,True,147,8,0x0619d4d1900c2365,2920.233000,3044.376000,124.143000,2.627796,ok
1,True,148,8,0x0619d4d1900c2365,2920.134000,3043.866000,123.732000,2.628237,ok
1,True,149,8,0x0619d4d1900c2365,2919.297000,3043.865000,124.568000,2.628237,ok
1,True,150,8,0x0619d4d1900c2365,2917.703000,3037.484000,119.781000,2.633759,ok
1,True,151,8,0x0619d4d1900c2365,2916.437000,3036.215000,119.778000,2.634860,ok
1,True,152,8,0x0619d4d1900c2365,2915.375000,3042.390000,127.015000,2.629512,ok
1,True,153,8,0x0619d4d1900c2365,2915.376000,3043.911000,128.535000,2.628198,ok
1,True,154,8,0x0619d4d1900c2365,2917.811000,3046.509000,128.698000,2.625956,ok
1,True,155,8,0x0619d4d1900c2365,2919.241000,3046.667000,127.426000,2.625820,ok
1,True,156,8,0x0619d4d1900c2365,2922.623000,3046.956000,124.333000,2.625571,ok
1,True,157,8,0x0619d4d1900c2365,2922.620000,3046.813000,124.193000,2.625694,ok
1,True,158,8,0x0619d4d1900c2365,2926.551000,3052.150000,125.599000,2.621103,ok
1,True,159,8,0x0619d4d1900c2365,2926.551000,3053.239000,126.688000,2.620168,ok
1,True,160,8,0x0619d4d1900c2365,2929.133000,3054.725000,125.592000,2.618894,ok
1,True,161,8,0x0619d4d1900c2365,2930.129000,3054.589000,124.460000,2.619010,ok
1,True,162,8,0x0619d4d1900c2365,2925.391000,3047.204000,121.813000,2.625358,ok
1,True,163,8,0x0619d4d1900c2365,2922.841000,3044.492000,121.651000,2.627696,ok
1,True,164,8,0x0619d4d1900c2365,2922.835000,3044.968000,122.133000,2.627285,ok
1,True,165,8,0x0619d4d1900c2365,2922.833000,3044.690000,121.857000,2.627525,ok
1,True,166,8,0x0619d4d1900c2365,2922.622000,3044.257000,121.635000,2.627899,ok
1,True,167,8,0x0619d4d1900c2365,2922.676000,3044.739000,122.063000,2.627483,ok
1,True,168,8,0x0619d4d1900c2365,2918.070000,3042.524000,124.454000,2.629396,ok
1,True,169,8,0x0619d4d1900c2365,2917.702000,3042.685000,124.983000,2.629257,ok
1,True,170,8,0x0619d4d1900c2365,2918.146000,3047.976000,129.830000,2.624693,ok
1,True,171,8,0x0619d4d1900c2365,2920.029000,3048.338000,128.309000,2.624381,ok
1,True,172,8,0x0619d4d1900c2365,2922.719000,3048.713000,125.994000,2.624058,ok
1,True,173,8,0x0619d4d1900c2365,2923.371000,3048.849000,125.478000,2.623941,ok
1,True,174,8,0x0619d4d1900c2365,2928.653000,3048.076000,119.423000,2.624606,ok
1,True,175,8,0x0619d4d1900c2365,2928.564000,3048.073000,119.509000,2.624609,ok
1,True,176,8,0x0619d4d1900c2365,2893.387000,3016.881000,123.494000,2.651745,ok
1,True,177,8,0x0619d4d1900c2365,2893.334000,3016.882000,123.548000,2.651744,ok
1,True,178,8,0x0619d4d1900c2365,2892.314000,3015.265000,122.951000,2.653166,ok
1,True,179,8,0x0619d4d1900c2365,2892.311000,3015.432000,123.121000,2.653020,ok
1,True,180,8,0x0619d4d1900c2365,2890.125000,3013.311000,123.186000,2.654887,ok
1,True,181,8,0x0619d4d1900c2365,2890.092000,3014.588000,124.496000,2.653762,ok
1,True,182,8,0x0619d4d1900c2365,2892.737000,3016.724000,123.987000,2.651883,ok
1,True,183,8,0x0619d4d1900c2365,2893.804000,3016.721000,122.917000,2.651886,ok
1,True,184,8,0x0619d4d1900c2365,2889.662000,3010.769000,121.107000,2.657128,ok
1,True,185,8,0x0619d4d1900c2365,2888.393000,3009.351000,120.958000,2.658380,ok
1,True,186,8,0x0619d4d1900c2365,2882.986000,3005.299000,122.313000,2.661965,ok
1,True,187,8,0x0619d4d1900c2365,2882.983000,3005.460000,122.477000,2.661822,ok
1,True,188,8,0x0619d4d1900c2365,2881.146000,3002.177000,121.031000,2.664733,ok
1,True,189,8,0x0619d4d1900c2365,2881.145000,3002.031000,120.886000,2.664863,ok
1,True,190,8,0x0619d4d1900c2365,2875.191000,2997.594000,122.403000,2.668807,ok
1,True,191,8,0x0619d4d1900c2365,2873.936000,2996.471000,122.535000,2.669807,ok
1,True,192,8,0x0619d4d1900c2365,2873.081000,2996.071000,122.990000,2.670164,ok
1,True,193,8,0x0619d4d1900c2365,2873.079000,2996.071000,122.992000,2.670164,ok
1,True,194,8,0x0619d4d1900c2365,2873.923000,2996.030000,122.107000,2.670200,ok
1,True,195,8,0x0619d4d1900c2365,2873.921000,2996.176000,122.255000,2.670070,ok
1,True,196,8,0x0619d4d1900c2365,2872.978000,2998.094000,125.116000,2.668362,ok
1,True,197,8,0x0619d4d1900c2365,2873.196000,2998.055000,124.859000,2.668397,ok
1,True,198,8,0x0619d4d1900c2365,2877.194000,2998.582000,121.388000,2.667928,ok
1,True,199,8,0x0619d4d1900c2365,2877.093000,2998.731000,121.638000,2.667795,ok
2,True,0,8,0x0619d4d1900c2365,52.989000,138.184000,85.195000,57.893823,ok
2,True,1,8,0x0619d4d1900c2365,52.988000,138.181000,85.193000,57.895080,ok
2,True,2,8,0x0619d4d1900c2365,186.140000,275.859000,89.719000,29.000323,ok
2,True,3,8,0x0619d4d1900c2365,186.222000,275.859000,89.637000,29.000323,ok
2,True,4,8,0x0619d4d1900c2365,324.585000,415.810000,91.225000,19.239557,ok
2,True,5,8,0x0619d4d1900c2365,324.585000,415.809000,91.224000,19.239603,ok
2,True,6,8,0x0619d4d1900c2365,465.598000,558.360000,92.762000,14.327674,ok
2,True,7,8,0x0619d4d1900c2365,465.598000,558.355000,92.757000,14.327802,ok
2,True,8,8,0x0619d4d1900c2365,609.811000,718.195000,108.384000,11.139036,ok
2,True,9,8,0x0619d4d1900c2365,609.810000,718.195000,108.385000,11.139036,ok
2,True,10,8,0x0619d4d1900c2365,774.475000,920.343000,145.868000,8.692411,ok
2,True,11,8,0x0619d4d1900c2365,774.475000,926.056000,151.581000,8.638786,ok
2,True,12,8,0x0619d4d1900c2365,991.424000,1127.577000,136.153000,7.094859,ok
2,True,13,8,0x0619d4d1900c2365,984.615000,1129.062000,144.447000,7.085528,ok
2,True,14,8,0x0619d4d1900c2365,1199.069000,1338.772000,139.703000,5.975625,ok
2,True,15,8,0x0619d4d1900c2365,1200.833000,1341.043000,140.210000,5.965506,ok
2,True,16,8,0x0619d4d1900c2365,1410.921000,1546.252000,135.331000,5.173801,ok
2,True,17,8,0x0619d4d1900c2365,1409.585000,1550.944000,141.359000,5.158149,ok
2,True,18,8,0x0619d4d1900c2365,1623.032000,1744.363000,121.331000,4.586201,ok
2,True,19,8,0x0619d4d1900c2365,1618.914000,1748.153000,129.239000,4.576258,ok
2,True,20,8,0x0619d4d1900c2365,1818.240000,1950.050000,131.810000,4.102459,ok
2,True,21,8,0x0619d4d1900c2365,1822.584000,1954.748000,132.164000,4.092599,ok
2,True,22,8,0x0619d4d1900c2365,2016.078000,2147.810000,131.732000,3.724724,ok
2,True,23,8,0x0619d4d1900c2365,2020.714000,2152.004000,131.290000,3.717465,ok
2,True,24,8,0x0619d4d1900c2365,2214.123000,2345.649000,131.526000,3.410570,ok
2,True,25,8,0x0619d4d1900c2365,2218.329000,2349.620000,131.291000,3.404806,ok
2,True,26,8,0x0619d4d1900c2365,2411.218000,2542.796000,131.578000,3.146143,ok
2,True,27,8,0x0619d4d1900c2365,2414.799000,2545.029000,130.230000,3.143383,ok
2,True,28,8,0x0619d4d1900c2365,2608.853000,2740.180000,131.327000,2.919516,ok
2,True,29,8,0x0619d4d1900c2365,2611.169000,2741.319000,130.150000,2.918303,ok
2,True,30,8,0x0619d4d1900c2365,2806.098000,2937.171000,131.073000,2.723709,ok
2,True,31,8,0x0619d4d1900c2365,2807.258000,2937.323000,130.065000,2.723568,ok
2,True,32,8,0x0619d4d1900c2365,2864.780000,2992.475000,127.695000,2.673372,ok
2,True,33,8,0x0619d4d1900c2365,2864.882000,2992.607000,127.725000,2.673254,ok
2,True,34,8,0x0619d4d1900c2365,2921.134000,3047.071000,125.937000,2.625472,ok
2,True,35,8,0x0619d4d1900c2365,2921.135000,3047.205000,126.070000,2.625357,ok
2,True,36,8,0x0619d4d1900c2365,2975.236000,3100.113000,124.877000,2.580551,ok
2,True,37,8,0x0619d4d1900c2365,2975.235000,3099.970000,124.735000,2.580670,ok
2,True,38,8,0x0619d4d1900c2365,3023.256000,3147.373000,124.117000,2.541802,ok
2,True,39,8,0x0619d4d1900c2365,3023.255000,3147.229000,123.974000,2.541919,ok
2,True,40,8,0x0619d4d1900c2365,3052.983000,3178.700000,125.717000,2.516752,ok
2,True,41,8,0x0619d4d1900c2365,3053.112000,3178.847000,125.735000,2.516636,ok
2,True,42,8,0x0619d4d1900c2365,3042.081000,3169.575000,127.494000,2.523998,ok
2,True,43,8,0x0619d4d1900c2365,3036.875000,3164.544000,127.669000,2.528010,ok
2,True,44,8,0x0619d4d1900c2365,3027.602000,3152.026000,124.424000,2.538050,ok
2,True,45,8,0x0619d4d1900c2365,3026.342000,3150.961000,124.619000,2.538908,ok
2,True,46,8,0x0619d4d1900c2365,3007.160000,3131.741000,124.581000,2.554490,ok
2,True,47,8,0x0619d4d1900c2365,3004.542000,3129.318000,124.776000,2.556468,ok
2,True,48,8,0x0619d4d1900c2365,2988.463000,3116.099000,127.636000,2.567313,ok
2,True,49,8,0x0619d4d1900c2365,2983.501000,3111.095000,127.594000,2.571442,ok
2,True,50,8,0x0619d4d1900c2365,2983.286000,3110.786000,127.500000,2.571697,ok
2,True,51,8,0x0619d4d1900c2365,2979.826000,3106.978000,127.152000,2.574849,ok
2,True,52,8,0x0619d4d1900c2365,2970.714000,3097.543000,126.829000,2.582692,ok
2,True,53,8,0x0619d4d1900c2365,2965.417000,3092.216000,126.799000,2.587141,ok
2,True,54,8,0x0619d4d1900c2365,2963.495000,3087.707000,124.212000,2.590919,ok
2,True,55,8,0x0619d4d1900c2365,2959.842000,3084.053000,124.211000,2.593989,ok
2,True,56,8,0x0619d4d1900c2365,2955.925000,3081.248000,125.323000,2.596351,ok
2,True,57,8,0x0619d4d1900c2365,2950.980000,3076.299000,125.319000,2.600527,ok
2,True,58,8,0x0619d4d1900c2365,2948.363000,3072.791000,124.428000,2.603496,ok
2,True,59,8,0x0619d4d1900c2365,2945.808000,3070.364000,124.556000,2.605554,ok
2,True,60,8,0x0619d4d1900c2365,2940.613000,3062.804000,122.191000,2.611986,ok
2,True,61,8,0x0619d4d1900c2365,2939.338000,3061.675000,122.337000,2.612949,ok
2,True,62,8,0x0619d4d1900c2365,2930.445000,3054.481000,124.036000,2.619103,ok
2,True,63,8,0x0619d4d1900c2365,2930.516000,3054.480000,123.964000,2.619104,ok
2,True,64,8,0x0619d4d1900c2365,2926.718000,3052.569000,125.851000,2.620743,ok
2,True,65,8,0x0619d4d1900c2365,2926.719000,3053.739000,127.020000,2.619739,ok
2,True,66,8,0x0619d4d1900c2365,2924.242000,3051.931000,127.689000,2.621291,ok
2,True,67,8,0x0619d4d1900c2365,2925.160000,3052.070000,126.910000,2.621172,ok
2,True,68,8,0x0619d4d1900c2365,2925.761000,3050.881000,125.120000,2.622193,ok
2,True,69,8,0x0619d4d1900c2365,2925.759000,3050.722000,124.963000,2.622330,ok
2,True,70,8,0x0619d4d1900c2365,2925.519000,3048.937000,123.418000,2.623865,ok
2,True,71,8,0x0619d4d1900c2365,2925.643000,3048.936000,123.293000,2.623866,ok
2,True,72,8,0x0619d4d1900c2365,2924.584000,3045.394000,120.810000,2.626918,ok
2,True,73,8,0x0619d4d1900c2365,2923.353000,3044.107000,120.754000,2.628029,ok
2,True,74,8,0x0619d4d1900c2365,2915.243000,3039.846000,124.603000,2.631712,ok
2,True,75,8,0x0619d4d1900c2365,2915.102000,3039.684000,124.582000,2.631853,ok
2,True,76,8,0x0619d4d1900c2365,2913.853000,3035.275000,121.422000,2.635676,ok
2,True,77,8,0x0619d4d1900c2365,2913.911000,3035.089000,121.178000,2.635837,ok
2,True,78,8,0x0619d4d1900c2365,2910.488000,3033.617000,123.129000,2.637116,ok
2,True,79,8,0x0619d4d1900c2365,2910.489000,3033.471000,122.982000,2.637243,ok
2,True,80,8,0x0619d4d1900c2365,2906.070000,3030.396000,124.326000,2.639919,ok
2,True,81,8,0x0619d4d1900c2365,2906.069000,3030.253000,124.184000,2.640044,ok
2,True,82,8,0x0619d4d1900c2365,2900.876000,3023.478000,122.602000,2.645959,ok
2,True,83,8,0x0619d4d1900c2365,2900.895000,3023.615000,122.720000,2.645840,ok
2,True,84,8,0x0619d4d1900c2365,2896.017000,3018.338000,122.321000,2.650465,ok
2,True,85,8,0x0619d4d1900c2365,2896.015000,3018.481000,122.466000,2.650340,ok
2,True,86,8,0x0619d4d1900c2365,2895.713000,3017.416000,121.703000,2.651275,ok
2,True,87,8,0x0619d4d1900c2365,2895.711000,3017.573000,121.862000,2.651137,ok
2,True,88,8,0x0619d4d1900c2365,2890.647000,3014.407000,123.760000,2.653922,ok
2,True,89,8,0x0619d4d1900c2365,2889.366000,3013.288000,123.922000,2.654907,ok
2,True,90,8,0x0619d4d1900c2365,2888.680000,3008.788000,120.108000,2.658878,ok
2,True,91,8,0x0619d4d1900c2365,2888.678000,3008.786000,120.108000,2.658880,ok
2,True,92,8,0x0619d4d1900c2365,2884.387000,3005.420000,121.033000,2.661858,ok
2,True,93,8,0x0619d4d1900c2365,2884.387000,3005.290000,120.903000,2.661973,ok
2,True,94,8,0x0619d4d1900c2365,2882.021000,3001.586000,119.565000,2.665258,ok
2,True,95,8,0x0619d4d1900c2365,2882.020000,3001.586000,119.566000,2.665258,ok
2,True,96,8,0x0619d4d1900c2365,2873.716000,2993.569000,119.853000,2.672395,ok
2,True,97,8,0x0619d4d1900c2365,2872.490000,2992.428000,119.938000,2.673414,ok
2,True,98,8,0x0619d4d1900c2365,2863.881000,2983.661000,119.780000,2.681270,ok
2,True,99,8,0x0619d4d1900c2365,2863.881000,2983.520000,119.639000,2.681396,ok
2,True,100,8,0x0619d4d1900c2365,2856.423000,2976.895000,120.472000,2.687364,ok
2,True,101,8,0x0619d4d1900c2365,2856.422000,2976.894000,120.472000,2.687365,ok
2,True,102,8,0x0619d4d1900c2365,2852.720000,2971.742000,119.022000,2.692024,ok
2,True,103,8,0x0619d4d1900c2365,2852.719000,2971.740000,119.021000,2.692026,ok
2,True,104,8,0x0619d4d1900c2365,2850.054000,2971.005000,120.951000,2.692692,ok
2,True,105,8,0x0619d4d1900c2365,2850.055000,2971.162000,121.107000,2.692549,ok
2,True,106,8,0x0619d4d1900c2365,2846.854000,2967.260000,120.406000,2.696090,ok
2,True,107,8,0x0619d4d1900c2365,2846.854000,2967.107000,120.253000,2.696229,ok
2,True,108,8,0x0619d4d1900c2365,2845.314000,2965.516000,120.202000,2.697676,ok
2,True,109,8,0x0619d4d1900c2365,2845.303000,2965.673000,120.370000,2.697533,ok
2,True,110,8,0x0619d4d1900c2365,2840.847000,2967.838000,126.991000,2.695565,ok
2,True,111,8,0x0619d4d1900c2365,2841.274000,2967.692000,126.418000,2.695698,ok
2,True,112,8,0x0619d4d1900c2365,2841.070000,2961.825000,120.755000,2.701037,ok
2,True,113,8,0x0619d4d1900c2365,2841.069000,2962.009000,120.940000,2.700870,ok
2,True,114,8,0x0619d4d1900c2365,2839.392000,2967.216000,127.824000,2.696130,ok
2,True,115,8,0x0619d4d1900c2365,2838.452000,2966.251000,127.799000,2.697007,ok
2,True,116,8,0x0619d4d1900c2365,2842.795000,2969.795000,127.000000,2.693789,ok
2,True,117,8,0x0619d4d1900c2365,2843.231000,2969.949000,126.718000,2.693649,ok
2,True,118,8,0x0619d4d1900c2365,2846.833000,2976.091000,129.258000,2.688090,ok
2,True,119,8,0x0619d4d1900c2365,2845.552000,2974.919000,129.367000,2.689149,ok
2,True,120,8,0x0619d4d1900c2365,2853.037000,2978.232000,125.195000,2.686157,ok
2,True,121,8,0x0619d4d1900c2365,2853.038000,2978.399000,125.361000,2.686007,ok
2,True,122,8,0x0619d4d1900c2365,2858.432000,2982.531000,124.099000,2.682286,ok
2,True,123,8,0x0619d4d1900c2365,2858.577000,2982.655000,124.078000,2.682174,ok
2,True,124,8,0x0619d4d1900c2365,2862.545000,2988.437000,125.892000,2.676985,ok
2,True,125,8,0x0619d4d1900c2365,2862.544000,2988.270000,125.726000,2.677134,ok
2,True,126,8,0x0619d4d1900c2365,2867.704000,2992.282000,124.578000,2.673545,ok
2,True,127,8,0x0619d4d1900c2365,2867.703000,2992.448000,124.745000,2.673396,ok
2,True,128,8,0x0619d4d1900c2365,2873.009000,2996.029000,123.020000,2.670201,ok
2,True,129,8,0x0619d4d1900c2365,2873.008000,2995.882000,122.874000,2.670332,ok
2,True,130,8,0x0619d4d1900c2365,2877.128000,3000.688000,123.560000,2.666055,ok
2,True,131,8,0x0619d4d1900c2365,2877.691000,3000.704000,123.013000,2.666041,ok
2,True,132,8,0x0619d4d1900c2365,2880.993000,3007.871000,126.878000,2.659689,ok
2,True,133,8,0x0619d4d1900c2365,2880.991000,3007.973000,126.982000,2.659598,ok
2,True,134,8,0x0619d4d1900c2365,2890.411000,3016.361000,125.950000,2.652202,ok
2,True,135,8,0x0619d4d1900c2365,2890.410000,3016.161000,125.751000,2.652378,ok
2,True,136,8,0x0619d4d1900c2365,2895.571000,3020.743000,125.172000,2.648355,ok
2,True,137,8,0x0619d4d1900c2365,2894.436000,3019.780000,125.344000,2.649200,ok
2,True,138,8,0x0619d4d1900c2365,2899.137000,3025.521000,126.384000,2.644173,ok
2,True,139,8,0x0619d4d1900c2365,2899.423000,3025.654000,126.231000,2.644056,ok
2,True,140,8,0x0619d4d1900c2365,2907.354000,3031.955000,124.601000,2.638562,ok
2,True,141,8,0x0619d4d1900c2365,2907.221000,3032.110000,124.889000,2.638427,ok
2,True,142,8,0x0619d4d1900c2365,2907.451000,3030.119000,122.668000,2.640160,ok
2,True,143,8,0x0619d4d1900c2365,2907.450000,3030.243000,122.793000,2.640052,ok
2,True,144,8,0x0619d4d1900c2365,2911.962000,3038.139000,126.177000,2.633191,ok
2,True,145,8,0x0619d4d1900c2365,2910.394000,3037.029000,126.635000,2.634153,ok
2,True,146,8,0x0619d4d1900c2365,2912.232000,3034.732000,122.500000,2.636147,ok
2,True,147,8,0x0619d4d1900c2365,2910.953000,3033.453000,122.500000,2.637259,ok
2,True,148,8,0x0619d4d1900c2365,2910.583000,3036.211000,125.628000,2.634863,ok
2,True,149,8,0x0619d4d1900c2365,2910.106000,3036.058000,125.952000,2.634996,ok
2,True,150,8,0x0619d4d1900c2365,2908.194000,3034.342000,126.148000,2.636486,ok
2,True,151,8,0x0619d4d1900c2365,2908.354000,3034.490000,126.136000,2.636357,ok
2,True,152,8,0x0619d4d1900c2365,2909.438000,3034.258000,124.820000,2.636559,ok
2,True,153,8,0x0619d4d1900c2365,2908.156000,3033.154000,124.998000,2.637519,ok
2,True,154,8,0x0619d4d1900c2365,2908.184000,3035.635000,127.451000,2.635363,ok
2,True,155,8,0x0619d4d1900c2365,2908.367000,3035.959000,127.592000,2.635082,ok
2,True,156,8,0x0619d4d1900c2365,2909.919000,3033.283000,123.364000,2.637406,ok
2,True,157,8,0x0619d4d1900c2365,2910.170000,3033.445000,123.275000,2.637266,ok
2,True,158,8,0x0619d4d1900c2365,2909.541000,3032.090000,122.549000,2.638444,ok
2,True,159,8,0x0619d4d1900c2365,2909.816000,3032.402000,122.586000,2.638173,ok
2,True,160,8,0x0619d4d1900c2365,2908.444000,3032.995000,124.551000,2.637657,ok
2,True,161,8,0x0619d4d1900c2365,2908.794000,3033.140000,124.346000,2.637531,ok
2,True,162,8,0x0619d4d1900c2365,2910.505000,3034.578000,124.073000,2.636281,ok
2,True,163,8,0x0619d4d1900c2365,2910.505000,3034.577000,124.072000,2.636282,ok
2,True,164,8,0x0619d4d1900c2365,2906.092000,3028.016000,121.924000,2.641994,ok
2,True,165,8,0x0619d4d1900c2365,2906.090000,3027.865000,121.775000,2.642126,ok
2,True,166,8,0x0619d4d1900c2365,2901.100000,3025.483000,124.383000,2.644206,ok
2,True,167,8,0x0619d4d1900c2365,2901.116000,3025.357000,124.241000,2.644316,ok
2,True,168,8,0x0619d4d1900c2365,2900.678000,3028.795000,128.117000,2.641314,ok
2,True,169,8,0x0619d4d1900c2365,2900.676000,3028.648000,127.972000,2.641443,ok
2,True,170,8,0x0619d4d1900c2365,2904.855000,3027.910000,123.055000,2.642086,ok
2,True,171,8,0x0619d4d1900c2365,2903.585000,3026.655000,123.070000,2.643182,ok
2,True,172,8,0x0619d4d1900c2365,2900.914000,3024.157000,123.243000,2.645365,ok
2,True,173,8,0x0619d4d1900c2365,2900.931000,3024.155000,123.224000,2.645367,ok
2,True,174,8,0x0619d4d1900c2365,2901.344000,3035.643000,134.299000,2.635356,ok
2,True,175,8,0x0619d4d1900c2365,2905.309000,3037.555000,132.246000,2.633697,ok
2,True,176,8,0x0619d4d1900c2365,2910.387000,3042.509000,132.122000,2.629409,ok
2,True,177,8,0x0619d4d1900c2365,2911.395000,3042.836000,131.441000,2.629126,ok
2,True,178,8,0x0619d4d1900c2365,2920.115000,3048.057000,127.942000,2.624623,ok
2,True,179,8,0x0619d4d1900c2365,2921.340000,3048.055000,126.715000,2.624625,ok
2,True,180,8,0x0619d4d1900c2365,2921.746000,3047.697000,125.951000,2.624933,ok
2,True,181,8,0x0619d4d1900c2365,2921.745000,3047.785000,126.040000,2.624857,ok
2,True,182,8,0x0619d4d1900c2365,2924.185000,3048.472000,124.287000,2.624266,ok
2,True,183,8,0x0619d4d1900c2365,2924.185000,3048.471000,124.286000,2.624266,ok
2,True,184,8,0x0619d4d1900c2365,2926.481000,3054.469000,127.988000,2.619113,ok
2,True,185,8,0x0619d4d1900c2365,2924.586000,3053.066000,128.480000,2.620317,ok
2,True,186,8,0x0619d4d1900c2365,2929.998000,3056.154000,126.156000,2.617669,ok
2,True,187,8,0x0619d4d1900c2365,2928.715000,3054.871000,126.156000,2.618769,ok
2,True,188,8,0x0619d4d1900c2365,2933.245000,3055.949000,122.704000,2.617845,ok
2,True,189,8,0x0619d4d1900c2365,2933.244000,3055.918000,122.674000,2.617871,ok
2,True,190,8,0x0619d4d1900c2365,2934.420000,3057.611000,123.191000,2.616422,ok
2,True,191,8,0x0619d4d1900c2365,2934.418000,3057.463000,123.045000,2.616548,ok
2,True,192,8,0x0619d4d1900c2365,2932.939000,3058.246000,125.307000,2.615879,ok
2,True,193,8,0x0619d4d1900c2365,2932.981000,3058.398000,125.417000,2.615749,ok
2,True,194,8,0x0619d4d1900c2365,2935.200000,3060.089000,124.889000,2.614303,ok
2,True,195,8,0x0619d4d1900c2365,2935.199000,3060.250000,125.051000,2.614166,ok
2,True,196,8,0x0619d4d1900c2365,2940.324000,3062.973000,122.649000,2.611842,ok
2,True,197,8,0x0619d4d1900c2365,2940.324000,3063.138000,122.814000,2.611701,ok
2,True,198,8,0x0619d4d1900c2365,2939.675000,3061.254000,121.579000,2.613308,ok
2,True,199,8,0x0619d4d1900c2365,2939.680000,3061.119000,121.439000,2.613423,ok
3,True,0,8,0x0619d4d1900c2365,52.510000,137.290000,84.780000,58.270814,ok
3,True,1,8,0x0619d4d1900c2365,52.507000,137.347000,84.840000,58.246631,ok
3,True,2,8,0x0619d4d1900c2365,182.697000,270.705000,88.008000,29.552465,ok
3,True,3,8,0x0619d4d1900c2365,182.697000,270.703000,88.006000,29.552683,ok
3,True,4,8,0x0619d4d1900c2365,318.897000,412.177000,93.280000,19.409137,ok
3,True,5,8,0x0619d4d1900c2365,318.897000,412.177000,93.280000,19.409137,ok
3,True,6,8,0x0619d4d1900c2365,463.773000,567.418000,103.645000,14.098954,ok
3,True,7,8,0x0619d4d1900c2365,463.773000,567.302000,103.529000,14.101836,ok
3,True,8,8,0x0619d4d1900c2365,621.446000,726.083000,104.637000,11.018024,ok
3,True,9,8,0x0619d4d1900c2365,621.446000,725.982000,104.536000,11.019557,ok
3,True,10,8,0x0619d4d1900c2365,781.421000,904.656000,123.235000,8.843140,ok
3,True,11,8,0x0619d4d1900c2365,781.421000,906.337000,124.916000,8.826739,ok
3,True,12,8,0x0619d4d1900c2365,965.179000,1081.715000,116.536000,7.395663,ok
3,True,13,8,0x0619d4d1900c2365,966.042000,1086.064000,120.022000,7.366048,ok
3,True,14,8,0x0619d4d1900c2365,1147.951000,1276.707000,128.756000,6.266121,ok
3,True,15,8,0x0619d4d1900c2365,1147.439000,1276.517000,129.078000,6.267053,ok
3,True,16,8,0x0619d4d1900c2365,1332.277000,1447.267000,114.990000,5.527660,ok
3,True,17,8,0x0619d4d1900c2365,1332.377000,1447.267000,114.890000,5.527660,ok
3,True,18,8,0x0619d4d1900c2365,1507.561000,1626.902000,119.341000,4.917321,ok
3,True,19,8,0x0619d4d1900c2365,1507.561000,1626.773000,119.212000,4.917711,ok
3,True,20,8,0x0619d4d1900c2365,1689.276000,1805.106000,115.830000,4.431873,ok
3,True,21,8,0x0619d4d1900c2365,1689.276000,1805.233000,115.957000,4.431561,ok
3,True,22,8,0x0619d4d1900c2365,1867.709000,1981.634000,113.925000,4.037072,ok
3,True,23,8,0x0619d4d1900c2365,1867.709000,1981.634000,113.925000,4.037072,ok
3,True,24,8,0x0619d4d1900c2365,2044.272000,2165.602000,121.330000,3.694123,ok
3,True,25,8,0x0619d4d1900c2365,2044.272000,2165.434000,121.162000,3.694410,ok
3,True,26,8,0x0619d4d1900c2365,2227.566000,2344.255000,116.689000,3.412598,ok
3,True,27,8,0x0619d4d1900c2365,2227.566000,2344.386000,116.820000,3.412407,ok
3,True,28,8,0x0619d4d1900c2365,2406.411000,2523.740000,117.329000,3.169899,ok
3,True,29,8,0x0619d4d1900c2365,2406.411000,2523.613000,117.202000,3.170058,ok
3,True,30,8,0x0619d4d1900c2365,2585.872000,2707.608000,121.736000,2.954637,ok
3,True,31,8,0x0619d4d1900c2365,2585.743000,2707.446000,121.703000,2.954814,ok
3,True,32,8,0x0619d4d1900c2365,2633.513000,2757.022000,123.509000,2.901682,ok
3,True,33,8,0x0619d4d1900c2365,2633.512000,2756.879000,123.367000,2.901832,ok
3,True,34,8,0x0619d4d1900c2365,2687.081000,2812.824000,125.743000,2.844117,ok
3,True,35,8,0x0619d4d1900c2365,2687.003000,2812.973000,125.970000,2.843966,ok
3,True,36,8,0x0619d4d1900c2365,2737.115000,2862.246000,125.131000,2.795008,ok
3,True,37,8,0x0619d4d1900c2365,2737.271000,2862.404000,125.133000,2.794854,ok
3,True,38,8,0x0619d4d1900c2365,2772.381000,2895.606000,123.225000,2.762807,ok
3,True,39,8,0x0619d4d1900c2365,2772.379000,2895.746000,123.367000,2.762673,ok
3,True,40,8,0x0619d4d1900c2365,2803.871000,2926.972000,123.101000,2.733200,ok
3,True,41,8,0x0619d4d1900c2365,2803.872000,2926.818000,122.946000,2.733344,ok
3,True,42,8,0x0619d4d1900c2365,2813.900000,2939.817000,125.917000,2.721258,ok
3,True,43,8,0x0619d4d1900c2365,2811.359000,2937.558000,126.199000,2.723350,ok
3,True,44,8,0x0619d4d1900c2365,2827.996000,2956.223000,128.227000,2.706156,ok
3,True,45,8,0x0619d4d1900c2365,2823.906000,2952.274000,128.368000,2.709776,ok
3,True,46,8,0x0619d4d1900c2365,2828.901000,2954.512000,125.611000,2.707723,ok
3,True,47,8,0x0619d4d1900c2365,2828.895000,2954.507000,125.612000,2.707728,ok
3,True,48,8,0x0619d4d1900c2365,2852.257000,2975.440000,123.183000,2.688678,ok
3,True,49,8,0x0619d4d1900c2365,2852.256000,2975.439000,123.183000,2.688679,ok
3,True,50,8,0x0619d4d1900c2365,2861.211000,2986.660000,125.449000,2.678577,ok
3,True,51,8,0x0619d4d1900c2365,2861.209000,2986.801000,125.592000,2.678451,ok
3,True,52,8,0x0619d4d1900c2365,2874.734000,3001.121000,126.387000,2.665671,ok
3,True,53,8,0x0619d4d1900c2365,2874.734000,3001.286000,126.552000,2.665524,ok
3,True,54,8,0x0619d4d1900c2365,2892.226000,3015.256000,123.030000,2.653174,ok
3,True,55,8,0x0619d4d1900c2365,2892.225000,3015.227000,123.002000,2.653200,ok
3,True,56,8,0x0619d4d1900c2365,2895.518000,3022.342000,126.824000,2.646954,ok
3,True,57,8,0x0619d4d1900c2365,2895.646000,3023.362000,127.716000,2.646061,ok
3,True,58,8,0x0619d4d1900c2365,2909.427000,3036.806000,127.379000,2.634347,ok
3,True,59,8,0x0619d4d1900c2365,2910.307000,3036.943000,126.636000,2.634228,ok
3,True,60,8,0x0619d4d1900c2365,2924.352000,3051.365000,127.013000,2.621777,ok
3,True,61,8,0x0619d4d1900c2365,2924.511000,3051.525000,127.014000,2.621640,ok
3,True,62,8,0x0619d4d1900c2365,2933.654000,3059.523000,125.869000,2.614787,ok
3,True,63,8,0x0619d4d1900c2365,2933.654000,3059.679000,126.025000,2.614653,ok
3,True,64,8,0x0619d4d1900c2365,2936.331000,3060.408000,124.077000,2.614031,ok
3,True,65,8,0x0619d4d1900c2365,2936.464000,3060.406000,123.942000,2.614032,ok
3,True,66,8,0x0619d4d1900c2365,2936.436000,3062.081000,125.645000,2.612602,ok
3,True,67,8,0x0619d4d1900c2365,2936.435000,3062.246000,125.811000,2.612462,ok
3,True,68,8,0x0619d4d1900c2365,2937.454000,3061.009000,123.555000,2.613517,ok
3,True,69,8,0x0619d4d1900c2365,2937.453000,3061.170000,123.717000,2.613380,ok
3,True,70,8,0x0619d4d1900c2365,2937.193000,3059.587000,122.394000,2.614732,ok
3,True,71,8,0x0619d4d1900c2365,2937.193000,3059.587000,122.394000,2.614732,ok
3,True,72,8,0x0619d4d1900c2365,2935.935000,3061.539000,125.604000,2.613065,ok
3,True,73,8,0x0619d4d1900c2365,2935.934000,3061.401000,125.467000,2.613183,ok
3,True,74,8,0x0619d4d1900c2365,2935.244000,3057.566000,122.322000,2.616460,ok
3,True,75,8,0x0619d4d1900c2365,2935.243000,3057.565000,122.322000,2.616461,ok
3,True,76,8,0x0619d4d1900c2365,2929.488000,3050.321000,120.833000,2.622675,ok
3,True,77,8,0x0619d4d1900c2365,2929.502000,3050.320000,120.818000,2.622676,ok
3,True,78,8,0x0619d4d1900c2365,2923.025000,3044.350000,121.325000,2.627819,ok
3,True,79,8,0x0619d4d1900c2365,2923.028000,3044.348000,121.320000,2.627820,ok
3,True,80,8,0x0619d4d1900c2365,2916.816000,3045.732000,128.916000,2.626626,ok
3,True,81,8,0x0619d4d1900c2365,2917.316000,3045.942000,128.626000,2.626445,ok
3,True,82,8,0x0619d4d1900c2365,2919.020000,3046.283000,127.263000,2.626151,ok
3,True,83,8,0x0619d4d1900c2365,2919.539000,3046.459000,126.920000,2.626000,ok
3,True,84,8,0x0619d4d1900c2365,2917.872000,3042.941000,125.069000,2.629036,ok
3,True,85,8,0x0619d4d1900c2365,2918.014000,3043.103000,125.089000,2.628896,ok
3,True,86,8,0x0619d4d1900c2365,2916.937000,3042.318000,125.381000,2.629574,ok
3,True,87,8,0x0619d4d1900c2365,2916.816000,3042.170000,125.354000,2.629702,ok
3,True,88,8,0x0619d4d1900c2365,2916.322000,3043.021000,126.699000,2.628966,ok
3,True,89,8,0x0619d4d1900c2365,2916.323000,3043.174000,126.851000,2.628834,ok
3,True,90,8,0x0619d4d1900c2365,2915.263000,3041.875000,126.612000,2.629957,ok
3,True,91,8,0x0619d4d1900c2365,2915.263000,3042.048000,126.785000,2.629807,ok
3,True,92,8,0x0619d4d1900c2365,2912.718000,3039.408000,126.690000,2.632092,ok
3,True,93,8,0x0619d4d1900c2365,2912.622000,3039.241000,126.619000,2.632236,ok
3,True,94,8,0x0619d4d1900c2365,2913.214000,3037.651000,124.437000,2.633614,ok
3,True,95,8,0x0619d4d1900c2365,2913.212000,3037.488000,124.276000,2.633755,ok
3,True,96,8,0x0619d4d1900c2365,2913.466000,3037.687000,124.221000,2.633583,ok
3,True,97,8,0x0619d4d1900c2365,2913.466000,3037.843000,124.377000,2.633447,ok
3,True,98,8,0x0619d4d1900c2365,2911.487000,3037.517000,126.030000,2.633730,ok
3,True,99,8,0x0619d4d1900c2365,2911.612000,3037.720000,126.108000,2.633554,ok
3,True,100,8,0x0619d4d1900c2365,2914.168000,3037.574000,123.406000,2.633681,ok
3,True,101,8,0x0619d4d1900c2365,2914.166000,3037.745000,123.579000,2.633532,ok
3,True,102,8,0x0619d4d1900c2365,2915.377000,3041.850000,126.473000,2.629978,ok
3,True,103,8,0x0619d4d1900c2365,2915.750000,3042.008000,126.258000,2.629842,ok
3,True,104,8,0x0619d4d1900c2365,2914.772000,3038.445000,123.673000,2.632926,ok
3,True,105,8,0x0619d4d1900c2365,2914.771000,3038.445000,123.674000,2.632926,ok
3,True,106,8,0x0619d4d1900c2365,2917.068000,3038.697000,121.629000,2.632707,ok
3,True,107,8,0x0619d4d1900c2365,2917.067000,3038.696000,121.629000,2.632708,ok
3,True,108,8,0x0619d4d1900c2365,2916.874000,3040.971000,124.097000,2.630739,ok
3,True,109,8,0x0619d4d1900c2365,2916.877000,3041.104000,124.227000,2.630624,ok
3,True,110,8,0x0619d4d1900c2365,2921.587000,3043.716000,122.129000,2.628366,ok
3,True,111,8,0x0619d4d1900c2365,2921.584000,3043.714000,122.130000,2.628368,ok
3,True,112,8,0x0619d4d1900c2365,2915.096000,3040.745000,125.649000,2.630934,ok
3,True,113,8,0x0619d4d1900c2365,2914.974000,3040.582000,125.608000,2.631075,ok
3,True,114,8,0x0619d4d1900c2365,2913.098000,3039.078000,125.980000,2.632377,ok
3,True,115,8,0x0619d4d1900c2365,2913.213000,3039.241000,126.028000,2.632236,ok
3,True,116,8,0x0619d4d1900c2365,2915.143000,3039.783000,124.640000,2.631767,ok
3,True,117,8,0x0619d4d1900c2365,2915.227000,3039.948000,124.721000,2.631624,ok
3,True,118,8,0x0619d4d1900c2365,2914.612000,3036.872000,122.260000,2.634289,ok
3,True,119,8,0x0619d4d1900c2365,2914.611000,3036.870000,122.259000,2.634291,ok
3,True,120,8,0x0619d4d1900c2365,2910.780000,3034.046000,123.266000,2.636743,ok
3,True,121,8,0x0619d4d1900c2365,2910.778000,3034.203000,123.425000,2.636607,ok
3,True,122,8,0x0619d4d1900c2365,2907.305000,3030.303000,122.998000,2.640000,ok
3,True,123,8,0x0619d4d1900c2365,2907.303000,3030.450000,123.147000,2.639872,ok
3,True,124,8,0x0619d4d1900c2365,2904.465000,3028.432000,123.967000,2.641631,ok
3,True,125,8,0x0619d4d1900c2365,2904.690000,3028.430000,123.740000,2.641633,ok
3,True,126,8,0x0619d4d1900c2365,2903.927000,3026.790000,122.863000,2.643064,ok
3,True,127,8,0x0619d4d1900c2365,2903.926000,3026.660000,122.734000,2.643178,ok
3,True,128,8,0x0619d4d1900c2365,2902.027000,3024.002000,121.975000,2.645501,ok
3,True,129,8,0x0619d4d1900c2365,2902.027000,3024.001000,121.974000,2.645502,ok
3,True,130,8,0x0619d4d1900c2365,2899.619000,3020.014000,120.395000,2.648994,ok
3,True,131,8,0x0619d4d1900c2365,2899.616000,3020.012000,120.396000,2.648996,ok
3,True,132,8,0x0619d4d1900c2365,2896.265000,3017.784000,121.519000,2.650952,ok
3,True,133,8,0x0619d4d1900c2365,2896.264000,3017.783000,121.519000,2.650953,ok
3,True,134,8,0x0619d4d1900c2365,2891.751000,3013.563000,121.812000,2.654665,ok
3,True,135,8,0x0619d4d1900c2365,2890.533000,3012.233000,121.700000,2.655837,ok
3,True,136,8,0x0619d4d1900c2365,2889.311000,3010.601000,121.290000,2.657277,ok
3,True,137,8,0x0619d4d1900c2365,2889.309000,3010.591000,121.282000,2.657286,ok
3,True,138,8,0x0619d4d1900c2365,2887.141000,3008.767000,121.626000,2.658896,ok
3,True,139,8,0x0619d4d1900c2365,2887.139000,3008.766000,121.627000,2.658897,ok
3,True,140,8,0x0619d4d1900c2365,2883.469000,3007.014000,123.545000,2.660447,ok
3,True,141,8,0x0619d4d1900c2365,2883.468000,3006.880000,123.412000,2.660565,ok
3,True,142,8,0x0619d4d1900c2365,2882.829000,3004.189000,121.360000,2.662948,ok
3,True,143,8,0x0619d4d1900c2365,2882.723000,3004.187000,121.464000,2.662950,ok
3,True,144,8,0x0619d4d1900c2365,2878.117000,3001.640000,123.523000,2.665210,ok
3,True,145,8,0x0619d4d1900c2365,2878.116000,3001.756000,123.640000,2.665107,ok
3,True,146,8,0x0619d4d1900c2365,2874.143000,2998.082000,123.939000,2.668373,ok
3,True,147,8,0x0619d4d1900c2365,2874.142000,2998.219000,124.077000,2.668251,ok
3,True,148,8,0x0619d4d1900c2365,2873.225000,2995.162000,121.937000,2.670974,ok
3,True,149,8,0x0619d4d1900c2365,2873.223000,2995.025000,121.802000,2.671096,ok
3,True,150,8,0x0619d4d1900c2365,2873.543000,2995.264000,121.721000,2.670883,ok
3,True,151,8,0x0619d4d1900c2365,2873.541000,2995.464000,121.923000,2.670705,ok
3,True,152,8,0x0619d4d1900c2365,2870.220000,2991.936000,121.716000,2.673854,ok
3,True,153,8,0x0619d4d1900c2365,2870.220000,2991.779000,121.559000,2.673994,ok
3,True,154,8,0x0619d4d1900c2365,2867.057000,2988.674000,121.617000,2.676772,ok
3,True,155,8,0x0619d4d1900c2365,2867.056000,2988.674000,121.618000,2.676772,ok
3,True,156,8,0x0619d4d1900c2365,2862.860000,2986.701000,123.841000,2.678541,ok
3,True,157,8,0x0619d4d1900c2365,2862.803000,2986.564000,123.761000,2.678664,ok
3,True,158,8,0x0619d4d1900c2365,2863.758000,2988.043000,124.285000,2.677338,ok
3,True,159,8,0x0619d4d1900c2365,2863.605000,2987.894000,124.289000,2.677471,ok
3,True,160,8,0x0619d4d1900c2365,2865.409000,2988.611000,123.202000,2.676829,ok
3,True,161,8,0x0619d4d1900c2365,2865.411000,2988.791000,123.380000,2.676668,ok
3,True,162,8,0x0619d4d1900c2365,2865.962000,2986.429000,120.467000,2.678785,ok
3,True,163,8,0x0619d4d1900c2365,2865.958000,2986.321000,120.363000,2.678881,ok
3,True,164,8,0x0619d4d1900c2365,2864.636000,2988.559000,123.923000,2.676875,ok
3,True,165,8,0x0619d4d1900c2365,2864.633000,2988.689000,124.056000,2.676759,ok
3,True,166,8,0x0619d4d1900c2365,2865.522000,2986.768000,121.246000,2.678481,ok
3,True,167,8,0x0619d4d1900c2365,2865.522000,2986.767000,121.245000,2.678481,ok
3,True,168,8,0x0619d4d1900c2365,2865.858000,2988.893000,123.035000,2.676576,ok
3,True,169,8,0x0619d4d1900c2365,2865.856000,2988.761000,122.905000,2.676694,ok
3,True,170,8,0x0619d4d1900c2365,2867.226000,2992.257000,125.031000,2.673567,ok
3,True,171,8,0x0619d4d1900c2365,2867.691000,2992.375000,124.684000,2.673462,ok
3,True,172,8,0x0619d4d1900c2365,2870.985000,2992.870000,121.885000,2.673020,ok
3,True,173,8,0x0619d4d1900c2365,2870.987000,2993.011000,122.024000,2.672894,ok
3,True,174,8,0x0619d4d1900c2365,2871.498000,2995.730000,124.232000,2.670468,ok
3,True,175,8,0x0619d4d1900c2365,2871.496000,2995.696000,124.200000,2.670498,ok
3,True,176,8,0x0619d4d1900c2365,2873.847000,2995.765000,121.918000,2.670436,ok
3,True,177,8,0x0619d4d1900c2365,2873.845000,2995.917000,122.072000,2.670301,ok
3,True,178,8,0x0619d4d1900c2365,2871.853000,2998.254000,126.401000,2.668220,ok
3,True,179,8,0x0619d4d1900c2365,2871.851000,2997.967000,126.116000,2.668475,ok
3,True,180,8,0x0619d4d1900c2365,2877.937000,3006.768000,128.831000,2.660664,ok
3,True,181,8,0x0619d4d1900c2365,2876.897000,3006.766000,129.869000,2.660666,ok
3,True,182,8,0x0619d4d1900c2365,2886.090000,3010.930000,124.840000,2.656986,ok
3,True,183,8,0x0619d4d1900c2365,2886.157000,3010.785000,124.628000,2.657114,ok
3,True,184,8,0x0619d4d1900c2365,2890.403000,3013.762000,123.359000,2.654490,ok
3,True,185,8,0x0619d4d1900c2365,2890.403000,3013.762000,123.359000,2.654490,ok
3,True,186,8,0x0619d4d1900c2365,2893.372000,3022.579000,129.207000,2.646746,ok
3,True,187,8,0x0619d4d1900c2365,2893.223000,3022.744000,129.521000,2.646602,ok
3,True,188,8,0x0619d4d1900c2365,2902.862000,3029.508000,126.646000,2.640693,ok
3,True,189,8,0x0619d4d1900c2365,2902.859000,3029.633000,126.774000,2.640584,ok
3,True,190,8,0x0619d4d1900c2365,2907.115000,3033.333000,126.218000,2.637363,ok
3,True,191,8,0x0619d4d1900c2365,2906.950000,3033.489000,126.539000,2.637227,ok
3,True,192,8,0x0619d4d1900c2365,2911.874000,3041.107000,129.233000,2.630621,ok
3,True,193,8,0x0619d4d1900c2365,2912.987000,3041.106000,128.119000,2.630622,ok
3,True,194,8,0x0619d4d1900c2365,2923.780000,3049.781000,126.001000,2.623139,ok
3,True,195,8,0x0619d4d1900c2365,2923.778000,3049.610000,125.832000,2.623286,ok
3,True,196,8,0x0619d4d1900c2365,2926.283000,3051.656000,125.373000,2.621527,ok
3,True,197,8,0x0619d4d1900c2365,2926.282000,3051.505000,125.223000,2.621657,ok
3,True,198,8,0x0619d4d1900c2365,2932.382000,3058.997000,126.615000,2.615236,ok
3,True,199,8,0x0619d4d1900c2365,2932.473000,3059.217000,126.744000,2.615048,ok
4,True,0,8,0x0619d4d1900c2365,52.714000,141.750000,89.036000,56.437390,ok
4,True,1,8,0x0619d4d1900c2365,52.712000,141.748000,89.036000,56.438186,ok
4,True,2,8,0x0619d4d1900c2365,192.215000,285.144000,92.929000,28.056000,ok
4,True,3,8,0x0619d4d1900c2365,192.141000,285.144000,93.003000,28.056000,ok
4,True,4,8,0x0619d4d1900c2365,336.540000,431.700000,95.160000,18.531388,ok
4,True,5,8,0x0619d4d1900c2365,336.539000,431.700000,95.161000,18.531388,ok
4,True,6,8,0x0619d4d1900c2365,483.629000,579.470000,95.841000,13.805719,ok
4,True,7,8,0x0619d4d1900c2365,483.629000,579.471000,95.842000,13.805695,ok
4,True,8,8,0x0619d4d1900c2365,632.619000,739.305000,106.686000,10.820974,ok
4,True,9,8,0x0619d4d1900c2365,632.619000,739.968000,107.349000,10.811278,ok
4,True,10,8,0x0619d4d1900c2365,792.638000,892.142000,99.504000,8.967182,ok
4,True,11,8,0x0619d4d1900c2365,793.290000,892.142000,98.852000,8.967182,ok
4,True,12,8,0x0619d4d1900c2365,946.143000,1047.669000,101.526000,7.636000,ok
4,True,13,8,0x0619d4d1900c2365,946.143000,1047.771000,101.628000,7.635256,ok
4,True,14,8,0x0619d4d1900c2365,1100.716000,1201.260000,100.544000,6.659674,ok
4,True,15,8,0x0619d4d1900c2365,1101.039000,1201.382000,100.343000,6.658998,ok
4,True,16,8,0x0619d4d1900c2365,1254.554000,1353.164000,98.610000,5.912070,ok
4,True,17,8,0x0619d4d1900c2365,1254.554000,1353.165000,98.611000,5.912065,ok
4,True,18,8,0x0619d4d1900c2365,1407.483000,1506.125000,98.642000,5.311644,ok
4,True,19,8,0x0619d4d1900c2365,1407.483000,1506.126000,98.643000,5.311641,ok
4,True,20,8,0x0619d4d1900c2365,1560.369000,1666.828000,106.459000,4.799535,ok
4,True,21,8,0x0619d4d1900c2365,1560.368000,1666.223000,105.855000,4.801278,ok
4,True,22,8,0x0619d4d1900c2365,1719.842000,1821.403000,101.561000,4.392219,ok
4,True,23,8,0x0619d4d1900c2365,1720.201000,1821.314000,101.113000,4.392433,ok
4,True,24,8,0x0619d4d1900c2365,1875.422000,1975.675000,100.253000,4.049249,ok
4,True,25,8,0x0619d4d1900c2365,1875.423000,1975.674000,100.251000,4.049251,ok
4,True,26,8,0x0619d4d1900c2365,2030.188000,2131.310000,101.122000,3.753560,ok
4,True,27,8,0x0619d4d1900c2365,2030.289000,2131.310000,101.021000,3.753560,ok
4,True,28,8,0x0619d4d1900c2365,2185.960000,2287.894000,101.934000,3.496665,ok
4,True,29,8,0x0619d4d1900c2365,2185.960000,2288.010000,102.050000,3.496488,ok
4,True,30,8,0x0619d4d1900c2365,2341.935000,2442.763000,100.828000,3.274980,ok
4,True,31,8,0x0619d4d1900c2365,2341.935000,2442.670000,100.735000,3.275105,ok
4,True,32,8,0x0619d4d1900c2365,2354.733000,2459.009000,104.276000,3.253343,ok
4,True,33,8,0x0619d4d1900c2365,2354.732000,2459.006000,104.274000,3.253347,ok
4,True,34,8,0x0619d4d1900c2365,2369.985000,2470.941000,100.956000,3.237633,ok
4,True,35,8,0x0619d4d1900c2365,2369.983000,2470.940000,100.957000,3.237634,ok
4,True,36,8,0x0619d4d1900c2365,2379.084000,2481.328000,102.244000,3.224080,ok
4,True,37,8,0x0619d4d1900c2365,2379.178000,2481.326000,102.148000,3.224083,ok
4,True,38,8,0x0619d4d1900c2365,2389.277000,2495.243000,105.966000,3.206101,ok
4,True,39,8,0x0619d4d1900c2365,2389.277000,2495.242000,105.965000,3.206102,ok
4,True,40,8,0x0619d4d1900c2365,2390.363000,2496.600000,106.237000,3.204358,ok
4,True,41,8,0x0619d4d1900c2365,2389.077000,2495.806000,106.729000,3.205377,ok
4,True,42,8,0x0619d4d1900c2365,2399.941000,2503.900000,103.959000,3.195016,ok
4,True,43,8,0x0619d4d1900c2365,2400.052000,2503.899000,103.847000,3.195017,ok
4,True,44,8,0x0619d4d1900c2365,2402.659000,2503.530000,100.871000,3.195488,ok
4,True,45,8,0x0619d4d1900c2365,2402.658000,2503.528000,100.870000,3.195491,ok
4,True,46,8,0x0619d4d1900c2365,2404.517000,2510.091000,105.574000,3.187135,ok
4,True,47,8,0x0619d4d1900c2365,2404.412000,2510.090000,105.678000,3.187137,ok
4,True,48,8,0x0619d4d1900c2365,2414.073000,2524.088000,110.015000,3.169462,ok
4,True,49,8,0x0619d4d1900c2365,2414.610000,2524.087000,109.477000,3.169463,ok
4,True,50,8,0x0619d4d1900c2365,2425.841000,2528.361000,102.520000,3.164105,ok
4,True,51,8,0x0619d4d1900c2365,2425.846000,2528.360000,102.514000,3.164106,ok
4,True,52,8,0x0619d4d1900c2365,2423.827000,2527.013000,103.186000,3.165793,ok
4,True,53,8,0x0619d4d1900c2365,2423.826000,2527.012000,103.186000,3.165794,ok
4,True,54,8,0x0619d4d1900c2365,2428.403000,2538.375000,109.972000,3.151623,ok
4,True,55,8,0x0619d4d1900c2365,2428.399000,2538.272000,109.873000,3.151750,ok
4,True,56,8,0x0619d4d1900c2365,2440.852000,2549.548000,108.696000,3.137811,ok
4,True,57,8,0x0619d4d1900c2365,2440.957000,2549.450000,108.493000,3.137932,ok
4,True,58,8,0x0619d4d1900c2365,2449.914000,2553.176000,103.262000,3.133352,ok
4,True,59,8,0x0619d4d1900c2365,2449.913000,2553.092000,103.179000,3.133455,ok
4,True,60,8,0x0619d4d1900c2365,2451.973000,2554.507000,102.534000,3.131720,ok
4,True,61,8,0x0619d4d1900c2365,2451.971000,2554.505000,102.534000,3.131722,ok
4,True,62,8,0x0619d4d1900c2365,2455.805000,2569.650000,113.845000,3.113264,ok
4,True,63,8,0x0619d4d1900c2365,2455.707000,2569.538000,113.831000,3.113400,ok
4,True,64,8,0x0619d4d1900c2365,2467.680000,2579.820000,112.140000,3.100992,ok
4,True,65,8,0x0619d4d1900c2365,2467.680000,2579.951000,112.271000,3.100834,ok
4,True,66,8,0x0619d4d1900c2365,2479.481000,2588.330000,108.849000,3.090796,ok
4,True,67,8,0x0619d4d1900c2365,2479.479000,2588.328000,108.849000,3.090798,ok
4,True,68,8,0x0619d4d1900c2365,2488.305000,2602.423000,114.118000,3.074058,ok
4,True,69,8,0x0619d4d1900c2365,2488.498000,2602.422000,113.924000,3.074059,ok
4,True,70,8,0x0619d4d1900c2365,2501.272000,2611.518000,110.246000,3.063352,ok
4,True,71,8,0x0619d4d1900c2365,2501.270000,2611.516000,110.246000,3.063355,ok
4,True,72,8,0x0619d4d1900c2365,2507.219000,2617.389000,110.170000,3.056481,ok
4,True,73,8,0x0619d4d1900c2365,2507.221000,2617.388000,110.167000,3.056482,ok
4,True,74,8,0x0619d4d1900c2365,2515.995000,2633.449000,117.454000,3.037841,ok
4,True,75,8,0x0619d4d1900c2365,2516.095000,2633.556000,117.461000,3.037718,ok
4,True,76,8,0x0619d4d1900c2365,2538.455000,2666.972000,128.517000,2.999657,ok
4,True,77,8,0x0619d4d1900c2365,2538.679000,2666.924000,128.245000,2.999711,ok
4,True,78,8,0x0619d4d1900c2365,2565.788000,2682.278000,116.490000,2.982539,ok
4,True,79,8,0x0619d4d1900c2365,2565.498000,2682.387000,116.889000,2.982418,ok
4,True,80,8,0x0619d4d1900c2365,2575.201000,2689.095000,113.894000,2.974979,ok
4,True,81,8,0x0619d4d1900c2365,2575.200000,2688.992000,113.792000,2.975093,ok
4,True,82,8,0x0619d4d1900c2365,2589.758000,2705.050000,115.292000,2.957431,ok
4,True,83,8,0x0619d4d1900c2365,2589.757000,2705.161000,115.404000,2.957310,ok
4,True,84,8,0x0619d4d1900c2365,2604.636000,2715.929000,111.293000,2.945585,ok
4,True,85,8,0x0619d4d1900c2365,2604.635000,2715.932000,111.297000,2.945582,ok
4,True,86,8,0x0619d4d1900c2365,2607.798000,2719.336000,111.538000,2.941895,ok
4,True,87,8,0x0619d4d1900c2365,2607.753000,2719.335000,111.582000,2.941896,ok
4,True,88,8,0x0619d4d1900c2365,2612.889000,2729.640000,116.751000,2.930789,ok
4,True,89,8,0x0619d4d1900c2365,2613.002000,2729.805000,116.803000,2.930612,ok
4,True,90,8,0x0619d4d1900c2365,2628.529000,2743.383000,114.854000,2.916108,ok
4,True,91,8,0x0619d4d1900c2365,2628.529000,2743.251000,114.722000,2.916248,ok
4,True,92,8,0x0619d4d1900c2365,2644.407000,2759.158000,114.751000,2.899435,ok
4,True,93,8,0x0619d4d1900c2365,2643.879000,2759.323000,115.444000,2.899262,ok
4,True,94,8,0x0619d4d1900c2365,2646.952000,2758.250000,111.298000,2.900390,ok
4,True,95,8,0x0619d4d1900c2365,2646.951000,2758.355000,111.404000,2.900279,ok
4,True,96,8,0x0619d4d1900c2365,2648.899000,2759.019000,110.120000,2.899581,ok
4,True,97,8,0x0619d4d1900c2365,2648.899000,2759.019000,110.120000,2.899581,ok
4,True,98,8,0x0619d4d1900c2365,2651.761000,2766.218000,114.457000,2.892035,ok
4,True,99,8,0x0619d4d1900c2365,2651.660000,2766.103000,114.443000,2.892155,ok
4,True,100,8,0x0619d4d1900c2365,2651.984000,2764.713000,112.729000,2.893610,ok
4,True,101,8,0x0619d4d1900c2365,2652.076000,2764.713000,112.637000,2.893610,ok
4,True,102,8,0x0619d4d1900c2365,2653.246000,2767.822000,114.576000,2.890359,ok
4,True,103,8,0x0619d4d1900c2365,2653.242000,2767.702000,114.460000,2.890485,ok
4,True,104,8,0x0619d4d1900c2365,2656.992000,2768.940000,111.948000,2.889192,ok
4,True,105,8,0x0619d4d1900c2365,2656.990000,2768.810000,111.820000,2.889328,ok
4,True,106,8,0x0619d4d1900c2365,2650.146000,2761.193000,111.047000,2.897298,ok
4,True,107,8,0x0619d4d1900c2365,2650.148000,2761.318000,111.170000,2.897167,ok
4,True,108,8,0x0619d4d1900c2365,2630.087000,2738.788000,108.701000,2.921000,ok
4,True,109,8,0x0619d4d1900c2365,2630.087000,2738.787000,108.700000,2.921001,ok
4,True,110,8,0x0619d4d1900c2365,2621.600000,2730.317000,108.717000,2.930063,ok
4,True,111,8,0x0619d4d1900c2365,2621.598000,2730.316000,108.718000,2.930064,ok
4,True,112,8,0x0619d4d1900c2365,2615.525000,2728.656000,113.131000,2.931846,ok
4,True,113,8,0x0619d4d1900c2365,2615.392000,2728.542000,113.150000,2.931969,ok
4,True,114,8,0x0619d4d1900c2365,2611.761000,2721.092000,109.331000,2.939996,ok
4,True,115,8,0x0619d4d1900c2365,2611.790000,2721.091000,109.301000,2.939997,ok
4,True,116,8,0x0619d4d1900c2365,2609.852000,2724.913000,115.061000,2.935874,ok
4,True,117,8,0x0619d4d1900c2365,2609.853000,2725.277000,115.424000,2.935481,ok
4,True,118,8,0x0619d4d1900c2365,2609.964000,2723.386000,113.422000,2.937520,ok
4,True,119,8,0x0619d4d1900c2365,2610.194000,2723.523000,113.329000,2.937372,ok
4,True,120,8,0x0619d4d1900c2365,2605.392000,2713.760000,108.368000,2.947939,ok
4,True,121,8,0x0619d4d1900c2365,2604.108000,2712.475000,108.367000,2.949336,ok
4,True,122,8,0x0619d4d1900c2365,2597.548000,2704.989000,107.441000,2.957498,ok
4,True,123,8,0x0619d4d1900c2365,2597.546000,2704.988000,107.442000,2.957499,ok
4,True,124,8,0x0619d4d1900c2365,2588.382000,2701.727000,113.345000,2.961069,ok
4,True,125,8,0x0619d4d1900c2365,2588.380000,2701.847000,113.467000,2.960937,ok
4,True,126,8,0x0619d4d1900c2365,2589.409000,2701.080000,111.671000,2.961778,ok
4,True,127,8,0x0619d4d1900c2365,2589.408000,2701.193000,111.785000,2.961654,ok
4,True,128,8,0x0619d4d1900c2365,2587.754000,2696.537000,108.783000,2.966768,ok
4,True,129,8,0x0619d4d1900c2365,2587.752000,2696.515000,108.763000,2.966792,ok
4,True,130,8,0x0619d4d1900c2365,2581.608000,2689.827000,108.219000,2.974169,ok
4,True,131,8,0x0619d4d1900c2365,2581.608000,2689.826000,108.218000,2.974170,ok
4,True,132,8,0x0619d4d1900c2365,2576.257000,2684.051000,107.794000,2.980569,ok
4,True,133,8,0x0619d4d1900c2365,2576.256000,2684.050000,107.794000,2.980570,ok
4,True,134,8,0x0619d4d1900c2365,2567.512000,2679.955000,112.443000,2.985125,ok
4,True,135,8,0x0619d4d1900c2365,2567.398000,2679.840000,112.442000,2.985253,ok
4,True,136,8,0x0619d4d1900c2365,2565.912000,2677.196000,111.284000,2.988201,ok
4,True,137,8,0x0619d4d1900c2365,2566.024000,2677.194000,111.170000,2.988203,ok
4,True,138,8,0x0619d4d1900c2365,2569.390000,2683.038000,113.648000,2.981695,ok
4,True,139,8,0x0619d4d1900c2365,2568.196000,2681.624000,113.428000,2.983267,ok
4,True,140,8,0x0619d4d1900c2365,2573.164000,2682.838000,109.674000,2.981917,ok
4,True,141,8,0x0619d4d1900c2365,2573.162000,2682.963000,109.801000,2.981778,ok
4,True,142,8,0x0619d4d1900c2365,2571.580000,2684.848000,113.268000,2.979685,ok
4,True,143,8,0x0619d4d1900c2365,2571.578000,2684.953000,113.375000,2.979568,ok
4,True,144,8,0x0619d4d1900c2365,2570.334000,2682.637000,112.303000,2.982140,ok
4,True,145,8,0x0619d4d1900c2365,2570.333000,2682.636000,112.303000,2.982141,ok
4,True,146,8,0x0619d4d1900c2365,2574.668000,2687.713000,113.045000,2.976508,ok
4,True,147,8,0x0619d4d1900c2365,2574.667000,2687.812000,113.145000,2.976399,ok
4,True,148,8,0x0619d4d1900c2365,2572.438000,2686.416000,113.978000,2.977945,ok
4,True,149,8,0x0619d4d1900c2365,2571.159000,2685.261000,114.102000,2.979226,ok
4,True,150,8,0x0619d4d1900c2365,2610.012000,2788.571000,178.559000,2.868853,ok
4,True,151,8,0x0619d4d1900c2365,2610.374000,2790.681000,180.307000,2.866684,ok
4,True,152,8,0x0619d4d1900c2365,2679.893000,2804.951000,125.058000,2.852100,ok
4,True,153,8,0x0619d4d1900c2365,2682.192000,2805.060000,122.868000,2.851989,ok
4,True,154,8,0x0619d4d1900c2365,2695.318000,2803.955000,108.637000,2.853113,ok
4,True,155,8,0x0619d4d1900c2365,2695.341000,2804.081000,108.740000,2.852985,ok
4,True,156,8,0x0619d4d1900c2365,2689.530000,2794.149000,104.619000,2.863126,ok
4,True,157,8,0x0619d4d1900c2365,2689.530000,2794.147000,104.617000,2.863128,ok
4,True,158,8,0x0619d4d1900c2365,2682.774000,2791.445000,108.671000,2.865899,ok
4,True,159,8,0x0619d4d1900c2365,2682.773000,2791.444000,108.671000,2.865900,ok
4,True,160,8,0x0619d4d1900c2365,2684.157000,2795.387000,111.230000,2.861858,ok
4,True,161,8,0x0619d4d1900c2365,2684.059000,2795.385000,111.326000,2.861860,ok
4,True,162,8,0x0619d4d1900c2365,2687.515000,2800.509000,112.994000,2.856624,ok
4,True,163,8,0x0619d4d1900c2365,2687.401000,2800.396000,112.995000,2.856739,ok
4,True,164,8,0x0619d4d1900c2365,2693.642000,2804.438000,110.796000,2.852621,ok
4,True,165,8,0x0619d4d1900c2365,2693.640000,2804.532000,110.892000,2.852526,ok
4,True,166,8,0x0619d4d1900c2365,2693.454000,2812.579000,119.125000,2.844365,ok
4,True,167,8,0x0619d4d1900c2365,2694.472000,2812.687000,118.215000,2.844255,ok
4,True,168,8,0x0619d4d1900c2365,2701.208000,2809.233000,108.025000,2.847752,ok
4,True,169,8,0x0619d4d1900c2365,2701.207000,2809.362000,108.155000,2.847622,ok
4,True,170,8,0x0619d4d1900c2365,2694.430000,2802.262000,107.832000,2.854837,ok
4,True,171,8,0x0619d4d1900c2365,2694.430000,2802.261000,107.831000,2.854838,ok
4,True,172,8,0x0619d4d1900c2365,2692.455000,2800.616000,108.161000,2.856514,ok
4,True,173,8,0x0619d4d1900c2365,2691.172000,2799.334000,108.162000,2.857823,ok
4,True,174,8,0x0619d4d1900c2365,2686.568000,2799.365000,112.797000,2.857791,ok
4,True,175,8,0x0619d4d1900c2365,2686.567000,2799.256000,112.689000,2.857902,ok
4,True,176,8,0x0619d4d1900c2365,2688.331000,2799.934000,111.603000,2.857210,ok
4,True,177,8,0x0619d4d1900c2365,2688.330000,2800.077000,111.747000,2.857064,ok
4,True,178,8,0x0619d4d1900c2365,2684.002000,2794.355000,110.353000,2.862915,ok
4,True,179,8,0x0619d4d1900c2365,2684.000000,2794.473000,110.473000,2.862794,ok
4,True,180,8,0x0619d4d1900c2365,2679.610000,2786.947000,107.337000,2.870525,ok
4,True,181,8,0x0619d4d1900c2365,2679.610000,2786.947000,107.337000,2.870525,ok
4,True,182,8,0x0619d4d1900c2365,2571.567000,2683.508000,111.941000,2.981172,ok
4,True,183,8,0x0619d4d1900c2365,2569.214000,2681.022000,111.808000,2.983937,ok
4,True,184,8,0x0619d4d1900c2365,2559.064000,2666.186000,107.122000,3.000541,ok
4,True,185,8,0x0619d4d1900c2365,2557.796000,2664.908000,107.112000,3.001980,ok
4,True,186,8,0x0619d4d1900c2365,2558.171000,2670.001000,111.830000,2.996254,ok
4,True,187,8,0x0619d4d1900c2365,2556.888000,2668.591000,111.703000,2.997837,ok
4,True,188,8,0x0619d4d1900c2365,2565.009000,2674.424000,109.415000,2.991298,ok
4,True,189,8,0x0619d4d1900c2365,2565.008000,2674.306000,109.298000,2.991430,ok
4,True,190,8,0x0619d4d1900c2365,2565.362000,2672.607000,107.245000,2.993332,ok
4,True,191,8,0x0619d4d1900c2365,2565.363000,2672.715000,107.352000,2.993211,ok
4,True,192,8,0x0619d4d1900c2365,2560.878000,2676.299000,115.421000,2.989203,ok
4,True,193,8,0x0619d4d1900c2365,2561.322000,2676.421000,115.099000,2.989066,ok
4,True,194,8,0x0619d4d1900c2365,2561.827000,2667.424000,105.597000,2.999148,ok
4,True,195,8,0x0619d4d1900c2365,2561.826000,2667.423000,105.597000,2.999149,ok
4,True,196,8,0x0619d4d1900c2365,2555.536000,2666.050000,110.514000,3.000694,ok
4,True,197,8,0x0619d4d1900c2365,2555.535000,2666.161000,110.626000,3.000569,ok
4,True,198,8,0x0619d4d1900c2365,2545.693000,2655.001000,109.308000,3.013182,ok
4,True,199,8,0x0619d4d1900c2365,2545.692000,2655.111000,109.419000,3.013057,ok
5,True,0,8,0x0619d4d1900c2365,52.913000,143.301000,90.388000,55.826547,ok
5,True,1,8,0x0619d4d1900c2365,52.909000,143.297000,90.388000,55.828105,ok
5,True,2,8,0x0619d4d1900c2365,193.542000,290.824000,97.282000,27.508046,ok
5,True,3,8,0x0619d4d1900c2365,193.623000,290.822000,97.199000,27.508235,ok
5,True,4,8,0x0619d4d1900c2365,344.386000,441.919000,97.533000,18.102865,ok
5,True,5,8,0x0619d4d1900c2365,343.879000,441.919000,98.040000,18.102865,ok
5,True,6,8,0x0619d4d1900c2365,493.716000,590.199000,96.483000,13.554750,ok
5,True,7,8,0x0619d4d1900c2365,493.714000,590.198000,96.484000,13.554773,ok
5,True,8,8,0x0619d4d1900c2365,642.805000,742.618000,99.813000,10.772699,ok
5,True,9,8,0x0619d4d1900c2365,642.714000,742.541000,99.827000,10.773816,ok
5,True,10,8,0x0619d4d1900c2365,796.115000,903.190000,107.075000,8.857494,ok
5,True,11,8,0x0619d4d1900c2365,796.013000,907.770000,111.757000,8.812805,ok
5,True,12,8,0x0619d4d1900c2365,963.013000,1074.619000,111.606000,7.444499,ok
5,True,13,8,0x0619d4d1900c2365,966.805000,1082.084000,115.279000,7.393141,ok
5,True,14,8,0x0619d4d1900c2365,1133.666000,1282.898000,149.232000,6.235882,ok
5,True,15,8,0x0619d4d1900c2365,1141.074000,1306.032000,164.958000,6.125424,ok
5,True,16,8,0x0619d4d1900c2365,1344.306000,1456.545000,112.239000,5.492450,ok
5,True,17,8,0x0619d4d1900c2365,1360.090000,1471.207000,111.117000,5.437712,ok
5,True,18,8,0x0619d4d1900c2365,1512.132000,1623.530000,111.398000,4.927534,ok
5,True,19,8,0x0619d4d1900c2365,1526.131000,1637.508000,111.377000,4.885472,ok
5,True,20,8,0x0619d4d1900c2365,1678.619000,1788.616000,109.997000,4.472732,ok
5,True,21,8,0x0619d4d1900c2365,1693.515000,1803.057000,109.542000,4.436909,ok
5,True,22,8,0x0619d4d1900c2365,1843.342000,1954.863000,111.521000,4.092358,ok
5,True,23,8,0x0619d4d1900c2365,1857.995000,1969.339000,111.344000,4.062277,ok
5,True,24,8,0x0619d4d1900c2365,2010.600000,2117.915000,107.315000,3.777300,ok
5,True,25,8,0x0619d4d1900c2365,2025.313000,2132.531000,107.218000,3.751411,ok
5,True,26,8,0x0619d4d1900c2365,2173.732000,2282.789000,109.057000,3.504485,ok
5,True,27,8,0x0619d4d1900c2365,2188.600000,2297.209000,108.609000,3.482487,ok
5,True,28,8,0x0619d4d1900c2365,2338.544000,2456.012000,117.468000,3.257313,ok
5,True,29,8,0x0619d4d1900c2365,2353.315000,2470.610000,117.295000,3.238067,ok
5,True,30,8,0x0619d4d1900c2365,2511.917000,2615.809000,103.892000,3.058327,ok
5,True,31,8,0x0619d4d1900c2365,2526.657000,2630.491000,103.834000,3.041257,ok
5,True,32,8,0x0619d4d1900c2365,2529.955000,2644.250000,114.295000,3.025433,ok
5,True,33,8,0x0619d4d1900c2365,2545.753000,2659.942000,114.189000,3.007584,ok
5,True,34,8,0x0619d4d1900c2365,2557.320000,2674.373000,117.053000,2.991355,ok
5,True,35,8,0x0619d4d1900c2365,2572.276000,2689.897000,117.621000,2.974092,ok
5,True,36,8,0x0619d4d1900c2365,2582.960000,2701.587000,118.627000,2.961222,ok
5,True,37,8,0x0619d4d1900c2365,2597.417000,2717.309000,119.892000,2.944089,ok
5,True,38,8,0x0619d4d1900c2365,2615.636000,2734.234000,118.598000,2.925865,ok
5,True,39,8,0x0619d4d1900c2365,2630.921000,2750.075000,119.154000,2.909012,ok
5,True,40,8,0x0619d4d1900c2365,2643.070000,2762.720000,119.650000,2.895697,ok
5,True,41,8,0x0619d4d1900c2365,2658.814000,2778.529000,119.715000,2.879221,ok
5,True,42,8,0x0619d4d1900c2365,2663.694000,2783.696000,120.002000,2.873877,ok
5,True,43,8,0x0619d4d1900c2365,2674.441000,2794.045000,119.604000,2.863232,ok
5,True,44,8,0x0619d4d1900c2365,2674.275000,2793.822000,119.547000,2.863461,ok
5,True,45,8,0x0619d4d1900c2365,2682.257000,2801.778000,119.521000,2.855330,ok
5,True,46,8,0x0619d4d1900c2365,2646.879000,2769.163000,122.284000,2.888960,ok
5,True,47,8,0x0619d4d1900c2365,2639.597000,2761.841000,122.244000,2.896619,ok
5,True,48,8,0x0619d4d1900c2365,2657.828000,2780.095000,122.267000,2.877600,ok
5,True,49,8,0x0619d4d1900c2365,2657.951000,2780.506000,122.555000,2.877174,ok
5,True,50,8,0x0619d4d1900c2365,2675.152000,2793.851000,118.699000,2.863431,ok
5,True,51,8,0x0619d4d1900c2365,2676.993000,2795.529000,118.536000,2.861712,ok
5,True,52,8,0x0619d4d1900c2365,2691.039000,2811.291000,120.252000,2.845668,ok
5,True,53,8,0x0619d4d1900c2365,2691.984000,2812.069000,120.085000,2.844880,ok
5,True,54,8,0x0619d4d1900c2365,2705.754000,2824.635000,118.881000,2.832224,ok
5,True,55,8,0x0619d4d1900c2365,2707.773000,2827.399000,119.626000,2.829456,ok
5,True,56,8,0x0619d4d1900c2365,2725.207000,2848.299000,123.092000,2.808694,ok
5,True,57,8,0x0619d4d1900c2365,2726.931000,2859.271000,132.340000,2.797916,ok
5,True,58,8,0x0619d4d1900c2365,2750.849000,2878.270000,127.421000,2.779447,ok
5,True,59,8,0x0619d4d1900c2365,2758.482000,2886.070000,127.588000,2.771936,ok
5,True,60,8,0x0619d4d1900c2365,2767.758000,2894.941000,127.183000,2.763441,ok
5,True,61,8,0x0619d4d1900c2365,2777.153000,2904.321000,127.168000,2.754516,ok
5,True,62,8,0x0619d4d1900c2365,2798.862000,2927.890000,129.028000,2.732343,ok
5,True,63,8,0x0619d4d1900c2365,2808.391000,2934.215000,125.824000,2.726453,ok
5,True,64,8,0x0619d4d1900c2365,2818.297000,2946.190000,127.893000,2.715371,ok
5,True,65,8,0x0619d4d1900c2365,2824.671000,2951.721000,127.050000,2.710283,ok
5,True,66,8,0x0619d4d1900c2365,2833.536000,2960.590000,127.054000,2.702164,ok
5,True,67,8,0x0619d4d1900c2365,2838.176000,2964.471000,126.295000,2.698627,ok
5,True,68,8,0x0619d4d1900c2365,2845.414000,2973.029000,127.615000,2.690858,ok
5,True,69,8,0x0619d4d1900c2365,2850.104000,2975.825000,125.721000,2.688330,ok
5,True,70,8,0x0619d4d1900c2365,2856.390000,2982.932000,126.542000,2.681925,ok
5,True,71,8,0x0619d4d1900c2365,2858.816000,2984.610000,125.794000,2.680417,ok
5,True,72,8,0x0619d4d1900c2365,2864.657000,2990.678000,126.021000,2.674979,ok
5,True,73,8,0x0619d4d1900c2365,2866.882000,2991.594000,124.712000,2.674160,ok
5,True,74,8,0x0619d4d1900c2365,2872.340000,2997.857000,125.517000,2.668573,ok
5,True,75,8,0x0619d4d1900c2365,2873.261000,3000.014000,126.753000,2.666654,ok
5,True,76,8,0x0619d4d1900c2365,2880.666000,3004.597000,123.931000,2.662587,ok
5,True,77,8,0x0619d4d1900c2365,2882.220000,3005.483000,123.263000,2.661802,ok
5,True,78,8,0x0619d4d1900c2365,2884.133000,3006.747000,122.614000,2.660683,ok
5,True,79,8,0x0619d4d1900c2365,2886.083000,3008.204000,122.121000,2.659394,ok
5,True,80,8,0x0619d4d1900c2365,2887.242000,3009.320000,122.078000,2.658408,ok
5,True,81,8,0x0619d4d1900c2365,2887.718000,3009.744000,122.026000,2.658033,ok
5,True,82,8,0x0619d4d1900c2365,2891.417000,3010.689000,119.272000,2.657199,ok
5,True,83,8,0x0619d4d1900c2365,2892.406000,3012.534000,120.128000,2.655572,ok
5,True,84,8,0x0619d4d1900c2365,2892.289000,3018.491000,126.202000,2.650331,ok
5,True,85,8,0x0619d4d1900c2365,2892.475000,3017.587000,125.112000,2.651125,ok
5,True,86,8,0x0619d4d1900c2365,2901.523000,3024.870000,123.347000,2.644742,ok
5,True,87,8,0x0619d4d1900c2365,2901.769000,3024.577000,122.808000,2.644998,ok
5,True,88,8,0x0619d4d1900c2365,2901.652000,3022.688000,121.036000,2.646651,ok
5,True,89,8,0x0619d4d1900c2365,2893.436000,3014.443000,121.007000,2.653890,ok
5,True,90,8,0x0619d4d1900c2365,2891.323000,3014.123000,122.800000,2.654172,ok
5,True,91,8,0x0619d4d1900c2365,2885.855000,3007.596000,121.741000,2.659932,ok
5,True,92,8,0x0619d4d1900c2365,2886.913000,3003.923000,117.010000,2.663184,ok
5,True,93,8,0x0619d4d1900c2365,2879.852000,2997.929000,118.077000,2.668509,ok
5,True,94,8,0x0619d4d1900c2365,2876.211000,2995.522000,119.311000,2.670653,ok
5,True,95,8,0x0619d4d1900c2365,2871.755000,2990.975000,119.220000,2.674713,ok
5,True,96,8,0x0619d4d1900c2365,2868.202000,2987.224000,119.022000,2.678072,ok
5,True,97,8,0x0619d4d1900c2365,2863.460000,2982.496000,119.036000,2.682317,ok
5,True,98,8,0x0619d4d1900c2365,2860.927000,2980.866000,119.939000,2.683784,ok
5,True,99,8,0x0619d4d1900c2365,2857.842000,2977.424000,119.582000,2.686886,ok
5,True,100,8,0x0619d4d1900c2365,2852.558000,2974.143000,121.585000,2.689850,ok
5,True,101,8,0x0619d4d1900c2365,2850.555000,2972.382000,121.827000,2.691444,ok
5,True,102,8,0x0619d4d1900c2365,2847.025000,2968.383000,121.358000,2.695070,ok
5,True,103,8,0x0619d4d1900c2365,2846.652000,2968.341000,121.689000,2.695108,ok
5,True,104,8,0x0619d4d1900c2365,2843.118000,2965.441000,122.323000,2.697744,ok
5,True,105,8,0x0619d4d1900c2365,2843.115000,2964.805000,121.690000,2.698322,ok
5,True,106,8,0x0619d4d1900c2365,2839.606000,2959.628000,120.022000,2.703042,ok
5,True,107,8,0x0619d4d1900c2365,2837.699000,2958.490000,120.791000,2.704082,ok
5,True,108,8,0x0619d4d1900c2365,2834.128000,2956.645000,122.517000,2.705770,ok
5,True,109,8,0x0619d4d1900c2365,2833.619000,2956.677000,123.058000,2.705740,ok
5,True,110,8,0x0619d4d1900c2365,2834.625000,2956.016000,121.391000,2.706345,ok
5,True,111,8,0x0619d4d1900c2365,2834.152000,2955.963000,121.811000,2.706394,ok
5,True,112,8,0x0619d4d1900c2365,2833.916000,2957.099000,123.183000,2.705354,ok
5,True,113,8,0x0619d4d1900c2365,2834.519000,2957.501000,122.982000,2.704986,ok
5,True,114,8,0x0619d4d1900c2365,2838.674000,2960.386000,121.712000,2.702350,ok
5,True,115,8,0x0619d4d1900c2365,2837.098000,2958.677000,121.579000,2.703911,ok
5,True,116,8,0x0619d4d1900c2365,2833.412000,2954.558000,121.146000,2.707681,ok
5,True,117,8,0x0619d4d1900c2365,2834.165000,2954.953000,120.788000,2.707319,ok
5,True,118,8,0x0619d4d1900c2365,2832.240000,2955.728000,123.488000,2.706609,ok
5,True,119,8,0x0619d4d1900c2365,2831.386000,2956.048000,124.662000,2.706316,ok
5,True,120,8,0x0619d4d1900c2365,2834.478000,2960.835000,126.357000,2.701940,ok
5,True,121,8,0x0619d4d1900c2365,2833.793000,2960.750000,126.957000,2.702018,ok
5,True,122,8,0x0619d4d1900c2365,2838.208000,2960.488000,122.280000,2.702257,ok
5,True,123,8,0x0619d4d1900c2365,2838.397000,2960.845000,122.448000,2.701931,ok
5,True,124,8,0x0619d4d1900c2365,2844.191000,2965.599000,121.408000,2.697600,ok
5,True,125,8,0x0619d4d1900c2365,2843.612000,2965.182000,121.570000,2.697979,ok
5,True,126,8,0x0619d4d1900c2365,2846.092000,2968.266000,122.174000,2.695176,ok
5,True,127,8,0x0619d4d1900c2365,2846.011000,2968.231000,122.220000,2.695208,ok
5,True,128,8,0x0619d4d1900c2365,2848.960000,2972.958000,123.998000,2.690923,ok
5,True,129,8,0x0619d4d1900c2365,2848.328000,2971.882000,123.554000,2.691897,ok
5,True,130,8,0x0619d4d1900c2365,2851.444000,2968.741000,117.297000,2.694745,ok
5,True,131,8,0x0619d4d1900c2365,2851.995000,2969.773000,117.778000,2.693809,ok
5,True,132,8,0x0619d4d1900c2365,2848.402000,2968.861000,120.459000,2.694636,ok
5,True,133,8,0x0619d4d1900c2365,2847.101000,2968.896000,121.795000,2.694604,ok
5,True,134,8,0x0619d4d1900c2365,2847.592000,2969.172000,121.580000,2.694354,ok
5,True,135,8,0x0619d4d1900c2365,2847.079000,2968.850000,121.771000,2.694646,ok
5,True,136,8,0x0619d4d1900c2365,2846.848000,2964.998000,118.150000,2.698147,ok
5,True,137,8,0x0619d4d1900c2365,2846.177000,2964.657000,118.480000,2.698457,ok
5,True,138,8,0x0619d4d1900c2365,2843.957000,2963.735000,119.778000,2.699297,ok
5,True,139,8,0x0619d4d1900c2365,2843.207000,2964.644000,121.437000,2.698469,ok
5,True,140,8,0x0619d4d1900c2365,2841.803000,2969.737000,127.934000,2.693841,ok
5,True,141,8,0x0619d4d1900c2365,2847.044000,2974.167000,127.123000,2.689829,ok
5,True,142,8,0x0619d4d1900c2365,2847.151000,2974.259000,127.108000,2.689746,ok
5,True,143,8,0x0619d4d1900c2365,2851.307000,2976.756000,125.449000,2.687489,ok
5,True,144,8,0x0619d4d1900c2365,2851.562000,2977.756000,126.194000,2.686587,ok
5,True,145,8,0x0619d4d1900c2365,2853.362000,2978.031000,124.669000,2.686339,ok
5,True,146,8,0x0619d4d1900c2365,2855.821000,2977.872000,122.051000,2.686482,ok
5,True,147,8,0x0619d4d1900c2365,2856.013000,2977.311000,121.298000,2.686988,ok
5,True,148,8,0x0619d4d1900c2365,2855.338000,2974.553000,119.215000,2.689480,ok
5,True,149,8,0x0619d4d1900c2365,2856.285000,2975.233000,118.948000,2.688865,ok
5,True,150,8,0x0619d4d1900c2365,2851.129000,2973.353000,122.224000,2.690565,ok
5,True,151,8,0x0619d4d1900c2365,2850.601000,2972.780000,122.179000,2.691084,ok
5,True,152,8,0x0619d4d1900c2365,2845.122000,2968.263000,123.141000,2.695179,ok
5,True,153,8,0x0619d4d1900c2365,2845.429000,2968.565000,123.136000,2.694905,ok
5,True,154,8,0x0619d4d1900c2365,2845.233000,2967.493000,122.260000,2.695878,ok
5,True,155,8,0x0619d4d1900c2365,2844.808000,2966.500000,121.692000,2.696781,ok
5,True,156,8,0x0619d4d1900c2365,2844.019000,2966.340000,122.321000,2.696926,ok
5,True,157,8,0x0619d4d1900c2365,2843.986000,2965.339000,121.353000,2.697837,ok
5,True,158,8,0x0619d4d1900c2365,2844.812000,2967.484000,122.672000,2.695886,ok
5,True,159,8,0x0619d4d1900c2365,2843.789000,2966.647000,122.858000,2.696647,ok
5,True,160,8,0x0619d4d1900c2365,2843.112000,2966.316000,123.204000,2.696948,ok
5,True,161,8,0x0619d4d1900c2365,2842.385000,2966.479000,124.094000,2.696800,ok
5,True,162,8,0x0619d4d1900c2365,2848.049000,2965.325000,117.276000,2.697849,ok
5,True,163,8,0x0619d4d1900c2365,2849.280000,2966.488000,117.208000,2.696792,ok
5,True,164,8,0x0619d4d1900c2365,2844.782000,2964.911000,120.129000,2.698226,ok
5,True,165,8,0x0619d4d1900c2365,2844.055000,2963.949000,119.894000,2.699102,ok
5,True,166,8,0x0619d4d1900c2365,2842.448000,2965.008000,122.560000,2.698138,ok
5,True,167,8,0x0619d4d1900c2365,2843.101000,2967.220000,124.119000,2.696126,ok
5,True,168,8,0x0619d4d1900c2365,2847.700000,2968.513000,120.813000,2.694952,ok
5,True,169,8,0x0619d4d1900c2365,2847.240000,2968.822000,121.582000,2.694671,ok
5,True,170,8,0x0619d4d1900c2365,2847.931000,2969.487000,121.556000,2.694068,ok
5,True,171,8,0x0619d4d1900c2365,2846.016000,2968.732000,122.716000,2.694753,ok
5,True,172,8,0x0619d4d1900c2365,2843.295000,2963.272000,119.977000,2.699718,ok
5,True,173,8,0x0619d4d1900c2365,2838.729000,2959.768000,121.039000,2.702915,ok
5,True,174,8,0x0619d4d1900c2365,2835.864000,2954.390000,118.526000,2.707835,ok
5,True,175,8,0x0619d4d1900c2365,2833.742000,2951.462000,117.720000,2.710521,ok
5,True,176,8,0x0619d4d1900c2365,2826.508000,2944.457000,117.949000,2.716970,ok
5,True,177,8,0x0619d4d1900c2365,2826.626000,2943.881000,117.255000,2.717501,ok
5,True,178,8,0x0619d4d1900c2365,2822.387000,2941.021000,118.634000,2.720144,ok
5,True,179,8,0x0619d4d1900c2365,2823.092000,2942.851000,119.759000,2.718452,ok
5,True,180,8,0x0619d4d1900c2365,2822.457000,2944.540000,122.083000,2.716893,ok
5,True,181,8,0x0619d4d1900c2365,2821.475000,2943.540000,122.065000,2.717816,ok
5,True,182,8,0x0619d4d1900c2365,2821.567000,2940.029000,118.462000,2.721062,ok
5,True,183,8,0x0619d4d1900c2365,2822.070000,2941.490000,119.420000,2.719710,ok
5,True,184,8,0x0619d4d1900c2365,2818.804000,2939.391000,120.587000,2.721652,ok
5,True,185,8,0x0619d4d1900c2365,2816.936000,2938.102000,121.166000,2.722846,ok
5,True,186,8,0x0619d4d1900c2365,2816.662000,2934.971000,118.309000,2.725751,ok
5,True,187,8,0x0619d4d1900c2365,2816.998000,2935.060000,118.062000,2.725668,ok
5,True,188,8,0x0619d4d1900c2365,2812.441000,2930.151000,117.710000,2.730235,ok
5,True,189,8,0x0619d4d1900c2365,2812.917000,2930.883000,117.966000,2.729553,ok
5,True,190,8,0x0619d4d1900c2365,2808.141000,2932.817000,124.676000,2.727753,ok
5,True,191,8,0x0619d4d1900c2365,2808.668000,2934.683000,126.015000,2.726018,ok
5,True,192,8,0x0619d4d1900c2365,2809.006000,2934.011000,125.005000,2.726643,ok
5,True,193,8,0x0619d4d1900c2365,2809.428000,2934.155000,124.727000,2.726509,ok
5,True,194,8,0x0619d4d1900c2365,2815.871000,2941.276000,125.405000,2.719908,ok
5,True,195,8,0x0619d4d1900c2365,2817.385000,2942.475000,125.090000,2.718800,ok
5,True,196,8,0x0619d4d1900c2365,2821.340000,2943.814000,122.474000,2.717563,ok
5,True,197,8,0x0619d4d1900c2365,2822.417000,2943.706000,121.289000,2.717663,ok
5,True,198,8,0x0619d4d1900c2365,2821.423000,2943.376000,121.953000,2.717967,ok
5,True,199,8,0x0619d4d1900c2365,2819.999000,2941.231000,121.232000,2.719950,ok
6,True,0,8,0x0619d4d1900c2365,52.519000,140.802000,88.283000,56.817375,ok
6,True,1,8,0x0619d4d1900c2365,52.516000,140.799000,88.283000,56.818585,ok
6,True,2,8,0x0619d4d1900c2365,190.234000,283.766000,93.532000,28.192243,ok
6,True,3,8,0x0619d4d1900c2365,190.528000,283.766000,93.238000,28.192243,ok
6,True,4,8,0x0619d4d1900c2365,334.828000,436.486000,101.658000,18.328194,ok
6,True,5,8,0x0619d4d1900c2365,334.828000,437.593000,102.765000,18.281828,ok
6,True,6,8,0x0619d4d1900c2365,487.233000,593.167000,105.934000,13.486927,ok
6,True,7,8,0x0619d4d1900c2365,488.860000,593.167000,104.307000,13.486927,ok
6,True,8,8,0x0619d4d1900c2365,645.851000,743.794000,97.943000,10.755666,ok
6,True,9,8,0x0619d4d1900c2365,645.851000,743.794000,97.943000,10.755666,ok
6,True,10,8,0x0619d4d1900c2365,796.911000,895.429000,98.518000,8.934265,ok
6,True,11,8,0x0619d4d1900c2365,797.134000,895.428000,98.294000,8.934275,ok
6,True,12,8,0x0619d4d1900c2365,948.789000,1046.116000,97.327000,7.647335,ok
6,True,13,8,0x0619d4d1900c2365,948.789000,1046.115000,97.326000,7.647343,ok
6,True,14,8,0x0619d4d1900c2365,1099.381000,1196.749000,97.368000,6.684777,ok
6,True,15,8,0x0619d4d1900c2365,1099.380000,1196.845000,97.465000,6.684241,ok
6,True,16,8,0x0619d4d1900c2365,1250.166000,1347.389000,97.223000,5.937409,ok
6,True,17,8,0x0619d4d1900c2365,1250.165000,1347.389000,97.224000,5.937409,ok
6,True,18,8,0x0619d4d1900c2365,1400.540000,1499.832000,99.292000,5.333931,ok
6,True,19,8,0x0619d4d1900c2365,1400.664000,1499.823000,99.159000,5.333963,ok
6,True,20,8,0x0619d4d1900c2365,1553.115000,1652.505000,99.390000,4.841135,ok
6,True,21,8,0x0619d4d1900c2365,1553.111000,1652.505000,99.394000,4.841135,ok
6,True,22,8,0x0619d4d1900c2365,1709.584000,1809.416000,99.832000,4.421316,ok
6,True,23,8,0x0619d4d1900c2365,1709.584000,1809.514000,99.930000,4.421077,ok
6,True,24,8,0x0619d4d1900c2365,1862.842000,1963.171000,100.329000,4.075040,ok
6,True,25,8,0x0619d4d1900c2365,1862.841000,1963.079000,100.238000,4.075231,ok
6,True,26,8,0x0619d4d1900c2365,2016.648000,2115.640000,98.992000,3.781362,ok
6,True,27,8,0x0619d4d1900c2365,2016.516000,2115.640000,99.124000,3.781362,ok
6,True,28,8,0x0619d4d1900c2365,2170.247000,2269.609000,99.362000,3.524836,ok
6,True,29,8,0x0619d4d1900c2365,2170.246000,2269.611000,99.365000,3.524833,ok
6,True,30,8,0x0619d4d1900c2365,2323.341000,2421.921000,98.580000,3.303163,ok
6,True,31,8,0x0619d4d1900c2365,2323.341000,2421.918000,98.577000,3.303167,ok
6,True,32,8,0x0619d4d1900c2365,2333.608000,2435.944000,102.336000,3.284148,ok
6,True,33,8,0x0619d4d1900c2365,2333.606000,2435.942000,102.336000,3.284150,ok
6,True,34,8,0x0619d4d1900c2365,2347.331000,2447.784000,100.453000,3.268262,ok
6,True,35,8,0x0619d4d1900c2365,2347.220000,2447.872000,100.652000,3.268145,ok
6,True,36,8,0x0619d4d1900c2365,2349.428000,2450.666000,101.238000,3.264419,ok
6,True,37,8,0x0619d4d1900c2365,2348.154000,2449.480000,101.326000,3.265999,ok
6,True,38,8,0x0619d4d1900c2365,2347.399000,2446.952000,99.553000,3.269373,ok
6,True,39,8,0x0619d4d1900c2365,2347.397000,2446.951000,99.554000,3.269375,ok
6,True,40,8,0x0619d4d1900c2365,2350.552000,2449.335000,98.783000,3.266193,ok
6,True,41,8,0x0619d4d1900c2365,2350.550000,2449.334000,98.784000,3.266194,ok
6,True,42,8,0x0619d4d1900c2365,2351.479000,2451.572000,100.093000,3.263212,ok
6,True,43,8,0x0619d4d1900c2365,2351.570000,2451.570000,100.000000,3.263215,ok
6,True,44,8,0x0619d4d1900c2365,2354.877000,2454.337000,99.460000,3.259536,ok
6,True,45,8,0x0619d4d1900c2365,2354.875000,2454.336000,99.461000,3.259537,ok
6,True,46,8,0x0619d4d1900c2365,2358.231000,2457.109000,98.878000,3.255859,ok
6,True,47,8,0x0619d4d1900c2365,2356.956000,2455.945000,98.989000,3.257402,ok
6,True,48,8,0x0619d4d1900c2365,2359.633000,2458.701000,99.068000,3.253751,ok
6,True,49,8,0x0619d4d1900c2365,2359.631000,2458.700000,99.069000,3.253752,ok
6,True,50,8,0x0619d4d1900c2365,2361.126000,2465.076000,103.950000,3.245336,ok
6,True,51,8,0x0619d4d1900c2365,2361.016000,2464.959000,103.943000,3.245490,ok
6,True,52,8,0x0619d4d1900c2365,2365.787000,2466.686000,100.899000,3.243218,ok
6,True,53,8,0x0619d4d1900c2365,2365.785000,2466.684000,100.899000,3.243220,ok
6,True,54,8,0x0619d4d1900c2365,2364.383000,2464.671000,100.288000,3.245869,ok
6,True,55,8,0x0619d4d1900c2365,2364.381000,2464.580000,100.199000,3.245989,ok
6,True,56,8,0x0619d4d1900c2365,2364.701000,2465.541000,100.840000,3.244724,ok
6,True,57,8,0x0619d4d1900c2365,2364.703000,2465.443000,100.740000,3.244853,ok
6,True,58,8,0x0619d4d1900c2365,2366.738000,2467.043000,100.305000,3.242749,ok
6,True,59,8,0x0619d4d1900c2365,2366.816000,2467.041000,100.225000,3.242751,ok
6,True,60,8,0x0619d4d1900c2365,2366.993000,2485.237000,118.244000,3.219009,ok
6,True,61,8,0x0619d4d1900c2365,2366.992000,2485.354000,118.362000,3.218857,ok
6,True,62,8,0x0619d4d1900c2365,2387.552000,2488.200000,100.648000,3.215176,ok
6,True,63,8,0x0619d4d1900c2365,2387.551000,2488.198000,100.647000,3.215178,ok
6,True,64,8,0x0619d4d1900c2365,2387.861000,2487.882000,100.021000,3.215587,ok
6,True,65,8,0x0619d4d1900c2365,2387.861000,2487.881000,100.020000,3.215588,ok
6,True,66,8,0x0619d4d1900c2365,2387.589000,2487.482000,99.893000,3.216104,ok
6,True,67,8,0x0619d4d1900c2365,2386.312000,2486.206000,99.894000,3.217754,ok
6,True,68,8,0x0619d4d1900c2365,2385.777000,2485.640000,99.863000,3.218487,ok
6,True,69,8,0x0619d4d1900c2365,2385.775000,2485.638000,99.863000,3.218490,ok
6,True,70,8,0x0619d4d1900c2365,2387.507000,2489.278000,101.771000,3.213783,ok
6,True,71,8,0x0619d4d1900c2365,2387.505000,2489.439000,101.934000,3.213575,ok
6,True,72,8,0x0619d4d1900c2365,2391.093000,2492.772000,101.679000,3.209279,ok
6,True,73,8,0x0619d4d1900c2365,2391.000000,2492.762000,101.762000,3.209292,ok
6,True,74,8,0x0619d4d1900c2365,2392.283000,2492.084000,99.801000,3.210165,ok
6,True,75,8,0x0619d4d1900c2365,2392.328000,2492.083000,99.755000,3.210166,ok
6,True,76,8,0x0619d4d1900c2365,2392.788000,2493.523000,100.735000,3.208312,ok
6,True,77,8,0x0619d4d1900c2365,2392.787000,2493.520000,100.733000,3.208316,ok
6,True,78,8,0x0619d4d1900c2365,2394.881000,2495.653000,100.772000,3.205574,ok
6,True,79,8,0x0619d4d1900c2365,2394.881000,2495.651000,100.770000,3.205576,ok
6,True,80,8,0x0619d4d1900c2365,2398.147000,2497.773000,99.626000,3.202853,ok
6,True,81,8,0x0619d4d1900c2365,2398.146000,2497.772000,99.626000,3.202854,ok
6,True,82,8,0x0619d4d1900c2365,2392.921000,2498.067000,105.146000,3.202476,ok
6,True,83,8,0x0619d4d1900c2365,2392.920000,2498.159000,105.239000,3.202358,ok
6,True,84,8,0x0619d4d1900c2365,2397.261000,2511.310000,114.049000,3.185588,ok
6,True,85,8,0x0619d4d1900c2365,2397.376000,2511.440000,114.064000,3.185424,ok
6,True,86,8,0x0619d4d1900c2365,2412.437000,2518.572000,106.135000,3.176403,ok
6,True,87,8,0x0619d4d1900c2365,2412.439000,2519.647000,107.208000,3.175048,ok
6,True,88,8,0x0619d4d1900c2365,2419.098000,2541.482000,122.384000,3.147770,ok
6,True,89,8,0x0619d4d1900c2365,2420.304000,2541.622000,121.318000,3.147596,ok
6,True,90,8,0x0619d4d1900c2365,2447.753000,2569.501000,121.748000,3.113445,ok
6,True,91,8,0x0619d4d1900c2365,2447.836000,2569.646000,121.810000,3.113269,ok
6,True,92,8,0x0619d4d1900c2365,2457.420000,2571.224000,113.804000,3.111359,ok
6,True,93,8,0x0619d4d1900c2365,2457.419000,2571.223000,113.804000,3.111360,ok
6,True,94,8,0x0619d4d1900c2365,2478.220000,2591.908000,113.688000,3.086529,ok
6,True,95,8,0x0619d4d1900c2365,2478.219000,2591.906000,113.687000,3.086532,ok
6,True,96,8,0x0619d4d1900c2365,2499.243000,2613.263000,114.020000,3.061307,ok
6,True,97,8,0x0619d4d1900c2365,2499.241000,2613.261000,114.020000,3.061309,ok
6,True,98,8,0x0619d4d1900c2365,2522.181000,2644.398000,122.217000,3.025263,ok
6,True,99,8,0x0619d4d1900c2365,2522.179000,2644.509000,122.330000,3.025136,ok
6,True,100,8,0x0619d4d1900c2365,2561.566000,2681.307000,119.741000,2.983620,ok
6,True,101,8,0x0619d4d1900c2365,2560.835000,2681.432000,120.597000,2.983480,ok
6,True,102,8,0x0619d4d1900c2365,2586.707000,2701.914000,115.207000,2.960864,ok
6,True,103,8,0x0619d4d1900c2365,2585.424000,2700.632000,115.208000,2.962270,ok
6,True,104,8,0x0619d4d1900c2365,2605.249000,2721.768000,116.519000,2.939266,ok
6,True,105,8,0x0619d4d1900c2365,2605.248000,2721.650000,116.402000,2.939393,ok
6,True,106,8,0x0619d4d1900c2365,2627.596000,2740.471000,112.875000,2.919206,ok
6,True,107,8,0x0619d4d1900c2365,2627.593000,2740.610000,113.017000,2.919058,ok
6,True,108,8,0x0619d4d1900c2365,2643.595000,2757.044000,113.449000,2.901658,ok
6,True,109,8,0x0619d4d1900c2365,2643.593000,2757.176000,113.583000,2.901520,ok
6,True,110,8,0x0619d4d1900c2365,2659.723000,2772.971000,113.248000,2.884992,ok
6,True,111,8,0x0619d4d1900c2365,2659.720000,2774.712000,114.992000,2.883182,ok
6,True,112,8,0x0619d4d1900c2365,2675.578000,2796.543000,120.965000,2.860675,ok
6,True,113,8,0x0619d4d1900c2365,2677.482000,2796.650000,119.168000,2.860565,ok
6,True,114,8,0x0619d4d1900c2365,2693.497000,2807.623000,114.126000,2.849385,ok
6,True,115,8,0x0619d4d1900c2365,2693.493000,2807.507000,114.014000,2.849503,ok
6,True,116,8,0x0619d4d1900c2365,2696.253000,2808.351000,112.098000,2.848647,ok
6,True,117,8,0x0619d4d1900c2365,2696.252000,2808.218000,111.966000,2.848782,ok
6,True,118,8,0x0619d4d1900c2365,2703.599000,2813.106000,109.507000,2.843832,ok
6,True,119,8,0x0619d4d1900c2365,2702.320000,2811.972000,109.652000,2.844979,ok
6,True,120,8,0x0619d4d1900c2365,2691.088000,2804.277000,113.189000,2.852785,ok
6,True,121,8,0x0619d4d1900c2365,2690.984000,2804.141000,113.157000,2.852924,ok
6,True,122,8,0x0619d4d1900c2365,2679.280000,2787.601000,108.321000,2.869851,ok
6,True,123,8,0x0619d4d1900c2365,2677.997000,2786.207000,108.210000,2.871287,ok
6,True,124,8,0x0619d4d1900c2365,2684.492000,2795.561000,111.069000,2.861680,ok
6,True,125,8,0x0619d4d1900c2365,2682.957000,2795.490000,112.533000,2.861752,ok
6,True,126,8,0x0619d4d1900c2365,2681.726000,2797.667000,115.941000,2.859525,ok
6,True,127,8,0x0619d4d1900c2365,2681.884000,2797.561000,115.677000,2.859634,ok
6,True,128,8,0x0619d4d1900c2365,2677.508000,2785.643000,108.135000,2.871868,ok
6,True,129,8,0x0619d4d1900c2365,2677.509000,2788.353000,110.844000,2.869077,ok
6,True,130,8,0x0619d4d1900c2365,2662.027000,2788.397000,126.370000,2.869032,ok
6,True,131,8,0x0619d4d1900c2365,2664.653000,2789.411000,124.758000,2.867989,ok
6,True,132,8,0x0619d4d1900c2365,2652.278000,2767.330000,115.052000,2.890873,ok
6,True,133,8,0x0619d4d1900c2365,2653.312000,2767.328000,114.016000,2.890875,ok
6,True,134,8,0x0619d4d1900c2365,2647.126000,2749.541000,102.415000,2.909577,ok
6,True,135,8,0x0619d4d1900c2365,2647.126000,2749.540000,102.414000,2.909578,ok
6,True,136,8,0x0619d4d1900c2365,2630.628000,2746.200000,115.572000,2.913116,ok
6,True,137,8,0x0619d4d1900c2365,2628.717000,2746.199000,117.482000,2.913117,ok
6,True,138,8,0x0619d4d1900c2365,2632.384000,2739.256000,106.872000,2.920501,ok
6,True,139,8,0x0619d4d1900c2365,2631.098000,2737.971000,106.873000,2.921872,ok
6,True,140,8,0x0619d4d1900c2365,2624.038000,2744.083000,120.045000,2.915364,ok
6,True,141,8,0x0619d4d1900c2365,2622.646000,2742.798000,120.152000,2.916730,ok
6,True,142,8,0x0619d4d1900c2365,2628.176000,2732.124000,103.948000,2.928125,ok
6,True,143,8,0x0619d4d1900c2365,2626.901000,2730.950000,104.049000,2.929384,ok
6,True,144,8,0x0619d4d1900c2365,2611.261000,2713.550000,102.289000,2.948168,ok
6,True,145,8,0x0619d4d1900c2365,2611.322000,2713.548000,102.226000,2.948170,ok
6,True,146,8,0x0619d4d1900c2365,2598.011000,2700.488000,102.477000,2.962428,ok
6,True,147,8,0x0619d4d1900c2365,2598.009000,2700.487000,102.478000,2.962429,ok
6,True,148,8,0x0619d4d1900c2365,2588.678000,2699.216000,110.538000,2.963824,ok
6,True,149,8,0x0619d4d1900c2365,2588.709000,2699.319000,110.610000,2.963710,ok
6,True,150,8,0x0619d4d1900c2365,2588.668000,2694.717000,106.049000,2.968772,ok
6,True,151,8,0x0619d4d1900c2365,2588.666000,2694.598000,105.932000,2.968903,ok
6,True,152,8,0x0619d4d1900c2365,2581.387000,2689.021000,107.634000,2.975060,ok
6,True,153,8,0x0619d4d1900c2365,2581.385000,2689.034000,107.649000,2.975046,ok
6,True,154,8,0x0619d4d1900c2365,2587.703000,2694.840000,107.137000,2.968636,ok
6,True,155,8,0x0619d4d1900c2365,2587.729000,2694.723000,106.994000,2.968765,ok
6,True,156,8,0x0619d4d1900c2365,2568.464000,2679.046000,110.582000,2.986138,ok
6,True,157,8,0x0619d4d1900c2365,2568.377000,2679.045000,110.668000,2.986139,ok
6,True,158,8,0x0619d4d1900c2365,2556.308000,2667.934000,111.626000,2.998575,ok
6,True,159,8,0x0619d4d1900c2365,2556.307000,2668.059000,111.752000,2.998434,ok
6,True,160,8,0x0619d4d1900c2365,2559.325000,2664.510000,105.185000,3.002428,ok
6,True,161,8,0x0619d4d1900c2365,2556.798000,2661.983000,105.185000,3.005278,ok
6,True,162,8,0x0619d4d1900c2365,2533.189000,2645.515000,112.326000,3.023986,ok
6,True,163,8,0x0619d4d1900c2365,2533.611000,2645.614000,112.003000,3.023873,ok
6,True,164,8,0x0619d4d1900c2365,2530.438000,2631.723000,101.285000,3.039834,ok
6,True,165,8,0x0619d4d1900c2365,2530.437000,2631.723000,101.286000,3.039834,ok
6,True,166,8,0x0619d4d1900c2365,2529.323000,2631.751000,102.428000,3.039801,ok
6,True,167,8,0x0619d4d1900c2365,2529.322000,2631.749000,102.427000,3.039804,ok
6,True,168,8,0x0619d4d1900c2365,2514.917000,2625.245000,110.328000,3.047335,ok
6,True,169,8,0x0619d4d1900c2365,2514.915000,2625.341000,110.426000,3.047223,ok
6,True,170,8,0x0619d4d1900c2365,2516.105000,2623.778000,107.673000,3.049038,ok
6,True,171,8,0x0619d4d1900c2365,2516.103000,2623.672000,107.569000,3.049162,ok
6,True,172,8,0x0619d4d1900c2365,2503.221000,2607.406000,104.185000,3.068183,ok
6,True,173,8,0x0619d4d1900c2365,2503.219000,2607.293000,104.074000,3.068316,ok
6,True,174,8,0x0619d4d1900c2365,2501.945000,2604.117000,102.172000,3.072059,ok
6,True,175,8,0x0619d4d1900c2365,2501.944000,2604.116000,102.172000,3.072060,ok
6,True,176,8,0x0619d4d1900c2365,2502.694000,2605.030000,102.336000,3.070982,ok
6,True,177,8,0x0619d4d1900c2365,2502.695000,2605.031000,102.336000,3.070981,ok
6,True,178,8,0x0619d4d1900c2365,2502.445000,2618.425000,115.980000,3.055272,ok
6,True,179,8,0x0619d4d1900c2365,2502.444000,2618.474000,116.030000,3.055215,ok
6,True,180,8,0x0619d4d1900c2365,2508.806000,2619.252000,110.446000,3.054307,ok
6,True,181,8,0x0619d4d1900c2365,2508.805000,2619.156000,110.351000,3.054419,ok
6,True,182,8,0x0619d4d1900c2365,2511.590000,2613.979000,102.389000,3.060468,ok
6,True,183,8,0x0619d4d1900c2365,2511.588000,2614.095000,102.507000,3.060333,ok
6,True,184,8,0x0619d4d1900c2365,2506.649000,2608.935000,102.286000,3.066385,ok
6,True,185,8,0x0619d4d1900c2365,2506.648000,2608.934000,102.286000,3.066387,ok
6,True,186,8,0x0619d4d1900c2365,2495.844000,2609.397000,113.553000,3.065842,ok
6,True,187,8,0x0619d4d1900c2365,2496.419000,2609.498000,113.079000,3.065724,ok
6,True,188,8,0x0619d4d1900c2365,2499.034000,2607.304000,108.270000,3.068304,ok
6,True,189,8,0x0619d4d1900c2365,2498.917000,2607.194000,108.277000,3.068433,ok
6,True,190,8,0x0619d4d1900c2365,2495.130000,2605.989000,110.859000,3.069852,ok
6,True,191,8,0x0619d4d1900c2365,2494.714000,2605.987000,111.273000,3.069854,ok
6,True,192,8,0x0619d4d1900c2365,2501.686000,2613.501000,111.815000,3.061028,ok
6,True,193,8,0x0619d4d1900c2365,2501.687000,2613.620000,111.933000,3.060889,ok
6,True,194,8,0x0619d4d1900c2365,2500.929000,2602.563000,101.634000,3.073893,ok
6,True,195,8,0x0619d4d1900c2365,2500.927000,2602.562000,101.635000,3.073894,ok
6,True,196,8,0x0619d4d1900c2365,2502.084000,2614.259000,112.175000,3.060141,ok
6,True,197,8,0x0619d4d1900c2365,2501.926000,2614.368000,112.442000,3.060013,ok
6,True,198,8,0x0619d4d1900c2365,2512.361000,2623.955000,111.594000,3.048833,ok
6,True,199,8,0x0619d4d1900c2365,2512.359000,2623.954000,111.595000,3.048834,ok
7,True,0,8,0x0619d4d1900c2365,53.428000,142.194000,88.766000,56.261164,ok
7,True,1,8,0x0619d4d1900c2365,53.443000,142.192000,88.749000,56.261956,ok
7,True,2,8,0x0619d4d1900c2365,192.281000,287.707000,95.426000,27.806067,ok
7,True,3,8,0x0619d4d1900c2365,192.042000,287.817000,95.775000,27.795439,ok
7,True,4,8,0x0619d4d1900c2365,338.984000,433.572000,94.588000,18.451376,ok
7,True,5,8,0x0619d4d1900c2365,338.984000,433.572000,94.588000,18.451376,ok
7,True,6,8,0x0619d4d1900c2365,485.744000,581.212000,95.468000,13.764341,ok
7,True,7,8,0x0619d4d1900c2365,485.744000,581.211000,95.467000,13.764364,ok
7,True,8,8,0x0619d4d1900c2365,634.003000,730.783000,96.780000,10.947162,ok
7,True,9,8,0x0619d4d1900c2365,634.004000,730.783000,96.779000,10.947162,ok
7,True,10,8,0x0619d4d1900c2365,782.921000,901.434000,118.513000,8.874748,ok
7,True,11,8,0x0619d4d1900c2365,785.211000,901.434000,116.223000,8.874748,ok
7,True,12,8,0x0619d4d1900c2365,954.941000,1054.604000,99.663000,7.585786,ok
7,True,13,8,0x0619d4d1900c2365,954.941000,1054.604000,99.663000,7.585786,ok
7,True,14,8,0x0619d4d1900c2365,1108.505000,1206.785000,98.280000,6.629184,ok
7,True,15,8,0x0619d4d1900c2365,1108.505000,1206.785000,98.280000,6.629184,ok
7,True,16,8,0x0619d4d1900c2365,1260.697000,1361.707000,101.010000,5.874979,ok
7,True,17,8,0x0619d4d1900c2365,1260.697000,1361.606000,100.909000,5.875415,ok
7,True,18,8,0x0619d4d1900c2365,1415.646000,1516.275000,100.629000,5.276088,ok
7,True,19,8,0x0619d4d1900c2365,1415.646000,1516.275000,100.629000,5.276088,ok
7,True,20,8,0x0619d4d1900c2365,1570.348000,1669.455000,99.107000,4.791983,ok
7,True,21,8,0x0619d4d1900c2365,1570.348000,1669.455000,99.107000,4.791983,ok
7,True,22,8,0x0619d4d1900c2365,1723.131000,1826.500000,103.369000,4.379962,ok
7,True,23,8,0x0619d4d1900c2365,1723.131000,1826.499000,103.368000,4.379964,ok
7,True,24,8,0x0619d4d1900c2365,1880.645000,1981.743000,101.098000,4.036850,ok
7,True,25,8,0x0619d4d1900c2365,1880.605000,1981.743000,101.138000,4.036850,ok
7,True,26,8,0x0619d4d1900c2365,2036.643000,2137.896000,101.253000,3.741997,ok
7,True,27,8,0x0619d4d1900c2365,2036.643000,2137.894000,101.251000,3.742000,ok
7,True,28,8,0x0619d4d1900c2365,2192.462000,2292.478000,100.016000,3.489674,ok
7,True,29,8,0x0619d4d1900c2365,2192.462000,2292.365000,99.903000,3.489846,ok
7,True,30,8,0x0619d4d1900c2365,2346.802000,2446.162000,99.360000,3.270429,ok
7,True,31,8,0x0619d4d1900c2365,2346.803000,2446.161000,99.358000,3.270431,ok
7,True,32,8,0x0619d4d1900c2365,2358.216000,2461.607000,103.391000,3.249910,ok
7,True,33,8,0x0619d4d1900c2365,2358.214000,2461.511000,103.297000,3.250036,ok
7,True,34,8,0x0619d4d1900c2365,2371.674000,2473.243000,101.569000,3.234619,ok
7,True,35,8,0x0619d4d1900c2365,2370.389000,2471.875000,101.486000,3.236410,ok
7,True,36,8,0x0619d4d1900c2365,2380.741000,2487.767000,107.026000,3.215735,ok
7,True,37,8,0x0619d4d1900c2365,2380.735000,2487.928000,107.193000,3.215527,ok
7,True,38,8,0x0619d4d1900c2365,2395.955000,2499.883000,103.928000,3.200150,ok
7,True,39,8,0x0619d4d1900c2365,2395.953000,2499.800000,103.847000,3.200256,ok
7,True,40,8,0x0619d4d1900c2365,2404.423000,2505.787000,101.364000,3.192610,ok
7,True,41,8,0x0619d4d1900c2365,2404.515000,2505.789000,101.274000,3.192607,ok
7,True,42,8,0x0619d4d1900c2365,2389.747000,2492.382000,102.635000,3.209781,ok
7,True,43,8,0x0619d4d1900c2365,2389.745000,2492.466000,102.721000,3.209673,ok
7,True,44,8,0x0619d4d1900c2365,2394.468000,2512.864000,118.396000,3.183618,ok
7,True,45,8,0x0619d4d1900c2365,2394.467000,2512.945000,118.478000,3.183516,ok
7,True,46,8,0x0619d4d1900c2365,2415.633000,2517.870000,102.237000,3.177289,ok
7,True,47,8,0x0619d4d1900c2365,2415.632000,2517.870000,102.238000,3.177289,ok
7,True,48,8,0x0619d4d1900c2365,2417.533000,2526.367000,108.834000,3.166602,ok
7,True,49,8,0x0619d4d1900c2365,2417.424000,2526.271000,108.847000,3.166723,ok
7,True,50,8,0x0619d4d1900c2365,2426.043000,2529.637000,103.594000,3.162509,ok
7,True,51,8,0x0619d4d1900c2365,2426.042000,2529.636000,103.594000,3.162510,ok
7,True,52,8,0x0619d4d1900c2365,2432.932000,2543.071000,110.139000,3.145803,ok
7,True,53,8,0x0619d4d1900c2365,2432.826000,2542.964000,110.138000,3.145935,ok
7,True,54,8,0x0619d4d1900c2365,2441.231000,2545.751000,104.520000,3.142491,ok
7,True,55,8,0x0619d4d1900c2365,2441.228000,2545.639000,104.411000,3.142629,ok
7,True,56,8,0x0619d4d1900c2365,2447.678000,2550.456000,102.778000,3.136694,ok
7,True,57,8,0x0619d4d1900c2365,2447.679000,2550.455000,102.776000,3.136695,ok
7,True,58,8,0x0619d4d1900c2365,2449.183000,2561.295000,112.112000,3.123420,ok
7,True,59,8,0x0619d4d1900c2365,2449.082000,2561.293000,112.211000,3.123422,ok
7,True,60,8,0x0619d4d1900c2365,2463.918000,2571.878000,107.960000,3.110567,ok
7,True,61,8,0x0619d4d1900c2365,2463.918000,2571.876000,107.958000,3.110570,ok
7,True,62,8,0x0619d4d1900c2365,2474.618000,2583.911000,109.293000,3.096082,ok
7,True,63,8,0x0619d4d1900c2365,2474.617000,2585.156000,110.539000,3.094591,ok
7,True,64,8,0x0619d4d1900c2365,2481.498000,2598.919000,117.421000,3.078203,ok
7,True,65,8,0x0619d4d1900c2365,2482.586000,2598.918000,116.332000,3.078204,ok
7,True,66,8,0x0619d4d1900c2365,2500.074000,2610.032000,109.958000,3.065097,ok
7,True,67,8,0x0619d4d1900c2365,2500.073000,2610.031000,109.958000,3.065098,ok
7,True,68,8,0x0619d4d1900c2365,2506.035000,2621.500000,115.465000,3.051688,ok
7,True,69,8,0x0619d4d1900c2365,2506.033000,2621.454000,115.421000,3.051742,ok
7,True,70,8,0x0619d4d1900c2365,2521.974000,2638.897000,116.923000,3.031570,ok
7,True,71,8,0x0619d4d1900c2365,2521.867000,2639.155000,117.288000,3.031273,ok
7,True,72,8,0x0619d4d1900c2365,2543.873000,2660.553000,116.680000,3.006894,ok
7,True,73,8,0x0619d4d1900c2365,2544.153000,2660.648000,116.495000,3.006786,ok
7,True,74,8,0x0619d4d1900c2365,2559.616000,2674.199000,114.583000,2.991550,ok
7,True,75,8,0x0619d4d1900c2365,2559.559000,2674.197000,114.638000,2.991552,ok
7,True,76,8,0x0619d4d1900c2365,2561.337000,2675.373000,114.036000,2.990237,ok
7,True,77,8,0x0619d4d1900c2365,2561.336000,2675.370000,114.034000,2.990241,ok
7,True,78,8,0x0619d4d1900c2365,2577.426000,2690.014000,112.588000,2.973962,ok
7,True,79,8,0x0619d4d1900c2365,2577.424000,2690.114000,112.690000,2.973852,ok
7,True,80,8,0x0619d4d1900c2365,2584.745000,2697.839000,113.094000,2.965336,ok
7,True,81,8,0x0619d4d1900c2365,2584.745000,2697.948000,113.203000,2.965217,ok
7,True,82,8,0x0619d4d1900c2365,2597.550000,2708.611000,111.061000,2.953543,ok
7,True,83,8,0x0619d4d1900c2365,2597.550000,2708.610000,111.060000,2.953544,ok
7,True,84,8,0x0619d4d1900c2365,2601.109000,2716.867000,115.758000,2.944568,ok
7,True,85,8,0x0619d4d1900c2365,2600.984000,2716.736000,115.752000,2.944710,ok
7,True,86,8,0x0619d4d1900c2365,2616.009000,2729.423000,113.414000,2.931022,ok
7,True,87,8,0x0619d4d1900c2365,2616.007000,2729.423000,113.416000,2.931022,ok
7,True,88,8,0x0619d4d1900c2365,2630.038000,2748.300000,118.262000,2.910890,ok
7,True,89,8,0x0619d4d1900c2365,2630.546000,2748.414000,117.868000,2.910770,ok
7,True,90,8,0x0619d4d1900c2365,2637.740000,2750.203000,112.463000,2.908876,ok
7,True,91,8,0x0619d4d1900c2365,2637.740000,2750.083000,112.343000,2.909003,ok
7,True,92,8,0x0619d4d1900c2365,2643.564000,2754.362000,110.798000,2.904484,ok
7,True,93,8,0x0619d4d1900c2365,2643.563000,2754.360000,110.797000,2.904486,ok
7,True,94,8,0x0619d4d1900c2365,2646.179000,2756.554000,110.375000,2.902174,ok
7,True,95,8,0x0619d4d1900c2365,2644.865000,2755.241000,110.376000,2.903557,ok
7,True,96,8,0x0619d4d1900c2365,2641.883000,2757.231000,115.348000,2.901462,ok
7,True,97,8,0x0619d4d1900c2365,2641.995000,2756.919000,114.924000,2.901790,ok
7,True,98,8,0x0619d4d1900c2365,2656.345000,2784.389000,128.044000,2.873162,ok
7,True,99,8,0x0619d4d1900c2365,2657.845000,2784.589000,126.744000,2.872955,ok
7,True,100,8,0x0619d4d1900c2365,2674.617000,2802.383000,127.766000,2.854713,ok
7,True,101,8,0x0619d4d1900c2365,2677.284000,2808.209000,130.925000,2.848791,ok
7,True,102,8,0x0619d4d1900c2365,2695.163000,2818.124000,122.961000,2.838768,ok
7,True,103,8,0x0619d4d1900c2365,2700.860000,2831.131000,130.271000,2.825726,ok
7,True,104,8,0x0619d4d1900c2365,2709.370000,2840.158000,130.788000,2.816745,ok
7,True,105,8,0x0619d4d1900c2365,2722.118000,2848.897000,126.779000,2.808104,ok
7,True,106,8,0x0619d4d1900c2365,2769.709000,2976.450000,206.741000,2.687766,ok
7,True,107,8,0x0619d4d1900c2365,2804.197000,2984.789000,180.592000,2.680256,ok
7,True,108,8,0x0619d4d1900c2365,2864.657000,2992.042000,127.385000,2.673759,ok
7,True,109,8,0x0619d4d1900c2365,2873.720000,3000.931000,127.211000,2.665839,ok
7,True,110,8,0x0619d4d1900c2365,2879.037000,3005.217000,126.180000,2.662037,ok
7,True,111,8,0x0619d4d1900c2365,2888.833000,3014.130000,125.297000,2.654166,ok
7,True,112,8,0x0619d4d1900c2365,2892.508000,3018.243000,125.735000,2.650549,ok
7,True,113,8,0x0619d4d1900c2365,2901.906000,3026.687000,124.781000,2.643154,ok
7,True,114,8,0x0619d4d1900c2365,2906.228000,3037.967000,131.739000,2.633340,ok
7,True,115,8,0x0619d4d1900c2365,2915.576000,3042.424000,126.848000,2.629482,ok
7,True,116,8,0x0619d4d1900c2365,2930.179000,3059.252000,129.073000,2.615018,ok
7,True,117,8,0x0619d4d1900c2365,2931.201000,3060.428000,129.227000,2.614013,ok
7,True,118,8,0x0619d4d1900c2365,2946.878000,3069.125000,122.247000,2.606606,ok
7,True,119,8,0x0619d4d1900c2365,2947.710000,3069.267000,121.557000,2.606486,ok
7,True,120,8,0x0619d4d1900c2365,2950.664000,3069.869000,119.205000,2.605974,ok
7,True,121,8,0x0619d4d1900c2365,2950.803000,3069.976000,119.173000,2.605884,ok
7,True,122,8,0x0619d4d1900c2365,2958.185000,3071.991000,113.806000,2.604174,ok
7,True,123,8,0x0619d4d1900c2365,2958.182000,3072.138000,113.956000,2.604050,ok
7,True,124,8,0x0619d4d1900c2365,2963.149000,3076.005000,112.856000,2.600776,ok
7,True,125,8,0x0619d4d1900c2365,2963.148000,3076.005000,112.857000,2.600776,ok
7,True,126,8,0x0619d4d1900c2365,2966.163000,3081.265000,115.102000,2.596336,ok
7,True,127,8,0x0619d4d1900c2365,2966.161000,3081.130000,114.969000,2.596450,ok
7,True,128,8,0x0619d4d1900c2365,2964.842000,3078.735000,113.893000,2.598470,ok
7,True,129,8,0x0619d4d1900c2365,2964.976000,3078.735000,113.759000,2.598470,ok
7,True,130,8,0x0619d4d1900c2365,2944.917000,3060.347000,115.430000,2.614083,ok
7,True,131,8,0x0619d4d1900c2365,2943.650000,3058.948000,115.298000,2.615278,ok
7,True,132,8,0x0619d4d1900c2365,2925.159000,3040.317000,115.158000,2.631305,ok
7,True,133,8,0x0619d4d1900c2365,2920.025000,3034.993000,114.968000,2.635920,ok
7,True,134,8,0x0619d4d1900c2365,2906.516000,3018.140000,111.624000,2.650639,ok
7,True,135,8,0x0619d4d1900c2365,2893.975000,3005.599000,111.624000,2.661699,ok
7,True,136,8,0x0619d4d1900c2365,2876.772000,2986.913000,110.141000,2.678351,ok
7,True,137,8,0x0619d4d1900c2365,2868.135000,2978.275000,110.140000,2.686119,ok
7,True,138,8,0x0619d4d1900c2365,2736.240000,2845.818000,109.578000,2.811143,ok
7,True,139,8,0x0619d4d1900c2365,2727.394000,2836.972000,109.578000,2.819908,ok
7,True,140,8,0x0619d4d1900c2365,2713.136000,2834.112000,120.976000,2.822754,ok
7,True,141,8,0x0619d4d1900c2365,2704.120000,2827.530000,123.410000,2.829325,ok
7,True,142,8,0x0619d4d1900c2365,2707.268000,2826.740000,119.472000,2.830115,ok
7,True,143,8,0x0619d4d1900c2365,2716.367000,2843.997000,127.630000,2.812942,ok
7,True,144,8,0x0619d4d1900c2365,2719.630000,2848.672000,129.042000,2.808326,ok
7,True,145,8,0x0619d4d1900c2365,2717.595000,2847.515000,129.920000,2.809467,ok
7,True,146,8,0x0619d4d1900c2365,2727.650000,2851.822000,124.172000,2.805224,ok
7,True,147,8,0x0619d4d1900c2365,2724.767000,2850.770000,126.003000,2.806259,ok
7,True,148,8,0x0619d4d1900c2365,2721.417000,2851.035000,129.618000,2.805999,ok
7,True,149,8,0x0619d4d1900c2365,2724.284000,2854.472000,130.188000,2.802620,ok
7,True,150,8,0x0619d4d1900c2365,2735.270000,2859.099000,123.829000,2.798084,ok
7,True,151,8,0x0619d4d1900c2365,2737.207000,2859.186000,121.979000,2.797999,ok
7,True,152,8,0x0619d4d1900c2365,2736.658000,2845.556000,108.898000,2.811401,ok
7,True,153,8,0x0619d4d1900c2365,2736.657000,2845.685000,109.028000,2.811274,ok
7,True,154,8,0x0619d4d1900c2365,2730.115000,2839.739000,109.624000,2.817160,ok
7,True,155,8,0x0619d4d1900c2365,2730.115000,2839.870000,109.755000,2.817030,ok
7,True,156,8,0x0619d4d1900c2365,2724.066000,2835.639000,111.573000,2.821234,ok
7,True,157,8,0x0619d4d1900c2365,2724.064000,2835.637000,111.573000,2.821236,ok
7,True,158,8,0x0619d4d1900c2365,2720.028000,2827.386000,107.358000,2.829469,ok
7,True,159,8,0x0619d4d1900c2365,2720.024000,2827.385000,107.361000,2.829470,ok
7,True,160,8,0x0619d4d1900c2365,2713.552000,2824.910000,111.358000,2.831949,ok
7,True,161,8,0x0619d4d1900c2365,2713.550000,2824.807000,111.257000,2.832052,ok
7,True,162,8,0x0619d4d1900c2365,2706.325000,2816.106000,109.781000,2.840802,ok
7,True,163,8,0x0619d4d1900c2365,2706.325000,2816.196000,109.871000,2.840711,ok
7,True,164,8,0x0619d4d1900c2365,2698.705000,2810.631000,111.926000,2.846336,ok
7,True,165,8,0x0619d4d1900c2365,2698.704000,2810.630000,111.926000,2.846337,ok
7,True,166,8,0x0619d4d1900c2365,2698.412000,2805.793000,107.381000,2.851244,ok
7,True,167,8,0x0619d4d1900c2365,2698.410000,2805.794000,107.384000,2.851243,ok
7,True,168,8,0x0619d4d1900c2365,2693.710000,2800.097000,106.387000,2.857044,ok
7,True,169,8,0x0619d4d1900c2365,2693.708000,2800.099000,106.391000,2.857042,ok
7,True,170,8,0x0619d4d1900c2365,2690.758000,2801.885000,111.127000,2.855221,ok
7,True,171,8,0x0619d4d1900c2365,2690.757000,2801.973000,111.216000,2.855131,ok
7,True,172,8,0x0619d4d1900c2365,2677.636000,2786.567000,108.931000,2.870916,ok
7,True,173,8,0x0619d4d1900c2365,2680.166000,2793.800000,113.634000,2.863483,ok
7,True,174,8,0x0619d4d1900c2365,2667.555000,2793.123000,125.568000,2.864177,ok
7,True,175,8,0x0619d4d1900c2365,2665.627000,2811.867000,146.240000,2.845085,ok
7,True,176,8,0x0619d4d1900c2365,2744.726000,2872.079000,127.353000,2.785439,ok
7,True,177,8,0x0619d4d1900c2365,2743.059000,2868.964000,125.905000,2.788463,ok
7,True,178,8,0x0619d4d1900c2365,2735.872000,2861.827000,125.955000,2.795417,ok
7,True,179,8,0x0619d4d1900c2365,2735.376000,2860.407000,125.031000,2.796805,ok
7,True,180,8,0x0619d4d1900c2365,2721.492000,2846.678000,125.186000,2.810293,ok
7,True,181,8,0x0619d4d1900c2365,2719.157000,2843.215000,124.058000,2.813716,ok
7,True,182,8,0x0619d4d1900c2365,2711.390000,2830.598000,119.208000,2.826258,ok
7,True,183,8,0x0619d4d1900c2365,2713.178000,2830.709000,117.531000,2.826147,ok
7,True,184,8,0x0619d4d1900c2365,2721.814000,2826.613000,104.799000,2.830242,ok
7,True,185,8,0x0619d4d1900c2365,2721.816000,2826.733000,104.917000,2.830122,ok
7,True,186,8,0x0619d4d1900c2365,2715.999000,2818.384000,102.385000,2.838506,ok
7,True,187,8,0x0619d4d1900c2365,2715.997000,2818.382000,102.385000,2.838508,ok
7,True,188,8,0x0619d4d1900c2365,2705.292000,2814.281000,108.989000,2.842644,ok
7,True,189,8,0x0619d4d1900c2365,2705.391000,2814.280000,108.889000,2.842645,ok
7,True,190,8,0x0619d4d1900c2365,2705.719000,2814.155000,108.436000,2.842772,ok
7,True,191,8,0x0619d4d1900c2365,2705.716000,2814.053000,108.337000,2.842875,ok
7,True,192,8,0x0619d4d1900c2365,2701.046000,2806.189000,105.143000,2.850841,ok
7,True,193,8,0x0619d4d1900c2365,2701.044000,2806.302000,105.258000,2.850727,ok
7,True,194,8,0x0619d4d1900c2365,2696.093000,2800.144000,104.051000,2.856996,ok
7,True,195,8,0x0619d4d1900c2365,2696.091000,2800.142000,104.051000,2.856998,ok
7,True,196,8,0x0619d4d1900c2365,2689.667000,2795.915000,106.248000,2.861317,ok
7,True,197,8,0x0619d4d1900c2365,2689.667000,2795.914000,106.247000,2.861318,ok
7,True,198,8,0x0619d4d1900c2365,2687.555000,2799.303000,111.748000,2.857854,ok
7,True,199,8,0x0619d4d1900c2365,2687.661000,2799.416000,111.755000,2.857739,ok
8,True,0,8,0x0619d4d1900c2365,53.021000,144.056000,91.035000,55.533959,ok
8,True,1,8,0x0619d4d1900c2365,53.020000,144.055000,91.035000,55.534345,ok
8,True,2,8,0x0619d4d1900c2365,195.142000,292.924000,97.782000,27.310838,ok
8,True,3,8,0x0619d4d1900c2365,195.387000,292.480000,97.093000,27.352298,ok
8,True,4,8,0x0619d4d1900c2365,343.774000,447.692000,103.918000,17.869428,ok
8,True,5,8,0x0619d4d1900c2365,344.872000,447.692000,102.820000,17.869428,ok
8,True,6,8,0x0619d4d1900c2365,500.553000,602.677000,102.124000,13.274109,ok
8,True,7,8,0x0619d4d1900c2365,500.552000,603.347000,102.795000,13.259368,ok
8,True,8,8,0x0619d4d1900c2365,655.827000,755.739000,99.912000,10.585665,ok
8,True,9,8,0x0619d4d1900c2365,656.149000,755.739000,99.590000,10.585665,ok
8,True,10,8,0x0619d4d1900c2365,809.017000,909.986000,100.969000,8.791344,ok
8,True,11,8,0x0619d4d1900c2365,809.015000,909.984000,100.969000,8.791363,ok
8,True,12,8,0x0619d4d1900c2365,964.344000,1065.325000,100.981000,7.509445,ok
8,True,13,8,0x0619d4d1900c2365,964.343000,1065.325000,100.982000,7.509445,ok
8,True,14,8,0x0619d4d1900c2365,1119.028000,1218.061000,99.033000,6.567816,ok
8,True,15,8,0x0619d4d1900c2365,1119.028000,1218.058000,99.030000,6.567832,ok
8,True,16,8,0x0619d4d1900c2365,1272.798000,1374.810000,102.012000,5.818986,ok
8,True,17,8,0x0619d4d1900c2365,1272.798000,1374.716000,101.918000,5.819384,ok
8,True,18,8,0x0619d4d1900c2365,1428.354000,1528.205000,99.851000,5.234900,ok
8,True,19,8,0x0619d4d1900c2365,1428.356000,1528.206000,99.850000,5.234896,ok
8,True,20,8,0x0619d4d1900c2365,1584.383000,1685.936000,101.553000,4.745139,ok
8,True,21,8,0x0619d4d1900c2365,1584.240000,1685.936000,101.696000,4.745139,ok
8,True,22,8,0x0619d4d1900c2365,1740.987000,1842.146000,101.159000,4.342761,ok
8,True,23,8,0x0619d4d1900c2365,1740.987000,1842.147000,101.160000,4.342759,ok
8,True,24,8,0x0619d4d1900c2365,1896.503000,1997.362000,100.859000,4.005283,ok
8,True,25,8,0x0619d4d1900c2365,1896.505000,1997.454000,100.949000,4.005098,ok
8,True,26,8,0x0619d4d1900c2365,2051.759000,2154.046000,102.287000,3.713941,ok
8,True,27,8,0x0619d4d1900c2365,2051.994000,2154.046000,102.052000,3.713941,ok
8,True,28,8,0x0619d4d1900c2365,2208.460000,2314.069000,105.609000,3.457114,ok
8,True,29,8,0x0619d4d1900c2365,2208.458000,2314.197000,105.739000,3.456923,ok
8,True,30,8,0x0619d4d1900c2365,2368.269000,2471.003000,102.734000,3.237552,ok
8,True,31,8,0x0619d4d1900c2365,2368.153000,2471.105000,102.952000,3.237418,ok
8,True,32,8,0x0619d4d1900c2365,2381.004000,2485.368000,104.364000,3.218839,ok
8,True,33,8,0x0619d4d1900c2365,2381.102000,2485.366000,104.264000,3.218842,ok
8,True,34,8,0x0619d4d1900c2365,2391.406000,2497.658000,106.252000,3.203001,ok
8,True,35,8,0x0619d4d1900c2365,2391.406000,2497.659000,106.253000,3.202999,ok
8,True,36,8,0x0619d4d1900c2365,2397.206000,2498.321000,101.115000,3.202151,ok
8,True,37,8,0x0619d4d1900c2365,2397.204000,2498.319000,101.115000,3.202153,ok
8,True,38,8,0x0619d4d1900c2365,2397.991000,2497.988000,99.997000,3.202577,ok
8,True,39,8,0x0619d4d1900c2365,2396.724000,2496.722000,99.998000,3.204201,ok
8,True,40,8,0x0619d4d1900c2365,2399.922000,2500.130000,100.208000,3.199834,ok
8,True,41,8,0x0619d4d1900c2365,2399.920000,2500.127000,100.207000,3.199837,ok
8,True,42,8,0x0619d4d1900c2365,2401.682000,2503.331000,101.649000,3.195742,ok
8,True,43,8,0x0619d4d1900c2365,2401.681000,2503.331000,101.650000,3.195742,ok
8,True,44,8,0x0619d4d1900c2365,2402.453000,2504.812000,102.359000,3.193852,ok
8,True,45,8,0x0619d4d1900c2365,2402.453000,2504.811000,102.358000,3.193854,ok
8,True,46,8,0x0619d4d1900c2365,2407.684000,2507.757000,100.073000,3.190102,ok
8,True,47,8,0x0619d4d1900c2365,2407.685000,2507.756000,100.071000,3.190103,ok
8,True,48,8,0x0619d4d1900c2365,2404.979000,2505.312000,100.333000,3.193215,ok
8,True,49,8,0x0619d4d1900c2365,2404.979000,2505.312000,100.333000,3.193215,ok
8,True,50,8,0x0619d4d1900c2365,2407.820000,2532.759000,124.939000,3.158611,ok
8,True,51,8,0x0619d4d1900c2365,2408.002000,2533.480000,125.478000,3.157712,ok
8,True,52,8,0x0619d4d1900c2365,2430.394000,2546.628000,116.234000,3.141409,ok
8,True,53,8,0x0619d4d1900c2365,2430.780000,2546.745000,115.965000,3.141265,ok
8,True,54,8,0x0619d4d1900c2365,2446.428000,2555.084000,108.656000,3.131013,ok
8,True,55,8,0x0619d4d1900c2365,2446.428000,2554.970000,108.542000,3.131152,ok
8,True,56,8,0x0619d4d1900c2365,2460.045000,2578.293000,118.248000,3.102828,ok
8,True,57,8,0x0619d4d1900c2365,2460.045000,2578.094000,118.049000,3.103068,ok
8,True,58,8,0x0619d4d1900c2365,2482.282000,2601.859000,119.577000,3.074725,ok
8,True,59,8,0x0619d4d1900c2365,2482.279000,2601.994000,119.715000,3.074565,ok
8,True,60,8,0x0619d4d1900c2365,2502.736000,2616.749000,114.013000,3.057229,ok
8,True,61,8,0x0619d4d1900c2365,2502.736000,2616.749000,114.013000,3.057229,ok
8,True,62,8,0x0619d4d1900c2365,2521.744000,2640.775000,119.031000,3.029414,ok
8,True,63,8,0x0619d4d1900c2365,2521.880000,2640.898000,119.018000,3.029273,ok
8,True,64,8,0x0619d4d1900c2365,2544.512000,2666.629000,122.117000,3.000042,ok
8,True,65,8,0x0619d4d1900c2365,2543.640000,2666.482000,122.842000,3.000208,ok
8,True,66,8,0x0619d4d1900c2365,2565.714000,2684.101000,118.387000,2.980514,ok
8,True,67,8,0x0619d4d1900c2365,2565.714000,2684.221000,118.507000,2.980381,ok
8,True,68,8,0x0619d4d1900c2365,2588.027000,2706.106000,118.079000,2.956277,ok
8,True,69,8,0x0619d4d1900c2365,2588.027000,2706.106000,118.079000,2.956277,ok
8,True,70,8,0x0619d4d1900c2365,2611.961000,2725.808000,113.847000,2.934910,ok
8,True,71,8,0x0619d4d1900c2365,2611.960000,2725.688000,113.728000,2.935039,ok
8,True,72,8,0x0619d4d1900c2365,2629.385000,2745.495000,116.110000,2.913864,ok
8,True,73,8,0x0619d4d1900c2365,2629.384000,2745.494000,116.110000,2.913865,ok
8,True,74,8,0x0619d4d1900c2365,2647.721000,2761.789000,114.068000,2.896673,ok
8,True,75,8,0x0619d4d1900c2365,2647.721000,2761.789000,114.068000,2.896673,ok
8,True,76,8,0x0619d4d1900c2365,2662.236000,2773.344000,111.108000,2.884604,ok
8,True,77,8,0x0619d4d1900c2365,2662.235000,2773.341000,111.106000,2.884607,ok
8,True,78,8,0x0619d4d1900c2365,2677.969000,2792.888000,114.919000,2.864418,ok
8,True,79,8,0x0619d4d1900c2365,2677.968000,2792.776000,114.808000,2.864533,ok
8,True,80,8,0x0619d4d1900c2365,2696.839000,2813.373000,116.534000,2.843562,ok
8,True,81,8,0x0619d4d1900c2365,2696.951000,2813.933000,116.982000,2.842996,ok
8,True,82,8,0x0619d4d1900c2365,2688.526000,2802.120000,113.594000,2.854981,ok
8,True,83,8,0x0619d4d1900c2365,2689.023000,2802.005000,112.982000,2.855098,ok
8,True,84,8,0x0619d4d1900c2365,2687.736000,2796.572000,108.836000,2.860645,ok
8,True,85,8,0x0619d4d1900c2365,2687.737000,2796.466000,108.729000,2.860754,ok
8,True,86,8,0x0619d4d1900c2365,2688.450000,2804.286000,115.836000,2.852776,ok
8,True,87,8,0x0619d4d1900c2365,2688.448000,2804.391000,115.943000,2.852669,ok
8,True,88,8,0x0619d4d1900c2365,2684.557000,2795.055000,110.498000,2.862198,ok
8,True,89,8,0x0619d4d1900c2365,2684.557000,2794.945000,110.388000,2.862310,ok
8,True,90,8,0x0619d4d1900c2365,2675.710000,2794.933000,119.223000,2.862323,ok
8,True,91,8,0x0619d4d1900c2365,2675.648000,2795.032000,119.384000,2.862221,ok
8,True,92,8,0x0619d4d1900c2365,2676.294000,2784.807000,108.513000,2.872730,ok
8,True,93,8,0x0619d4d1900c2365,2676.293000,2784.807000,108.514000,2.872730,ok
8,True,94,8,0x0619d4d1900c2365,2660.617000,2769.394000,108.777000,2.888719,ok
8,True,95,8,0x0619d4d1900c2365,2660.615000,2769.509000,108.894000,2.888599,ok
8,True,96,8,0x0619d4d1900c2365,2641.253000,2748.548000,107.295000,2.910628,ok
8,True,97,8,0x0619d4d1900c2365,2641.253000,2748.431000,107.178000,2.910752,ok
8,True,98,8,0x0619d4d1900c2365,2626.495000,2734.011000,107.516000,2.926104,ok
8,True,99,8,0x0619d4d1900c2365,2626.494000,2734.010000,107.516000,2.926105,ok
8,True,100,8,0x0619d4d1900c2365,2612.529000,2718.647000,106.118000,2.942640,ok
8,True,101,8,0x0619d4d1900c2365,2612.571000,2718.648000,106.077000,2.942639,ok
8,True,102,8,0x0619d4d1900c2365,2601.332000,2710.994000,109.662000,2.950947,ok
8,True,103,8,0x0619d4d1900c2365,2601.330000,2711.102000,109.772000,2.950830,ok
8,True,104,8,0x0619d4d1900c2365,2592.653000,2697.623000,104.970000,2.965574,ok
8,True,105,8,0x0619d4d1900c2365,2592.648000,2697.617000,104.969000,2.965580,ok
8,True,106,8,0x0619d4d1900c2365,2581.686000,2698.899000,117.213000,2.964172,ok
8,True,107,8,0x0619d4d1900c2365,2581.685000,2699.007000,117.322000,2.964053,ok
8,True,108,8,0x0619d4d1900c2365,2585.973000,2688.682000,102.709000,2.975436,ok
8,True,109,8,0x0619d4d1900c2365,2585.972000,2688.682000,102.710000,2.975436,ok
8,True,110,8,0x0619d4d1900c2365,2569.376000,2674.718000,105.342000,2.990970,ok
8,True,111,8,0x0619d4d1900c2365,2569.374000,2674.598000,105.224000,2.991104,ok
8,True,112,8,0x0619d4d1900c2365,2556.261000,2666.936000,110.675000,2.999697,ok
8,True,113,8,0x0619d4d1900c2365,2556.260000,2667.057000,110.797000,2.999561,ok
8,True,114,8,0x0619d4d1900c2365,2552.921000,2659.285000,106.364000,3.008327,ok
8,True,115,8,0x0619d4d1900c2365,2552.920000,2659.380000,106.460000,3.008220,ok
8,True,116,8,0x0619d4d1900c2365,2548.728000,2655.769000,107.041000,3.012310,ok
8,True,117,8,0x0619d4d1900c2365,2548.727000,2655.873000,107.146000,3.012192,ok
8,True,118,8,0x0619d4d1900c2365,2539.005000,2641.671000,102.666000,3.028386,ok
8,True,119,8,0x0619d4d1900c2365,2539.001000,2641.669000,102.668000,3.028388,ok
8,True,120,8,0x0619d4d1900c2365,2530.390000,2641.148000,110.758000,3.028986,ok
8,True,121,8,0x0619d4d1900c2365,2530.297000,2641.046000,110.749000,3.029103,ok
8,True,122,8,0x0619d4d1900c2365,2517.626000,2625.614000,107.988000,3.046906,ok
8,True,123,8,0x0619d4d1900c2365,2516.354000,2624.245000,107.891000,3.048496,ok
8,True,124,8,0x0619d4d1900c2365,2517.320000,2622.458000,105.138000,3.050573,ok
8,True,125,8,0x0619d4d1900c2365,2517.320000,2622.560000,105.240000,3.050455,ok
8,True,126,8,0x0619d4d1900c2365,2511.376000,2613.925000,102.549000,3.060532,ok
8,True,127,8,0x0619d4d1900c2365,2511.375000,2613.923000,102.548000,3.060534,ok
8,True,128,8,0x0619d4d1900c2365,2507.175000,2615.841000,108.666000,3.058290,ok
8,True,129,8,0x0619d4d1900c2365,2507.175000,2615.841000,108.666000,3.058290,ok
8,True,130,8,0x0619d4d1900c2365,2508.897000,2622.369000,113.472000,3.050677,ok
8,True,131,8,0x0619d4d1900c2365,2509.010000,2622.485000,113.475000,3.050542,ok
8,True,132,8,0x0619d4d1900c2365,2515.269000,2618.638000,103.369000,3.055023,ok
8,True,133,8,0x0619d4d1900c2365,2515.266000,2618.739000,103.473000,3.054905,ok
8,True,134,8,0x0619d4d1900c2365,2507.681000,2613.042000,105.361000,3.061566,ok
8,True,135,8,0x0619d4d1900c2365,2507.628000,2613.066000,105.438000,3.061538,ok
8,True,136,8,0x0619d4d1900c2365,2508.972000,2611.410000,102.438000,3.063479,ok
8,True,137,8,0x0619d4d1900c2365,2508.972000,2611.411000,102.439000,3.063478,ok
8,True,138,8,0x0619d4d1900c2365,2492.576000,2595.160000,102.584000,3.082662,ok
8,True,139,8,0x0619d4d1900c2365,2492.574000,2595.159000,102.585000,3.082663,ok
8,True,140,8,0x0619d4d1900c2365,2492.141000,2604.662000,112.521000,3.071416,ok
8,True,141,8,0x0619d4d1900c2365,2492.033000,2604.762000,112.729000,3.071298,ok
8,True,142,8,0x0619d4d1900c2365,2500.699000,2608.289000,107.590000,3.067145,ok
8,True,143,8,0x0619d4d1900c2365,2500.699000,2608.171000,107.472000,3.067284,ok
8,True,144,8,0x0619d4d1900c2365,2496.626000,2607.151000,110.525000,3.068484,ok
8,True,145,8,0x0619d4d1900c2365,2496.724000,2607.271000,110.547000,3.068342,ok
8,True,146,8,0x0619d4d1900c2365,2501.236000,2604.146000,102.910000,3.072024,ok
8,True,147,8,0x0619d4d1900c2365,2501.233000,2604.145000,102.912000,3.072026,ok
8,True,148,8,0x0619d4d1900c2365,2497.941000,2600.619000,102.678000,3.076191,ok
8,True,149,8,0x0619d4d1900c2365,2497.941000,2600.618000,102.677000,3.076192,ok
8,True,150,8,0x0619d4d1900c2365,2498.518000,2602.649000,104.131000,3.073791,ok
8,True,151,8,0x0619d4d1900c2365,2498.304000,2602.648000,104.344000,3.073793,ok
8,True,152,8,0x0619d4d1900c2365,2491.428000,2599.728000,108.300000,3.077245,ok
8,True,153,8,0x0619d4d1900c2365,2491.427000,2599.608000,108.181000,3.077387,ok
8,True,154,8,0x0619d4d1900c2365,2492.150000,2602.440000,110.290000,3.074038,ok
8,True,155,8,0x0619d4d1900c2365,2492.036000,2602.436000,110.400000,3.074043,ok
8,True,156,8,0x0619d4d1900c2365,2496.974000,2599.367000,102.393000,3.077672,ok
8,True,157,8,0x0619d4d1900c2365,2496.972000,2599.360000,102.388000,3.077681,ok
8,True,158,8,0x0619d4d1900c2365,2496.843000,2605.487000,108.644000,3.070443,ok
8,True,159,8,0x0619d4d1900c2365,2496.842000,2605.598000,108.756000,3.070312,ok
8,True,160,8,0x0619d4d1900c2365,2496.574000,2621.872000,125.298000,3.051255,ok
8,True,161,8,0x0619d4d1900c2365,2496.714000,2621.906000,125.192000,3.051215,ok
8,True,162,8,0x0619d4d1900c2365,2511.947000,2628.969000,117.022000,3.043018,ok
8,True,163,8,0x0619d4d1900c2365,2511.126000,2628.884000,117.758000,3.043116,ok
8,True,164,8,0x0619d4d1900c2365,2525.662000,2634.793000,109.131000,3.036292,ok
8,True,165,8,0x0619d4d1900c2365,2525.664000,2636.924000,111.260000,3.033838,ok
8,True,166,8,0x0619d4d1900c2365,2619.468000,2757.231000,137.763000,2.901462,ok
8,True,167,8,0x0619d4d1900c2365,2632.515000,2768.619000,136.104000,2.889527,ok
8,True,168,8,0x0619d4d1900c2365,2656.181000,2779.775000,123.594000,2.877931,ok
8,True,169,8,0x0619d4d1900c2365,2668.130000,2791.611000,123.481000,2.865729,ok
8,True,170,8,0x0619d4d1900c2365,2676.118000,2798.487000,122.369000,2.858688,ok
8,True,171,8,0x0619d4d1900c2365,2688.249000,2811.019000,122.770000,2.845943,ok
8,True,172,8,0x0619d4d1900c2365,2685.192000,2803.147000,117.955000,2.853935,ok
8,True,173,8,0x0619d4d1900c2365,2697.975000,2817.533000,119.558000,2.839363,ok
8,True,174,8,0x0619d4d1900c2365,2694.977000,2798.881000,103.904000,2.858285,ok
8,True,175,8,0x0619d4d1900c2365,2709.671000,2813.335000,103.664000,2.843600,ok
8,True,176,8,0x0619d4d1900c2365,2688.614000,2797.890000,109.276000,2.859298,ok
8,True,177,8,0x0619d4d1900c2365,2703.268000,2812.496000,109.228000,2.844448,ok
8,True,178,8,0x0619d4d1900c2365,2693.257000,2803.586000,110.329000,2.853488,ok
8,True,179,8,0x0619d4d1900c2365,2708.100000,2818.201000,110.101000,2.838690,ok
8,True,180,8,0x0619d4d1900c2365,2700.911000,2811.519000,110.608000,2.845437,ok
8,True,181,8,0x0619d4d1900c2365,2715.716000,2826.145000,110.429000,2.830711,ok
8,True,182,8,0x0619d4d1900c2365,2706.141000,2816.806000,110.665000,2.840096,ok
8,True,183,8,0x0619d4d1900c2365,2720.943000,2831.216000,110.273000,2.825641,ok
8,True,184,8,0x0619d4d1900c2365,2707.690000,2818.720000,111.030000,2.838168,ok
8,True,185,8,0x0619d4d1900c2365,2722.209000,2833.129000,110.920000,2.823733,ok
8,True,186,8,0x0619d4d1900c2365,2708.714000,2819.320000,110.606000,2.837564,ok
8,True,187,8,0x0619d4d1900c2365,2723.331000,2833.726000,110.395000,2.823138,ok
8,True,188,8,0x0619d4d1900c2365,2716.376000,2827.852000,111.476000,2.829002,ok
8,True,189,8,0x0619d4d1900c2365,2730.858000,2842.251000,111.393000,2.814670,ok
8,True,190,8,0x0619d4d1900c2365,2719.462000,2833.404000,113.942000,2.823459,ok
8,True,191,8,0x0619d4d1900c2365,2734.084000,2848.649000,114.565000,2.808349,ok
8,True,192,8,0x0619d4d1900c2365,2709.446000,2822.109000,112.663000,2.834759,ok
8,True,193,8,0x0619d4d1900c2365,2723.919000,2837.349000,113.430000,2.819533,ok
8,True,194,8,0x0619d4d1900c2365,2704.717000,2815.196000,110.479000,2.841720,ok
8,True,195,8,0x0619d4d1900c2365,2719.352000,2829.924000,110.572000,2.826931,ok
8,True,196,8,0x0619d4d1900c2365,2707.170000,2817.631000,110.461000,2.839265,ok
8,True,197,8,0x0619d4d1900c2365,2719.673000,2829.943000,110.270000,2.826912,ok
8,True,198,8,0x0619d4d1900c2365,2592.074000,2703.559000,111.485000,2.959062,ok
8,True,199,8,0x0619d4d1900c2365,2595.367000,2706.195000,110.828000,2.956180,ok
9,True,0,8,0x0619d4d1900c2365,52.722000,140.952000,88.230000,56.756910,ok
9,True,1,8,0x0619d4d1900c2365,52.720000,140.950000,88.230000,56.757716,ok
9,True,2,8,0x0619d4d1900c2365,190.659000,287.995000,97.336000,27.778260,ok
9,True,3,8,0x0619d4d1900c2365,190.545000,287.920000,97.375000,27.785496,ok
9,True,4,8,0x0619d4d1900c2365,338.785000,439.490000,100.705000,18.202917,ok
9,True,5,8,0x0619d4d1900c2365,338.787000,439.578000,100.791000,18.199273,ok
9,True,6,8,0x0619d4d1900c2365,491.061000,588.684000,97.623000,13.589634,ok
9,True,7,8,0x0619d4d1900c2365,491.068000,588.761000,97.693000,13.587857,ok
9,True,8,8,0x0619d4d1900c2365,640.869000,738.657000,97.788000,10.830467,ok
9,True,9,8,0x0619d4d1900c2365,640.869000,738.657000,97.788000,10.830467,ok
9,True,10,8,0x0619d4d1900c2365,791.404000,888.912000,97.508000,8.999766,ok
9,True,11,8,0x0619d4d1900c2365,791.511000,888.912000,97.401000,8.999766,ok
9,True,12,8,0x0619d4d1900c2365,942.323000,1044.924000,102.601000,7.656059,ok
9,True,13,8,0x0619d4d1900c2365,942.324000,1045.046000,102.722000,7.655165,ok
9,True,14,8,0x0619d4d1900c2365,1098.210000,1199.245000,101.035000,6.670864,ok
9,True,15,8,0x0619d4d1900c2365,1098.210000,1199.242000,101.032000,6.670880,ok
9,True,16,8,0x0619d4d1900c2365,1252.498000,1352.572000,100.074000,5.914657,ok
9,True,17,8,0x0619d4d1900c2365,1252.498000,1352.653000,100.155000,5.914303,ok
9,True,18,8,0x0619d4d1900c2365,1406.091000,1504.451000,98.360000,5.317554,ok
9,True,19,8,0x0619d4d1900c2365,1406.091000,1504.451000,98.360000,5.317554,ok
9,True,20,8,0x0619d4d1900c2365,1558.663000,1658.240000,99.577000,4.824392,ok
9,True,21,8,0x0619d4d1900c2365,1558.661000,1658.240000,99.579000,4.824392,ok
9,True,22,8,0x0619d4d1900c2365,1711.939000,1812.315000,100.376000,4.414244,ok
9,True,23,8,0x0619d4d1900c2365,1711.936000,1812.315000,100.379000,4.414244,ok
9,True,24,8,0x0619d4d1900c2365,1866.936000,1965.682000,98.746000,4.069834,ok
9,True,25,8,0x0619d4d1900c2365,1866.936000,1965.682000,98.746000,4.069834,ok
9,True,26,8,0x0619d4d1900c2365,2019.984000,2124.745000,104.761000,3.765158,ok
9,True,27,8,0x0619d4d1900c2365,2019.984000,2124.827000,104.843000,3.765012,ok
9,True,28,8,0x0619d4d1900c2365,2179.668000,2283.983000,104.315000,3.502653,ok
9,True,29,8,0x0619d4d1900c2365,2179.919000,2283.875000,103.956000,3.502819,ok
9,True,30,8,0x0619d4d1900c2365,2341.079000,2452.739000,111.660000,3.261660,ok
9,True,31,8,0x0619d4d1900c2365,2341.085000,2453.307000,112.222000,3.260905,ok
9,True,32,8,0x0619d4d1900c2365,2364.918000,2467.596000,102.678000,3.242022,ok
9,True,33,8,0x0619d4d1900c2365,2364.916000,2467.486000,102.570000,3.242166,ok
9,True,34,8,0x0619d4d1900c2365,2376.170000,2476.029000,99.859000,3.230980,ok
9,True,35,8,0x0619d4d1900c2365,2376.076000,2476.030000,99.954000,3.230979,ok
9,True,36,8,0x0619d4d1900c2365,2378.228000,2481.496000,103.268000,3.223862,ok
9,True,37,8,0x0619d4d1900c2365,2378.314000,2481.496000,103.182000,3.223862,ok
9,True,38,8,0x0619d4d1900c2365,2387.313000,2490.276000,102.963000,3.212495,ok
9,True,39,8,0x0619d4d1900c2365,2387.313000,2490.275000,102.962000,3.212497,ok
9,True,40,8,0x0619d4d1900c2365,2394.459000,2497.215000,102.756000,3.203569,ok
9,True,41,8,0x0619d4d1900c2365,2394.458000,2497.104000,102.646000,3.203711,ok
9,True,42,8,0x0619d4d1900c2365,2401.039000,2506.258000,105.219000,3.192010,ok
9,True,43,8,0x0619d4d1900c2365,2400.933000,2506.367000,105.434000,3.191871,ok
9,True,44,8,0x0619d4d1900c2365,2404.765000,2506.803000,102.038000,3.191316,ok
9,True,45,8,0x0619d4d1900c2365,2403.482000,2505.520000,102.038000,3.192950,ok
9,True,46,8,0x0619d4d1900c2365,2408.172000,2517.446000,109.274000,3.177824,ok
9,True,47,8,0x0619d4d1900c2365,2407.861000,2517.564000,109.703000,3.177675,ok
9,True,48,8,0x0619d4d1900c2365,2419.375000,2526.114000,106.739000,3.166920,ok
9,True,49,8,0x0619d4d1900c2365,2419.373000,2526.212000,106.839000,3.166797,ok
9,True,50,8,0x0619d4d1900c2365,2429.233000,2534.985000,105.752000,3.155837,ok
9,True,51,8,0x0619d4d1900c2365,2429.230000,2534.877000,105.647000,3.155972,ok
9,True,52,8,0x0619d4d1900c2365,2439.597000,2541.286000,101.689000,3.148012,ok
9,True,53,8,0x0619d4d1900c2365,2439.684000,2541.286000,101.602000,3.148012,ok
9,True,54,8,0x0619d4d1900c2365,2443.963000,2555.202000,111.239000,3.130868,ok
9,True,55,8,0x0619d4d1900c2365,2443.274000,2555.201000,111.927000,3.130869,ok
9,True,56,8,0x0619d4d1900c2365,2458.153000,2566.966000,108.813000,3.116520,ok
9,True,57,8,0x0619d4d1900c2365,2458.151000,2566.963000,108.812000,3.116523,ok
9,True,58,8,0x0619d4d1900c2365,2464.688000,2574.023000,109.335000,3.107975,ok
9,True,59,8,0x0619d4d1900c2365,2464.687000,2574.118000,109.431000,3.107861,ok
9,True,60,8,0x0619d4d1900c2365,2471.144000,2573.853000,102.709000,3.108181,ok
9,True,61,8,0x0619d4d1900c2365,2471.141000,2573.964000,102.823000,3.108047,ok
9,True,62,8,0x0619d4d1900c2365,2460.560000,2563.099000,102.539000,3.121222,ok
9,True,63,8,0x0619d4d1900c2365,2460.558000,2563.099000,102.541000,3.121222,ok
9,True,64,8,0x0619d4d1900c2365,2463.331000,2575.432000,112.101000,3.106275,ok
9,True,65,8,0x0619d4d1900c2365,2463.345000,2575.316000,111.971000,3.106415,ok
9,True,66,8,0x0619d4d1900c2365,2476.091000,2585.527000,109.436000,3.094147,ok
9,True,67,8,0x0619d4d1900c2365,2476.090000,2585.417000,109.327000,3.094278,ok
9,True,68,8,0x0619d4d1900c2365,2484.958000,2591.465000,106.507000,3.087057,ok
9,True,69,8,0x0619d4d1900c2365,2484.956000,2591.343000,106.387000,3.087202,ok
9,True,70,8,0x0619d4d1900c2365,2490.197000,2598.501000,108.304000,3.078698,ok
9,True,71,8,0x0619d4d1900c2365,2490.193000,2598.604000,108.411000,3.078576,ok
9,True,72,8,0x0619d4d1900c2365,2497.037000,2601.572000,104.535000,3.075064,ok
9,True,73,8,0x0619d4d1900c2365,2497.036000,2601.679000,104.643000,3.074937,ok
9,True,74,8,0x0619d4d1900c2365,2498.094000,2605.979000,107.885000,3.069864,ok
9,True,75,8,0x0619d4d1900c2365,2498.092000,2605.978000,107.886000,3.069865,ok
9,True,76,8,0x0619d4d1900c2365,2509.610000,2620.172000,110.562000,3.053235,ok
9,True,77,8,0x0619d4d1900c2365,2509.608000,2620.031000,110.423000,3.053399,ok
9,True,78,8,0x0619d4d1900c2365,2511.888000,2623.505000,111.617000,3.049356,ok
9,True,79,8,0x0619d4d1900c2365,2511.887000,2623.211000,111.324000,3.049697,ok
9,True,80,8,0x0619d4d1900c2365,2519.106000,2634.016000,114.910000,3.037187,ok
9,True,81,8,0x0619d4d1900c2365,2519.399000,2634.119000,114.720000,3.037069,ok
9,True,82,8,0x0619d4d1900c2365,2529.822000,2655.105000,125.283000,3.013064,ok
9,True,83,8,0x0619d4d1900c2365,2529.819000,2658.869000,129.050000,3.008798,ok
9,True,84,8,0x0619d4d1900c2365,2559.233000,2685.625000,126.392000,2.978822,ok
9,True,85,8,0x0619d4d1900c2365,2562.036000,2685.472000,123.436000,2.978992,ok
9,True,86,8,0x0619d4d1900c2365,2608.874000,2720.794000,111.920000,2.940318,ok
9,True,87,8,0x0619d4d1900c2365,2602.707000,2720.901000,118.194000,2.940203,ok
9,True,88,8,0x0619d4d1900c2365,2613.207000,2722.228000,109.021000,2.938769,ok
9,True,89,8,0x0619d4d1900c2365,2613.206000,2722.227000,109.021000,2.938770,ok
9,True,90,8,0x0619d4d1900c2365,2614.508000,2724.658000,110.150000,2.936148,ok
9,True,91,8,0x0619d4d1900c2365,2614.421000,2724.657000,110.236000,2.936149,ok
9,True,92,8,0x0619d4d1900c2365,2622.793000,2735.157000,112.364000,2.924878,ok
9,True,93,8,0x0619d4d1900c2365,2622.790000,2735.255000,112.465000,2.924773,ok
9,True,94,8,0x0619d4d1900c2365,2633.650000,2743.126000,109.476000,2.916381,ok
9,True,95,8,0x0619d4d1900c2365,2633.648000,2743.249000,109.601000,2.916250,ok
9,True,96,8,0x0619d4d1900c2365,2632.603000,2740.878000,108.275000,2.918773,ok
9,True,97,8,0x0619d4d1900c2365,2632.602000,2741.004000,108.402000,2.918639,ok
9,True,98,8,0x0619d4d1900c2365,2630.878000,2743.539000,112.661000,2.915942,ok
9,True,99,8,0x0619d4d1900c2365,2630.875000,2743.651000,112.776000,2.915823,ok
9,True,100,8,0x0619d4d1900c2365,2637.378000,2746.233000,108.855000,2.913081,ok
9,True,101,8,0x0619d4d1900c2365,2637.377000,2746.232000,108.855000,2.913082,ok
9,True,102,8,0x0619d4d1900c2365,2640.753000,2755.678000,114.925000,2.903097,ok
9,True,103,8,0x0619d4d1900c2365,2639.614000,2755.567000,115.953000,2.903214,ok
9,True,104,8,0x0619d4d1900c2365,2652.580000,2771.453000,118.873000,2.886572,ok
9,True,105,8,0x0619d4d1900c2365,2650.564000,2771.339000,120.775000,2.886691,ok
9,True,106,8,0x0619d4d1900c2365,2663.224000,2773.536000,110.312000,2.884405,ok
9,True,107,8,0x0619d4d1900c2365,2663.219000,2773.639000,110.420000,2.884297,ok
9,True,108,8,0x0619d4d1900c2365,2659.829000,2768.920000,109.091000,2.889213,ok
9,True,109,8,0x0619d4d1900c2365,2659.825000,2768.918000,109.093000,2.889215,ok
9,True,110,8,0x0619d4d1900c2365,2656.879000,2763.899000,107.020000,2.894462,ok
9,True,111,8,0x0619d4d1900c2365,2656.878000,2763.898000,107.020000,2.894463,ok
9,True,112,8,0x0619d4d1900c2365,2649.279000,2762.100000,112.821000,2.896347,ok
9,True,113,8,0x0619d4d1900c2365,2649.396000,2762.200000,112.804000,2.896242,ok
9,True,114,8,0x0619d4d1900c2365,2637.962000,2746.768000,108.806000,2.912514,ok
9,True,115,8,0x0619d4d1900c2365,2634.149000,2742.955000,108.806000,2.916563,ok
9,True,116,8,0x0619d4d1900c2365,2612.813000,2720.883000,108.070000,2.940222,ok
9,True,117,8,0x0619d4d1900c2365,2612.812000,2720.881000,108.069000,2.940224,ok
9,True,118,8,0x0619d4d1900c2365,2575.257000,2685.061000,109.804000,2.979448,ok
9,True,119,8,0x0619d4d1900c2365,2573.986000,2683.687000,109.701000,2.980974,ok
9,True,120,8,0x0619d4d1900c2365,2573.965000,2684.321000,110.356000,2.980269,ok
9,True,121,8,0x0619d4d1900c2365,2573.964000,2684.224000,110.260000,2.980377,ok
9,True,122,8,0x0619d4d1900c2365,2572.453000,2680.084000,107.631000,2.984981,ok
9,True,123,8,0x0619d4d1900c2365,2572.451000,2679.976000,107.525000,2.985101,ok
9,True,124,8,0x0619d4d1900c2365,2566.242000,2672.503000,106.261000,2.993448,ok
9,True,125,8,0x0619d4d1900c2365,2566.240000,2672.499000,106.259000,2.993453,ok
9,True,126,8,0x0619d4d1900c2365,2565.291000,2674.425000,109.134000,2.991297,ok
9,True,127,8,0x0619d4d1900c2365,2564.007000,2673.257000,109.250000,2.992604,ok
9,True,128,8,0x0619d4d1900c2365,2564.477000,2676.309000,111.832000,2.989191,ok
9,True,129,8,0x0619d4d1900c2365,2564.474000,2676.123000,111.649000,2.989399,ok
9,True,130,8,0x0619d4d1900c2365,2563.631000,2672.274000,108.643000,2.993705,ok
9,True,131,8,0x0619d4d1900c2365,2563.628000,2672.379000,108.751000,2.993587,ok
9,True,132,8,0x0619d4d1900c2365,2562.819000,2666.709000,103.890000,2.999952,ok
9,True,133,8,0x0619d4d1900c2365,2562.819000,2666.708000,103.889000,2.999954,ok
9,True,134,8,0x0619d4d1900c2365,2550.622000,2655.970000,105.348000,3.012082,ok
9,True,135,8,0x0619d4d1900c2365,2550.620000,2655.970000,105.350000,3.012082,ok
9,True,136,8,0x0619d4d1900c2365,2535.041000,2642.363000,107.322000,3.027593,ok
9,True,137,8,0x0619d4d1900c2365,2535.040000,2642.465000,107.425000,3.027476,ok
9,True,138,8,0x0619d4d1900c2365,2533.054000,2640.787000,107.733000,3.029400,ok
9,True,139,8,0x0619d4d1900c2365,2533.052000,2640.787000,107.735000,3.029400,ok
9,True,140,8,0x0619d4d1900c2365,2531.855000,2644.933000,113.078000,3.024651,ok
9,True,141,8,0x0619d4d1900c2365,2532.146000,2645.044000,112.898000,3.024524,ok
9,True,142,8,0x0619d4d1900c2365,2536.864000,2640.460000,103.596000,3.029775,ok
9,True,143,8,0x0619d4d1900c2365,2536.863000,2640.459000,103.596000,3.029776,ok
9,True,144,8,0x0619d4d1900c2365,2526.232000,2635.071000,108.839000,3.035971,ok
9,True,145,8,0x0619d4d1900c2365,2526.230000,2635.069000,108.839000,3.035974,ok
9,True,146,8,0x0619d4d1900c2365,2525.614000,2635.816000,110.202000,3.035113,ok
9,True,147,8,0x0619d4d1900c2365,2525.613000,2635.700000,110.087000,3.035247,ok
9,True,148,8,0x0619d4d1900c2365,2526.853000,2632.916000,106.063000,3.038456,ok
9,True,149,8,0x0619d4d1900c2365,2526.849000,2632.801000,105.952000,3.038589,ok
9,True,150,8,0x0619d4d1900c2365,2522.166000,2631.303000,109.137000,3.040319,ok
9,True,151,8,0x0619d4d1900c2365,2522.164000,2631.408000,109.244000,3.040197,ok
9,True,152,8,0x0619d4d1900c2365,2521.480000,2628.558000,107.078000,3.043494,ok
9,True,153,8,0x0619d4d1900c2365,2521.478000,2628.556000,107.078000,3.043496,ok
9,True,154,8,0x0619d4d1900c2365,2521.296000,2636.241000,114.945000,3.034624,ok
9,True,155,8,0x0619d4d1900c2365,2521.296000,2637.009000,115.713000,3.033740,ok
9,True,156,8,0x0619d4d1900c2365,2528.723000,2643.922000,115.199000,3.025808,ok
9,True,157,8,0x0619d4d1900c2365,2529.479000,2644.015000,114.536000,3.025701,ok
9,True,158,8,0x0619d4d1900c2365,2532.941000,2637.382000,104.441000,3.033311,ok
9,True,159,8,0x0619d4d1900c2365,2532.937000,2637.493000,104.556000,3.033183,ok
9,True,160,8,0x0619d4d1900c2365,2524.984000,2628.664000,103.680000,3.043371,ok
9,True,161,8,0x0619d4d1900c2365,2524.981000,2628.661000,103.680000,3.043375,ok
9,True,162,8,0x0619d4d1900c2365,2520.080000,2632.487000,112.407000,3.038951,ok
9,True,163,8,0x0619d4d1900c2365,2520.076000,2632.376000,112.300000,3.039080,ok
9,True,164,8,0x0619d4d1900c2365,2528.630000,2639.512000,110.882000,3.030863,ok
9,True,165,8,0x0619d4d1900c2365,2528.513000,2639.402000,110.889000,3.030990,ok
9,True,166,8,0x0619d4d1900c2365,2534.140000,2641.998000,107.858000,3.028011,ok
9,True,167,8,0x0619d4d1900c2365,2534.138000,2641.899000,107.761000,3.028125,ok
9,True,168,8,0x0619d4d1900c2365,2533.348000,2641.236000,107.888000,3.028885,ok
9,True,169,8,0x0619d4d1900c2365,2533.345000,2641.353000,108.008000,3.028751,ok
9,True,170,8,0x0619d4d1900c2365,2534.305000,2639.308000,105.003000,3.031098,ok
9,True,171,8,0x0619d4d1900c2365,2534.304000,2639.308000,105.004000,3.031098,ok
9,True,172,8,0x0619d4d1900c2365,2526.919000,2636.670000,109.751000,3.034130,ok
9,True,173,8,0x0619d4d1900c2365,2527.323000,2636.695000,109.372000,3.034101,ok
9,True,174,8,0x0619d4d1900c2365,2535.164000,2646.562000,111.398000,3.022790,ok
9,True,175,8,0x0619d4d1900c2365,2535.273000,2646.679000,111.406000,3.022656,ok
9,True,176,8,0x0619d4d1900c2365,2537.407000,2645.933000,108.526000,3.023508,ok
9,True,177,8,0x0619d4d1900c2365,2537.406000,2645.936000,108.530000,3.023505,ok
9,True,178,8,0x0619d4d1900c2365,2537.078000,2646.187000,109.109000,3.023218,ok
9,True,179,8,0x0619d4d1900c2365,2536.693000,2646.185000,109.492000,3.023220,ok
9,True,180,8,0x0619d4d1900c2365,2542.066000,2652.379000,110.313000,3.016160,ok
9,True,181,8,0x0619d4d1900c2365,2542.065000,2652.479000,110.414000,3.016046,ok
9,True,182,8,0x0619d4d1900c2365,2543.145000,2649.504000,106.359000,3.019433,ok
9,True,183,8,0x0619d4d1900c2365,2543.214000,2649.504000,106.290000,3.019433,ok
9,True,184,8,0x0619d4d1900c2365,2549.228000,2674.151000,124.923000,2.991604,ok
9,True,185,8,0x0619d4d1900c2365,2549.723000,2677.131000,127.408000,2.988274,ok
9,True,186,8,0x0619d4d1900c2365,2559.268000,2686.321000,127.053000,2.978051,ok
9,True,187,8,0x0619d4d1900c2365,2561.647000,2686.953000,125.306000,2.977350,ok
9,True,188,8,0x0619d4d1900c2365,2570.709000,2691.887000,121.178000,2.971893,ok
9,True,189,8,0x0619d4d1900c2365,2572.656000,2691.990000,119.334000,2.971779,ok
9,True,190,8,0x0619d4d1900c2365,2587.183000,2694.478000,107.295000,2.969035,ok
9,True,191,8,0x0619d4d1900c2365,2587.180000,2694.374000,107.194000,2.969150,ok
9,True,192,8,0x0619d4d1900c2365,2591.259000,2716.416000,125.157000,2.945057,ok
9,True,193,8,0x0619d4d1900c2365,2591.854000,2717.844000,125.990000,2.943510,ok
9,True,194,8,0x0619d4d1900c2365,2604.509000,2717.602000,113.093000,2.943772,ok
9,True,195,8,0x0619d4d1900c2365,2605.875000,2717.694000,111.819000,2.943672,ok
9,True,196,8,0x0619d4d1900c2365,2607.515000,2716.852000,109.337000,2.944584,ok
9,True,197,8,0x0619d4d1900c2365,2607.510000,2716.738000,109.228000,2.944708,ok
9,True,198,8,0x0619d4d1900c2365,2609.043000,2718.181000,109.138000,2.943145,ok
9,True,199,8,0x0619d4d1900c2365,2609.161000,2718.275000,109.114000,2.943043,ok
10,True,0,8,0x0619d4d1900c2365,52.559000,173.498000,120.939000,46.110042,ok
10,True,1,8,0x0619d4d1900c2365,55.123000,176.497000,121.374000,45.326549,ok
10,True,2,8,0x0619d4d1900c2365,226.917000,332.469000,105.552000,24.062394,ok
10,True,3,8,0x0619d4d1900c2365,228.544000,332.469000,103.925000,24.062394,ok
10,True,4,8,0x0619d4d1900c2365,385.460000,483.265000,97.805000,16.554065,ok
10,True,5,8,0x0619d4d1900c2365,385.555000,483.265000,97.710000,16.554065,ok
10,True,6,8,0x0619d4d1900c2365,536.308000,636.957000,100.649000,12.559718,ok
10,True,7,8,0x0619d4d1900c2365,536.306000,636.949000,100.643000,12.559875,ok
10,True,8,8,0x0619d4d1900c2365,691.324000,790.527000,99.203000,10.119831,ok
10,True,9,8,0x0619d4d1900c2365,691.234000,790.527000,99.293000,10.119831,ok
10,True,10,8,0x0619d4d1900c2365,849.604000,972.387000,122.783000,8.227177,ok
10,True,11,8,0x0619d4d1900c2365,849.033000,973.889000,124.856000,8.214489,ok
10,True,12,8,0x0619d4d1900c2365,1031.400000,1162.797000,131.397000,6.879963,ok
10,True,13,8,0x0619d4d1900c2365,1035.981000,1164.813000,128.832000,6.868055,ok
10,True,14,8,0x0619d4d1900c2365,1224.581000,1351.458000,126.877000,5.919533,ok
10,True,15,8,0x0619d4d1900c2365,1225.114000,1351.522000,126.408000,5.919253,ok
10,True,16,8,0x0619d4d1900c2365,1416.618000,1541.984000,125.366000,5.188121,ok
10,True,17,8,0x0619d4d1900c2365,1408.607000,1543.433000,134.826000,5.183251,ok
10,True,18,8,0x0619d4d1900c2365,1600.355000,1714.366000,114.011000,4.666448,ok
10,True,19,8,0x0619d4d1900c2365,1604.384000,1723.488000,119.104000,4.641750,ok
10,True,20,8,0x0619d4d1900c2365,1777.268000,1900.991000,123.723000,4.208331,ok
10,True,21,8,0x0619d4d1900c2365,1784.943000,1908.133000,123.190000,4.192580,ok
10,True,22,8,0x0619d4d1900c2365,1957.162000,2081.236000,124.074000,3.843870,ok
10,True,23,8,0x0619d4d1900c2365,1964.122000,2088.295000,124.173000,3.830876,ok
10,True,24,8,0x0619d4d1900c2365,2137.142000,2262.073000,124.931000,3.536579,ok
10,True,25,8,0x0619d4d1900c2365,2143.549000,2267.938000,124.389000,3.527433,ok
10,True,26,8,0x0619d4d1900c2365,2317.434000,2444.571000,127.137000,3.272558,ok
10,True,27,8,0x0619d4d1900c2365,2324.367000,2449.834000,125.467000,3.265527,ok
10,True,28,8,0x0619d4d1900c2365,2499.874000,2623.939000,124.065000,3.048851,ok
10,True,29,8,0x0619d4d1900c2365,2505.899000,2630.750000,124.851000,3.040958,ok
10,True,30,8,0x0619d4d1900c2365,2682.949000,2812.200000,129.251000,2.844748,ok
10,True,31,8,0x0619d4d1900c2365,2691.668000,2819.812000,128.144000,2.837069,ok
10,True,32,8,0x0619d4d1900c2365,2696.270000,2811.490000,115.220000,2.845466,ok
10,True,33,8,0x0619d4d1900c2365,2698.532000,2820.994000,122.462000,2.835880,ok
10,True,34,8,0x0619d4d1900c2365,2717.908000,2837.716000,119.808000,2.819169,ok
10,True,35,8,0x0619d4d1900c2365,2725.680000,2848.401000,122.721000,2.808593,ok
10,True,36,8,0x0619d4d1900c2365,2749.334000,2875.100000,125.766000,2.782512,ok
10,True,37,8,0x0619d4d1900c2365,2763.672000,2882.627000,118.955000,2.775246,ok
10,True,38,8,0x0619d4d1900c2365,2778.294000,2902.115000,123.821000,2.756610,ok
10,True,39,8,0x0619d4d1900c2365,2788.126000,2911.007000,122.881000,2.748190,ok
10,True,40,8,0x0619d4d1900c2365,2810.180000,2933.642000,123.462000,2.726986,ok
10,True,41,8,0x0619d4d1900c2365,2816.764000,2940.198000,123.434000,2.720905,ok
10,True,42,8,0x0619d4d1900c2365,2809.049000,2934.238000,125.189000,2.726432,ok
10,True,43,8,0x0619d4d1900c2365,2813.410000,2936.948000,123.538000,2.723916,ok
10,True,44,8,0x0619d4d1900c2365,2799.748000,2924.530000,124.782000,2.735482,ok
10,True,45,8,0x0619d4d1900c2365,2803.082000,2928.220000,125.138000,2.732035,ok
10,True,46,8,0x0619d4d1900c2365,2791.244000,2916.179000,124.935000,2.743316,ok
10,True,47,8,0x0619d4d1900c2365,2797.680000,2921.810000,124.130000,2.738029,ok
10,True,48,8,0x0619d4d1900c2365,2781.156000,2905.991000,124.835000,2.752934,ok
10,True,49,8,0x0619d4d1900c2365,2785.678000,2909.762000,124.084000,2.749366,ok
10,True,50,8,0x0619d4d1900c2365,2789.031000,2913.826000,124.795000,2.745531,ok
10,True,51,8,0x0619d4d1900c2365,2785.692000,2910.082000,124.390000,2.749063,ok
10,True,52,8,0x0619d4d1900c2365,2782.978000,2907.604000,124.626000,2.751406,ok
10,True,53,8,0x0619d4d1900c2365,2782.123000,2904.994000,122.871000,2.753878,ok
10,True,54,8,0x0619d4d1900c2365,2785.378000,2910.903000,125.525000,2.748288,ok
10,True,55,8,0x0619d4d1900c2365,2782.814000,2907.538000,124.724000,2.751469,ok
10,True,56,8,0x0619d4d1900c2365,2785.270000,2910.874000,125.604000,2.748315,ok
10,True,57,8,0x0619d4d1900c2365,2783.407000,2907.326000,123.919000,2.751669,ok
10,True,58,8,0x0619d4d1900c2365,2784.358000,2909.682000,125.324000,2.749441,ok
10,True,59,8,0x0619d4d1900c2365,2782.408000,2905.452000,123.044000,2.753444,ok
10,True,60,8,0x0619d4d1900c2365,2785.996000,2896.452000,110.456000,2.762000,ok
10,True,61,8,0x0619d4d1900c2365,2780.438000,2890.279000,109.841000,2.767899,ok
10,True,62,8,0x0619d4d1900c2365,2766.238000,2874.816000,108.578000,2.782787,ok
10,True,63,8,0x0619d4d1900c2365,2758.784000,2867.108000,108.324000,2.790268,ok
10,True,64,8,0x0619d4d1900c2365,2758.651000,2862.656000,104.005000,2.794608,ok
10,True,65,8,0x0619d4d1900c2365,2744.720000,2848.751000,104.031000,2.808248,ok
10,True,66,8,0x0619d4d1900c2365,2732.737000,2839.677000,106.940000,2.817222,ok
10,True,67,8,0x0619d4d1900c2365,2722.690000,2829.506000,106.816000,2.827349,ok
10,True,68,8,0x0619d4d1900c2365,2707.259000,2831.148000,123.889000,2.825709,ok
10,True,69,8,0x0619d4d1900c2365,2699.642000,2830.467000,130.825000,2.826389,ok
10,True,70,8,0x0619d4d1900c2365,2712.457000,2840.291000,127.834000,2.816613,ok
10,True,71,8,0x0619d4d1900c2365,2713.590000,2836.552000,122.962000,2.820326,ok
10,True,72,8,0x0619d4d1900c2365,2718.563000,2845.050000,126.487000,2.811901,ok
10,True,73,8,0x0619d4d1900c2365,2717.122000,2837.705000,120.583000,2.819180,ok
10,True,74,8,0x0619d4d1900c2365,2738.293000,2859.031000,120.738000,2.798151,ok
10,True,75,8,0x0619d4d1900c2365,2733.214000,2854.725000,121.511000,2.802372,ok
10,True,76,8,0x0619d4d1900c2365,2735.623000,2849.106000,113.483000,2.807898,ok
10,True,77,8,0x0619d4d1900c2365,2729.307000,2842.608000,113.301000,2.814317,ok
10,True,78,8,0x0619d4d1900c2365,2726.249000,2836.874000,110.625000,2.820005,ok
10,True,79,8,0x0619d4d1900c2365,2721.169000,2831.794000,110.625000,2.825064,ok
10,True,80,8,0x0619d4d1900c2365,2716.016000,2830.153000,114.137000,2.826702,ok
10,True,81,8,0x0619d4d1900c2365,2710.926000,2824.930000,114.004000,2.831929,ok
10,True,82,8,0x0619d4d1900c2365,2709.049000,2821.395000,112.346000,2.835477,ok
10,True,83,8,0x0619d4d1900c2365,2703.964000,2816.416000,112.452000,2.840489,ok
10,True,84,8,0x0619d4d1900c2365,2698.798000,2811.780000,112.982000,2.845173,ok
10,True,85,8,0x0619d4d1900c2365,2694.842000,2807.969000,113.127000,2.849034,ok
10,True,86,8,0x0619d4d1900c2365,2688.391000,2803.782000,115.391000,2.853289,ok
10,True,87,8,0x0619d4d1900c2365,2683.298000,2798.560000,115.262000,2.858613,ok
10,True,88,8,0x0619d4d1900c2365,2681.318000,2797.113000,115.795000,2.860092,ok
10,True,89,8,0x0619d4d1900c2365,2678.782000,2794.463000,115.681000,2.862804,ok
10,True,90,8,0x0619d4d1900c2365,2674.220000,2786.935000,112.715000,2.870537,ok
10,True,91,8,0x0619d4d1900c2365,2675.488000,2788.348000,112.860000,2.869082,ok
10,True,92,8,0x0619d4d1900c2365,2680.946000,2799.742000,118.796000,2.857406,ok
10,True,93,8,0x0619d4d1900c2365,2679.683000,2798.635000,118.952000,2.858536,ok
10,True,94,8,0x0619d4d1900c2365,2690.155000,2805.170000,115.015000,2.851877,ok
10,True,95,8,0x0619d4d1900c2365,2690.155000,2805.033000,114.878000,2.852016,ok
10,True,96,8,0x0619d4d1900c2365,2702.532000,2813.497000,110.965000,2.843436,ok
10,True,97,8,0x0619d4d1900c2365,2702.531000,2813.495000,110.964000,2.843438,ok
10,True,98,8,0x0619d4d1900c2365,2709.459000,2822.009000,112.550000,2.834860,ok
10,True,99,8,0x0619d4d1900c2365,2709.456000,2822.007000,112.551000,2.834862,ok
10,True,100,8,0x0619d4d1900c2365,2702.022000,2818.244000,116.222000,2.838647,ok
10,True,101,8,0x0619d4d1900c2365,2694.423000,2810.766000,116.343000,2.846199,ok
10,True,102,8,0x0619d4d1900c2365,2686.082000,2800.886000,114.804000,2.856239,ok
10,True,103,8,0x0619d4d1900c2365,2681.018000,2795.679000,114.661000,2.861559,ok
10,True,104,8,0x0619d4d1900c2365,2669.381000,2780.532000,111.151000,2.877147,ok
10,True,105,8,0x0619d4d1900c2365,2669.380000,2780.692000,111.312000,2.876982,ok
10,True,106,8,0x0619d4d1900c2365,2641.566000,2754.992000,113.426000,2.903820,ok
10,True,107,8,0x0619d4d1900c2365,2641.565000,2754.941000,113.376000,2.903873,ok
10,True,108,8,0x0619d4d1900c2365,2642.102000,2756.383000,114.281000,2.902354,ok
10,True,109,8,0x0619d4d1900c2365,2642.101000,2756.264000,114.163000,2.902480,ok
10,True,110,8,0x0619d4d1900c2365,2645.799000,2756.143000,110.344000,2.902607,ok
10,True,111,8,0x0619d4d1900c2365,2645.797000,2756.141000,110.344000,2.902609,ok
10,True,112,8,0x0619d4d1900c2365,2641.420000,2751.272000,109.852000,2.907746,ok
10,True,113,8,0x0619d4d1900c2365,2641.419000,2751.271000,109.852000,2.907747,ok
10,True,114,8,0x0619d4d1900c2365,2636.653000,2748.818000,112.165000,2.910342,ok
10,True,115,8,0x0619d4d1900c2365,2636.650000,2748.689000,112.039000,2.910478,ok
10,True,116,8,0x0619d4d1900c2365,2634.744000,2749.600000,114.856000,2.909514,ok
10,True,117,8,0x0619d4d1900c2365,2634.742000,2748.906000,114.164000,2.910249,ok
10,True,118,8,0x0619d4d1900c2365,2629.889000,2786.900000,157.011000,2.870573,ok
10,True,119,8,0x0619d4d1900c2365,2630.565000,2797.407000,166.842000,2.859791,ok
10,True,120,8,0x0619d4d1900c2365,2729.940000,2857.576000,127.636000,2.799576,ok
10,True,121,8,0x0619d4d1900c2365,2734.818000,2860.640000,125.822000,2.796577,ok
10,True,122,8,0x0619d4d1900c2365,2742.301000,2868.490000,126.189000,2.788924,ok
10,True,123,8,0x0619d4d1900c2365,2744.110000,2869.242000,125.132000,2.788193,ok
10,True,124,8,0x0619d4d1900c2365,2746.131000,2869.381000,123.250000,2.788058,ok
10,True,125,8,0x0619d4d1900c2365,2748.299000,2869.498000,121.199000,2.787944,ok
10,True,126,8,0x0619d4d1900c2365,2753.227000,2955.633000,202.406000,2.706696,ok
10,True,127,8,0x0619d4d1900c2365,2753.225000,2959.863000,206.638000,2.702828,ok
10,True,128,8,0x0619d4d1900c2365,2842.862000,2969.188000,126.326000,2.694339,ok
10,True,129,8,0x0619d4d1900c2365,2847.548000,2973.725000,126.177000,2.690229,ok
10,True,130,8,0x0619d4d1900c2365,2852.728000,2979.023000,126.295000,2.685444,ok
10,True,131,8,0x0619d4d1900c2365,2857.554000,2983.024000,125.470000,2.681842,ok
10,True,132,8,0x0619d4d1900c2365,2859.507000,2986.198000,126.691000,2.678992,ok
10,True,133,8,0x0619d4d1900c2365,2863.550000,2988.871000,125.321000,2.676596,ok
10,True,134,8,0x0619d4d1900c2365,2869.034000,2994.918000,125.884000,2.671192,ok
10,True,135,8,0x0619d4d1900c2365,2871.675000,2995.463000,123.788000,2.670706,ok
10,True,136,8,0x0619d4d1900c2365,2881.622000,2993.674000,112.052000,2.672302,ok
10,True,137,8,0x0619d4d1900c2365,2880.587000,2992.511000,111.924000,2.673340,ok
10,True,138,8,0x0619d4d1900c2365,2879.921000,2998.573000,118.652000,2.667936,ok
10,True,139,8,0x0619d4d1900c2365,2879.920000,2998.463000,118.543000,2.668034,ok
10,True,140,8,0x0619d4d1900c2365,2885.472000,3004.466000,118.994000,2.662703,ok
10,True,141,8,0x0619d4d1900c2365,2885.592000,3004.574000,118.982000,2.662607,ok
10,True,142,8,0x0619d4d1900c2365,2897.778000,3012.514000,114.736000,2.655589,ok
10,True,143,8,0x0619d4d1900c2365,2897.777000,3012.375000,114.598000,2.655712,ok
10,True,144,8,0x0619d4d1900c2365,2902.383000,3016.472000,114.089000,2.652105,ok
10,True,145,8,0x0619d4d1900c2365,2902.320000,3016.465000,114.145000,2.652111,ok
10,True,146,8,0x0619d4d1900c2365,2906.665000,3020.402000,113.737000,2.648654,ok
10,True,147,8,0x0619d4d1900c2365,2906.665000,3020.563000,113.898000,2.648513,ok
10,True,148,8,0x0619d4d1900c2365,2909.702000,3036.520000,126.818000,2.634595,ok
10,True,149,8,0x0619d4d1900c2365,2909.702000,3042.610000,132.908000,2.629322,ok
10,True,150,8,0x0619d4d1900c2365,2884.143000,3017.056000,132.913000,2.651591,ok
10,True,151,8,0x0619d4d1900c2365,2873.379000,3004.488000,131.109000,2.662683,ok
10,True,152,8,0x0619d4d1900c2365,2835.798000,2964.884000,129.086000,2.698251,ok
10,True,153,8,0x0619d4d1900c2365,2837.159000,2964.940000,127.781000,2.698200,ok
10,True,154,8,0x0619d4d1900c2365,2844.417000,2973.050000,128.633000,2.690839,ok
10,True,155,8,0x0619d4d1900c2365,2845.701000,2972.460000,126.759000,2.691373,ok
10,True,156,8,0x0619d4d1900c2365,2856.431000,2972.062000,115.631000,2.691734,ok
10,True,157,8,0x0619d4d1900c2365,2856.923000,2972.026000,115.103000,2.691766,ok
10,True,158,8,0x0619d4d1900c2365,2776.060000,2914.561000,138.501000,2.744839,ok
10,True,159,8,0x0619d4d1900c2365,2770.993000,2909.494000,138.501000,2.749619,ok
10,True,160,8,0x0619d4d1900c2365,2814.868000,2943.294000,128.426000,2.718043,ok
10,True,161,8,0x0619d4d1900c2365,2829.874000,2957.938000,128.064000,2.704587,ok
10,True,162,8,0x0619d4d1900c2365,2828.570000,2956.608000,128.038000,2.705803,ok
10,True,163,8,0x0619d4d1900c2365,2835.092000,2962.252000,127.160000,2.700648,ok
10,True,164,8,0x0619d4d1900c2365,2836.035000,2963.081000,127.046000,2.699892,ok
10,True,165,8,0x0619d4d1900c2365,2842.930000,2968.435000,125.505000,2.695023,ok
10,True,166,8,0x0619d4d1900c2365,2839.215000,2964.934000,125.719000,2.698205,ok
10,True,167,8,0x0619d4d1900c2365,2847.518000,2972.632000,125.114000,2.691218,ok
10,True,168,8,0x0619d4d1900c2365,2854.340000,2979.744000,125.404000,2.684794,ok
10,True,169,8,0x0619d4d1900c2365,2862.400000,2987.554000,125.154000,2.677776,ok
10,True,170,8,0x0619d4d1900c2365,2858.178000,2984.219000,126.041000,2.680768,ok
10,True,171,8,0x0619d4d1900c2365,2866.930000,2991.865000,124.935000,2.673917,ok
10,True,172,8,0x0619d4d1900c2365,2863.229000,2988.915000,125.686000,2.676557,ok
10,True,173,8,0x0619d4d1900c2365,2871.599000,2996.453000,124.854000,2.669823,ok
10,True,174,8,0x0619d4d1900c2365,2870.801000,2996.328000,125.527000,2.669935,ok
10,True,175,8,0x0619d4d1900c2365,2878.307000,3003.309000,125.002000,2.663729,ok
10,True,176,8,0x0619d4d1900c2365,2878.850000,3004.454000,125.604000,2.662713,ok
10,True,177,8,0x0619d4d1900c2365,2886.053000,3011.788000,125.735000,2.656229,ok
10,True,178,8,0x0619d4d1900c2365,2888.980000,3014.211000,125.231000,2.654094,ok
10,True,179,8,0x0619d4d1900c2365,2895.824000,3021.116000,125.292000,2.648028,ok
10,True,180,8,0x0619d4d1900c2365,2883.809000,3011.930000,128.121000,2.656104,ok
10,True,181,8,0x0619d4d1900c2365,2887.666000,3015.387000,127.721000,2.653059,ok
10,True,182,8,0x0619d4d1900c2365,2878.691000,3007.112000,128.421000,2.660360,ok
10,True,183,8,0x0619d4d1900c2365,2883.759000,3010.631000,126.872000,2.657250,ok
10,True,184,8,0x0619d4d1900c2365,2875.140000,3002.126000,126.986000,2.664778,ok
10,True,185,8,0x0619d4d1900c2365,2880.079000,3004.610000,124.531000,2.662575,ok
10,True,186,8,0x0619d4d1900c2365,2868.830000,2997.157000,128.327000,2.669196,ok
10,True,187,8,0x0619d4d1900c2365,2872.994000,3000.189000,127.195000,2.666499,ok
10,True,188,8,0x0619d4d1900c2365,2881.298000,3009.831000,128.533000,2.657957,ok
10,True,189,8,0x0619d4d1900c2365,2885.907000,3013.902000,127.995000,2.654366,ok
10,True,190,8,0x0619d4d1900c2365,2847.758000,2974.235000,126.477000,2.689767,ok
10,True,191,8,0x0619d4d1900c2365,2851.910000,2977.403000,125.493000,2.686905,ok
10,True,192,8,0x0619d4d1900c2365,2835.803000,2962.968000,127.165000,2.699995,ok
10,True,193,8,0x0619d4d1900c2365,2827.785000,2953.449000,125.664000,2.708698,ok
10,True,194,8,0x0619d4d1900c2365,2829.778000,2953.557000,123.779000,2.708598,ok
10,True,195,8,0x0619d4d1900c2365,2823.122000,2944.959000,121.837000,2.716506,ok
10,True,196,8,0x0619d4d1900c2365,2822.612000,2935.250000,112.638000,2.725492,ok
10,True,197,8,0x0619d4d1900c2365,2814.974000,2927.607000,112.633000,2.732607,ok
10,True,198,8,0x0619d4d1900c2365,2810.786000,2928.416000,117.630000,2.731852,ok
10,True,199,8,0x0619d4d1900c2365,2803.329000,2920.950000,117.621000,2.738835,ok
