trial_index,measured_for_timing,completion_index,n_tokens_generated,generated_token_hash,ttft_ms,total_ms,total_minus_ttft_ms,tokens_per_second,status
0,False,0,8,0x0619d4d1900c2365,58.746000,155.175000,96.429000,51.554696,ok
0,False,1,8,0x0619d4d1900c2365,58.737000,155.166000,96.429000,51.557687,ok
0,False,2,8,0x0619d4d1900c2365,207.719000,308.273000,100.554000,25.951024,ok
0,False,3,8,0x0619d4d1900c2365,207.715000,308.272000,100.557000,25.951108,ok
0,False,4,8,0x0619d4d1900c2365,361.712000,460.075000,98.363000,17.388469,ok
0,False,5,8,0x0619d4d1900c2365,361.712000,460.075000,98.363000,17.388469,ok
0,False,6,8,0x0619d4d1900c2365,514.324000,619.515000,105.191000,12.913327,ok
0,False,7,8,0x0619d4d1900c2365,514.414000,619.417000,105.003000,12.915370,ok
0,False,8,8,0x0619d4d1900c2365,673.987000,785.424000,111.437000,10.185581,ok
0,False,9,8,0x0619d4d1900c2365,674.008000,786.700000,112.692000,10.169061,ok
0,False,10,8,0x0619d4d1900c2365,840.435000,962.551000,122.116000,8.311248,ok
0,False,11,8,0x0619d4d1900c2365,851.512000,983.747000,132.235000,8.132172,ok
0,False,12,8,0x0619d4d1900c2365,1025.479000,1156.922000,131.443000,6.914900,ok
0,False,13,8,0x0619d4d1900c2365,1046.163000,1180.816000,134.653000,6.774976,ok
0,False,14,8,0x0619d4d1900c2365,1217.252000,1345.458000,128.206000,5.945931,ok
0,False,15,8,0x0619d4d1900c2365,1241.596000,1372.226000,130.630000,5.829943,ok
0,False,16,8,0x0619d4d1900c2365,1408.919000,1532.350000,123.431000,5.220739,ok
0,False,17,8,0x0619d4d1900c2365,1433.327000,1566.072000,132.745000,5.108322,ok
0,False,18,8,0x0619d4d1900c2365,1594.033000,1714.824000,120.791000,4.665202,ok
0,False,19,8,0x0619d4d1900c2365,1623.231000,1739.484000,116.253000,4.599065,ok
0,False,20,8,0x0619d4d1900c2365,1772.789000,1893.319000,120.530000,4.225384,ok
0,False,21,8,0x0619d4d1900c2365,1795.896000,1915.930000,120.034000,4.175518,ok
0,False,22,8,0x0619d4d1900c2365,1949.372000,2068.518000,119.146000,3.867503,ok
0,False,23,8,0x0619d4d1900c2365,1972.296000,2092.641000,120.345000,3.822920,ok
0,False,24,8,0x0619d4d1900c2365,2124.257000,2244.860000,120.603000,3.563697,ok
0,False,25,8,0x0619d4d1900c2365,2148.907000,2268.662000,119.755000,3.526308,ok
0,False,26,8,0x0619d4d1900c2365,2301.059000,2421.124000,120.065000,3.304250,ok
0,False,27,8,0x0619d4d1900c2365,2324.767000,2444.714000,119.947000,3.272366,ok
0,False,28,8,0x0619d4d1900c2365,2476.811000,2596.928000,120.117000,3.080563,ok
0,False,29,8,0x0619d4d1900c2365,2501.043000,2620.563000,119.520000,3.052779,ok
0,False,30,8,0x0619d4d1900c2365,2652.832000,2773.444000,120.612000,2.884500,ok
0,False,31,8,0x0619d4d1900c2365,2676.954000,2797.024000,120.070000,2.860183,ok
0,False,32,8,0x0619d4d1900c2365,2673.055000,2794.037000,120.982000,2.863241,ok
0,False,33,8,0x0619d4d1900c2365,2696.825000,2816.654000,119.829000,2.840249,ok
0,False,34,8,0x0619d4d1900c2365,2697.140000,2818.463000,121.323000,2.838426,ok
0,False,35,8,0x0619d4d1900c2365,2720.209000,2840.688000,120.479000,2.816219,ok
0,False,36,8,0x0619d4d1900c2365,2723.280000,2844.909000,121.629000,2.812041,ok
0,False,37,8,0x0619d4d1900c2365,2745.927000,2866.155000,120.228000,2.791196,ok
0,False,38,8,0x0619d4d1900c2365,2739.976000,2861.833000,121.857000,2.795411,ok
0,False,39,8,0x0619d4d1900c2365,2762.761000,2883.670000,120.909000,2.774243,ok
0,False,40,8,0x0619d4d1900c2365,2752.207000,2874.347000,122.140000,2.783241,ok
0,False,41,8,0x0619d4d1900c2365,2773.195000,2894.420000,121.225000,2.763939,ok
0,False,42,8,0x0619d4d1900c2365,2752.714000,2874.893000,122.179000,2.782712,ok
0,False,43,8,0x0619d4d1900c2365,2752.916000,2873.907000,120.991000,2.783667,ok
0,False,44,8,0x0619d4d1900c2365,2737.211000,2859.747000,122.536000,2.797450,ok
0,False,45,8,0x0619d4d1900c2365,2733.673000,2854.803000,121.130000,2.802295,ok
0,False,46,8,0x0619d4d1900c2365,2727.438000,2849.002000,121.564000,2.808001,ok
0,False,47,8,0x0619d4d1900c2365,2720.068000,2841.792000,121.724000,2.815125,ok
0,False,48,8,0x0619d4d1900c2365,2717.310000,2840.065000,122.755000,2.816837,ok
0,False,49,8,0x0619d4d1900c2365,2702.972000,2824.341000,121.369000,2.832519,ok
0,False,50,8,0x0619d4d1900c2365,2715.968000,2840.484000,124.516000,2.816421,ok
0,False,51,8,0x0619d4d1900c2365,2711.211000,2834.525000,123.314000,2.822342,ok
0,False,52,8,0x0619d4d1900c2365,2722.994000,2844.300000,121.306000,2.812643,ok
0,False,53,8,0x0619d4d1900c2365,2718.034000,2837.149000,119.115000,2.819732,ok
0,False,54,8,0x0619d4d1900c2365,2729.929000,2853.092000,123.163000,2.803975,ok
0,False,55,8,0x0619d4d1900c2365,2720.419000,2843.392000,122.973000,2.813541,ok
0,False,56,8,0x0619d4d1900c2365,2736.904000,2860.844000,123.940000,2.796378,ok
0,False,57,8,0x0619d4d1900c2365,2728.160000,2851.435000,123.275000,2.805605,ok
0,False,58,8,0x0619d4d1900c2365,2744.782000,2868.626000,123.844000,2.788792,ok
0,False,59,8,0x0619d4d1900c2365,2736.602000,2860.400000,123.798000,2.796812,ok
0,False,60,8,0x0619d4d1900c2365,2754.424000,2877.125000,122.701000,2.780554,ok
0,False,61,8,0x0619d4d1900c2365,2744.977000,2868.593000,123.616000,2.788824,ok
0,False,62,8,0x0619d4d1900c2365,2760.762000,2884.537000,123.775000,2.773409,ok
0,False,63,8,0x0619d4d1900c2365,2752.408000,2875.943000,123.535000,2.781696,ok
0,False,64,8,0x0619d4d1900c2365,2768.836000,2890.065000,121.229000,2.768104,ok
0,False,65,8,0x0619d4d1900c2365,2761.717000,2883.028000,121.311000,2.774860,ok
0,False,66,8,0x0619d4d1900c2365,2773.596000,2897.893000,124.297000,2.760626,ok
0,False,67,8,0x0619d4d1900c2365,2766.213000,2889.351000,123.138000,2.768788,ok
0,False,68,8,0x0619d4d1900c2365,2780.275000,2903.603000,123.328000,2.755198,ok
0,False,69,8,0x0619d4d1900c2365,2773.255000,2896.902000,123.647000,2.761571,ok
0,False,70,8,0x0619d4d1900c2365,2787.263000,2912.425000,125.162000,2.746852,ok
0,False,71,8,0x0619d4d1900c2365,2780.775000,2904.112000,123.337000,2.754715,ok
0,False,72,8,0x0619d4d1900c2365,2795.579000,2919.519000,123.940000,2.740177,ok
0,False,73,8,0x0619d4d1900c2365,2787.122000,2912.038000,124.916000,2.747217,ok
0,False,74,8,0x0619d4d1900c2365,2801.790000,2923.627000,121.837000,2.736327,ok
0,False,75,8,0x0619d4d1900c2365,2795.916000,2917.873000,121.957000,2.741723,ok
0,False,76,8,0x0619d4d1900c2365,2805.366000,2925.786000,120.420000,2.734308,ok
0,False,77,8,0x0619d4d1900c2365,2801.030000,2921.213000,120.183000,2.738588,ok
0,False,78,8,0x0619d4d1900c2365,2808.785000,2927.499000,118.714000,2.732708,ok
0,False,79,8,0x0619d4d1900c2365,2804.683000,2924.094000,119.411000,2.735890,ok
0,False,80,8,0x0619d4d1900c2365,2809.744000,2928.879000,119.135000,2.731420,ok
0,False,81,8,0x0619d4d1900c2365,2806.134000,2925.386000,119.252000,2.734682,ok
0,False,82,8,0x0619d4d1900c2365,2806.403000,2926.738000,120.335000,2.733419,ok
0,False,83,8,0x0619d4d1900c2365,2803.218000,2924.982000,121.764000,2.735060,ok
0,False,84,8,0x0619d4d1900c2365,2805.394000,2928.918000,123.524000,2.731384,ok
0,False,85,8,0x0619d4d1900c2365,2806.938000,2928.090000,121.152000,2.732156,ok
0,False,86,8,0x0619d4d1900c2365,2803.268000,2923.366000,120.098000,2.736571,ok
0,False,87,8,0x0619d4d1900c2365,2804.315000,2924.099000,119.784000,2.735885,ok
0,False,88,8,0x0619d4d1900c2365,2798.973000,2912.193000,113.220000,2.747071,ok
0,False,89,8,0x0619d4d1900c2365,2800.858000,2913.883000,113.025000,2.745477,ok
0,False,90,8,0x0619d4d1900c2365,2788.926000,2906.465000,117.539000,2.752485,ok
0,False,91,8,0x0619d4d1900c2365,2790.743000,2907.879000,117.136000,2.751146,ok
0,False,92,8,0x0619d4d1900c2365,2782.645000,2905.574000,122.929000,2.753329,ok
0,False,93,8,0x0619d4d1900c2365,2782.788000,2904.743000,121.955000,2.754116,ok
0,False,94,8,0x0619d4d1900c2365,2780.778000,2898.170000,117.392000,2.760363,ok
0,False,95,8,0x0619d4d1900c2365,2781.527000,2898.023000,116.496000,2.760503,ok
0,False,96,8,0x0619d4d1900c2365,2776.480000,2895.121000,118.641000,2.763270,ok
0,False,97,8,0x0619d4d1900c2365,2774.989000,2893.638000,118.649000,2.764686,ok
0,False,98,8,0x0619d4d1900c2365,2769.552000,2881.368000,111.816000,2.776459,ok
0,False,99,8,0x0619d4d1900c2365,2770.164000,2881.782000,111.618000,2.776060,ok
0,False,100,8,0x0619d4d1900c2365,2756.360000,2875.309000,118.949000,2.782310,ok
0,False,101,8,0x0619d4d1900c2365,2756.309000,2875.196000,118.887000,2.782419,ok
0,False,102,8,0x0619d4d1900c2365,2748.204000,2865.846000,117.642000,2.791497,ok
0,False,103,8,0x0619d4d1900c2365,2751.007000,2868.410000,117.403000,2.789002,ok
0,False,104,8,0x0619d4d1900c2365,2740.927000,2860.182000,119.255000,2.797025,ok
0,False,105,8,0x0619d4d1900c2365,2742.311000,2860.972000,118.661000,2.796252,ok
0,False,106,8,0x0619d4d1900c2365,2735.768000,2854.713000,118.945000,2.802383,ok
0,False,107,8,0x0619d4d1900c2365,2737.030000,2855.937000,118.907000,2.801182,ok
0,False,108,8,0x0619d4d1900c2365,2733.752000,2852.566000,118.814000,2.804493,ok
0,False,109,8,0x0619d4d1900c2365,2734.963000,2853.980000,119.017000,2.803103,ok
0,False,110,8,0x0619d4d1900c2365,2733.350000,2852.849000,119.499000,2.804214,ok
0,False,111,8,0x0619d4d1900c2365,2732.207000,2851.577000,119.370000,2.805465,ok
0,False,112,8,0x0619d4d1900c2365,2731.060000,2845.286000,114.226000,2.811668,ok
0,False,113,8,0x0619d4d1900c2365,2731.155000,2844.840000,113.685000,2.812109,ok
0,False,114,8,0x0619d4d1900c2365,2724.687000,2840.627000,115.940000,2.816280,ok
0,False,115,8,0x0619d4d1900c2365,2722.034000,2838.095000,116.061000,2.818792,ok
0,False,116,8,0x0619d4d1900c2365,2716.231000,2828.012000,111.781000,2.828842,ok
0,False,117,8,0x0619d4d1900c2365,2715.179000,2826.831000,111.652000,2.830024,ok
0,False,118,8,0x0619d4d1900c2365,2708.007000,2826.526000,118.519000,2.830330,ok
0,False,119,8,0x0619d4d1900c2365,2707.446000,2825.921000,118.475000,2.830935,ok
0,False,120,8,0x0619d4d1900c2365,2712.040000,2830.990000,118.950000,2.825867,ok
0,False,121,8,0x0619d4d1900c2365,2711.639000,2830.284000,118.645000,2.826571,ok
0,False,122,8,0x0619d4d1900c2365,2711.910000,2833.769000,121.859000,2.823095,ok
0,False,123,8,0x0619d4d1900c2365,2711.229000,2833.519000,122.290000,2.823344,ok
0,False,124,8,0x0619d4d1900c2365,2710.039000,2825.847000,115.808000,2.831010,ok
0,False,125,8,0x0619d4d1900c2365,2710.662000,2827.755000,117.093000,2.829099,ok
0,False,126,8,0x0619d4d1900c2365,2708.570000,2825.981000,117.411000,2.830875,ok
0,False,127,8,0x0619d4d1900c2365,2708.145000,2826.147000,118.002000,2.830709,ok
0,False,128,8,0x0619d4d1900c2365,2706.544000,2823.296000,116.752000,2.833568,ok
0,False,129,8,0x0619d4d1900c2365,2707.737000,2824.117000,116.380000,2.832744,ok
0,False,130,8,0x0619d4d1900c2365,2711.464000,2829.604000,118.140000,2.827251,ok
0,False,131,8,0x0619d4d1900c2365,2710.414000,2827.677000,117.263000,2.829177,ok
0,False,132,8,0x0619d4d1900c2365,2709.460000,2820.098000,110.638000,2.836781,ok
0,False,133,8,0x0619d4d1900c2365,2709.611000,2820.826000,111.215000,2.836049,ok
0,False,134,8,0x0619d4d1900c2365,2703.044000,2822.953000,119.909000,2.833912,ok
0,False,135,8,0x0619d4d1900c2365,2703.116000,2822.844000,119.728000,2.834021,ok
0,False,136,8,0x0619d4d1900c2365,2702.944000,2819.650000,116.706000,2.837232,ok
0,False,137,8,0x0619d4d1900c2365,2704.089000,2821.114000,117.025000,2.835759,ok
0,False,138,8,0x0619d4d1900c2365,2701.123000,2816.437000,115.314000,2.840468,ok
0,False,139,8,0x0619d4d1900c2365,2700.102000,2816.676000,116.574000,2.840227,ok
0,False,140,8,0x0619d4d1900c2365,2698.030000,2816.613000,118.583000,2.840291,ok
0,False,141,8,0x0619d4d1900c2365,2697.018000,2814.919000,117.901000,2.842000,ok
0,False,142,8,0x0619d4d1900c2365,2696.916000,2814.828000,117.912000,2.842092,ok
0,False,143,8,0x0619d4d1900c2365,2695.703000,2814.785000,119.082000,2.842135,ok
0,False,144,8,0x0619d4d1900c2365,2699.777000,2817.392000,117.615000,2.839505,ok
0,False,145,8,0x0619d4d1900c2365,2701.512000,2818.463000,116.951000,2.838426,ok
0,False,146,8,0x0619d4d1900c2365,2702.394000,2819.842000,117.448000,2.837038,ok
0,False,147,8,0x0619d4d1900c2365,2701.946000,2819.196000,117.250000,2.837688,ok
0,False,148,8,0x0619d4d1900c2365,2707.241000,2824.439000,117.198000,2.832421,ok
0,False,149,8,0x0619d4d1900c2365,2707.515000,2824.198000,116.683000,2.832663,ok
0,False,150,8,0x0619d4d1900c2365,2703.875000,2818.227000,114.352000,2.838664,ok
0,False,151,8,0x0619d4d1900c2365,2704.389000,2818.658000,114.269000,2.838230,ok
0,False,152,8,0x0619d4d1900c2365,2700.715000,2819.769000,119.054000,2.837112,ok
0,False,153,8,0x0619d4d1900c2365,2700.599000,2819.206000,118.607000,2.837678,ok
0,False,154,8,0x0619d4d1900c2365,2698.675000,2817.340000,118.665000,2.839558,ok
0,False,155,8,0x0619d4d1900c2365,2698.274000,2816.367000,118.093000,2.840539,ok
0,False,156,8,0x0619d4d1900c2365,2701.166000,2822.898000,121.732000,2.833967,ok
0,False,157,8,0x0619d4d1900c2365,2700.518000,2822.146000,121.628000,2.834722,ok
0,False,158,8,0x0619d4d1900c2365,2705.322000,2819.384000,114.062000,2.837499,ok
0,False,159,8,0x0619d4d1900c2365,2705.213000,2819.540000,114.327000,2.837342,ok
0,False,160,8,0x0619d4d1900c2365,2703.369000,2821.477000,118.108000,2.835394,ok
0,False,161,8,0x0619d4d1900c2365,2702.833000,2820.813000,117.980000,2.836062,ok
0,False,162,8,0x0619d4d1900c2365,2703.150000,2822.223000,119.073000,2.834645,ok
0,False,163,8,0x0619d4d1900c2365,2704.283000,2823.220000,118.937000,2.833644,ok
0,False,164,8,0x0619d4d1900c2365,2712.091000,2831.344000,119.253000,2.825513,ok
0,False,165,8,0x0619d4d1900c2365,2711.882000,2831.942000,120.060000,2.824917,ok
0,False,166,8,0x0619d4d1900c2365,2712.348000,2834.612000,122.264000,2.822256,ok
0,False,167,8,0x0619d4d1900c2365,2711.461000,2833.555000,122.094000,2.823309,ok
0,False,168,8,0x0619d4d1900c2365,2718.269000,2840.446000,122.177000,2.816459,ok
0,False,169,8,0x0619d4d1900c2365,2717.136000,2839.401000,122.265000,2.817496,ok
0,False,170,8,0x0619d4d1900c2365,2725.506000,2847.367000,121.861000,2.809613,ok
0,False,171,8,0x0619d4d1900c2365,2724.711000,2846.406000,121.695000,2.810562,ok
0,False,172,8,0x0619d4d1900c2365,2729.394000,2851.605000,122.211000,2.805438,ok
0,False,173,8,0x0619d4d1900c2365,2729.743000,2852.591000,122.848000,2.804468,ok
0,False,174,8,0x0619d4d1900c2365,2732.385000,2852.414000,120.029000,2.804642,ok
0,False,175,8,0x0619d4d1900c2365,2733.482000,2853.675000,120.193000,2.803403,ok
0,False,176,8,0x0619d4d1900c2365,2735.928000,2854.768000,118.840000,2.802329,ok
0,False,177,8,0x0619d4d1900c2365,2735.718000,2854.285000,118.567000,2.802804,ok
0,False,178,8,0x0619d4d1900c2365,2737.280000,2854.347000,117.067000,2.802743,ok
0,False,179,8,0x0619d4d1900c2365,2738.335000,2855.662000,117.327000,2.801452,ok
0,False,180,8,0x0619d4d1900c2365,2737.974000,2857.763000,119.789000,2.799392,ok
0,False,181,8,0x0619d4d1900c2365,2739.399000,2858.453000,119.054000,2.798717,ok
0,False,182,8,0x0619d4d1900c2365,2744.260000,2862.367000,118.107000,2.794890,ok
0,False,183,8,0x0619d4d1900c2365,2744.182000,2861.886000,117.704000,2.795359,ok
0,False,184,8,0x0619d4d1900c2365,2743.267000,2857.632000,114.365000,2.799521,ok
0,False,185,8,0x0619d4d1900c2365,2742.628000,2858.036000,115.408000,2.799125,ok
0,False,186,8,0x0619d4d1900c2365,2740.384000,2852.095000,111.711000,2.804956,ok
0,False,187,8,0x0619d4d1900c2365,2740.549000,2852.666000,112.117000,2.804394,ok
0,False,188,8,0x0619d4d1900c2365,2730.216000,2847.509000,117.293000,2.809473,ok
0,False,189,8,0x0619d4d1900c2365,2731.696000,2848.358000,116.662000,2.808636,ok
0,False,190,8,0x0619d4d1900c2365,2734.831000,2850.727000,115.896000,2.806302,ok
0,False,191,8,0x0619d4d1900c2365,2733.331000,2849.133000,115.802000,2.807872,ok
0,False,192,8,0x0619d4d1900c2365,2732.632000,2844.488000,111.856000,2.812457,ok
0,False,193,8,0x0619d4d1900c2365,2732.206000,2844.626000,112.420000,2.812320,ok
0,False,194,8,0x0619d4d1900c2365,2724.700000,2843.124000,118.424000,2.813806,ok
0,False,195,8,0x0619d4d1900c2365,2724.088000,2842.684000,118.596000,2.814242,ok
0,False,196,8,0x0619d4d1900c2365,2723.534000,2842.187000,118.653000,2.814734,ok
0,False,197,8,0x0619d4d1900c2365,2723.145000,2841.443000,118.298000,2.815471,ok
0,False,198,8,0x0619d4d1900c2365,2718.267000,2831.899000,113.632000,2.824960,ok
0,False,199,8,0x0619d4d1900c2365,2718.931000,2832.649000,113.718000,2.824212,ok
1,True,0,8,0x0619d4d1900c2365,52.035000,144.164000,92.129000,55.492356,ok
1,True,1,8,0x0619d4d1900c2365,52.025000,144.153000,92.128000,55.496590,ok
1,True,2,8,0x0619d4d1900c2365,195.182000,297.114000,101.932000,26.925692,ok
1,True,3,8,0x0619d4d1900c2365,195.424000,297.218000,101.794000,26.916270,ok
1,True,4,8,0x0619d4d1900c2365,348.259000,447.954000,99.695000,17.858977,ok
1,True,5,8,0x0619d4d1900c2365,348.281000,447.964000,99.683000,17.858578,ok
1,True,6,8,0x0619d4d1900c2365,504.130000,619.629000,115.499000,12.910952,ok
1,True,7,8,0x0619d4d1900c2365,504.021000,619.757000,115.736000,12.908285,ok
1,True,8,8,0x0619d4d1900c2365,675.659000,777.757000,102.098000,10.285989,ok
1,True,9,8,0x0619d4d1900c2365,675.633000,777.757000,102.124000,10.285989,ok
1,True,10,8,0x0619d4d1900c2365,834.171000,952.553000,118.382000,8.398483,ok
1,True,11,8,0x0619d4d1900c2365,835.611000,960.542000,124.931000,8.328631,ok
1,True,12,8,0x0619d4d1900c2365,1016.802000,1139.505000,122.703000,7.020592,ok
1,True,13,8,0x0619d4d1900c2365,1028.735000,1152.912000,124.177000,6.938951,ok
1,True,14,8,0x0619d4d1900c2365,1212.268000,1338.704000,126.436000,5.975929,ok
1,True,15,8,0x0619d4d1900c2365,1221.946000,1350.534000,128.588000,5.923583,ok
1,True,16,8,0x0619d4d1900c2365,1401.097000,1528.331000,127.234000,5.234468,ok
1,True,17,8,0x0619d4d1900c2365,1412.922000,1540.390000,127.468000,5.193490,ok
1,True,18,8,0x0619d4d1900c2365,1590.398000,1716.847000,126.449000,4.659705,ok
1,True,19,8,0x0619d4d1900c2365,1602.473000,1729.407000,126.934000,4.625863,ok
1,True,20,8,0x0619d4d1900c2365,1778.866000,1904.442000,125.576000,4.200706,ok
1,True,21,8,0x0619d4d1900c2365,1791.455000,1918.013000,126.558000,4.170983,ok
1,True,22,8,0x0619d4d1900c2365,1966.343000,2089.020000,122.677000,3.829547,ok
1,True,23,8,0x0619d4d1900c2365,1980.218000,2104.632000,124.414000,3.801140,ok
1,True,24,8,0x0619d4d1900c2365,2150.826000,2275.202000,124.376000,3.516171,ok
1,True,25,8,0x0619d4d1900c2365,2166.712000,2291.544000,124.832000,3.491096,ok
1,True,26,8,0x0619d4d1900c2365,2337.023000,2458.964000,121.941000,3.253403,ok
1,True,27,8,0x0619d4d1900c2365,2353.864000,2474.639000,120.775000,3.232795,ok
1,True,28,8,0x0619d4d1900c2365,2521.249000,2653.236000,131.987000,3.015186,ok
1,True,29,8,0x0619d4d1900c2365,2537.038000,2672.116000,135.078000,2.993882,ok
1,True,30,8,0x0619d4d1900c2365,2718.439000,2846.914000,128.475000,2.810060,ok
1,True,31,8,0x0619d4d1900c2365,2736.655000,2864.824000,128.169000,2.792493,ok
1,True,32,8,0x0619d4d1900c2365,2766.748000,2893.301000,126.553000,2.765008,ok
1,True,33,8,0x0619d4d1900c2365,2784.471000,2909.814000,125.343000,2.749317,ok
1,True,34,8,0x0619d4d1900c2365,2805.226000,2933.360000,128.134000,2.727248,ok
1,True,35,8,0x0619d4d1900c2365,2822.827000,2950.333000,127.506000,2.711558,ok
1,True,36,8,0x0619d4d1900c2365,2846.594000,2972.979000,126.385000,2.690904,ok
1,True,37,8,0x0619d4d1900c2365,2862.535000,2989.801000,127.266000,2.675763,ok
1,True,38,8,0x0619d4d1900c2365,2866.902000,2994.710000,127.808000,2.671377,ok
1,True,39,8,0x0619d4d1900c2365,2882.929000,3010.149000,127.220000,2.657676,ok
1,True,40,8,0x0619d4d1900c2365,2902.000000,3027.232000,125.232000,2.642678,ok
1,True,41,8,0x0619d4d1900c2365,2918.987000,3044.595000,125.608000,2.627607,ok
1,True,42,8,0x0619d4d1900c2365,2917.590000,3045.398000,127.808000,2.626914,ok
1,True,43,8,0x0619d4d1900c2365,2927.519000,3053.825000,126.306000,2.619666,ok
1,True,44,8,0x0619d4d1900c2365,2923.382000,3046.189000,122.807000,2.626232,ok
1,True,45,8,0x0619d4d1900c2365,2925.659000,3049.024000,123.365000,2.623790,ok
1,True,46,8,0x0619d4d1900c2365,2911.254000,3033.061000,121.807000,2.637599,ok
1,True,47,8,0x0619d4d1900c2365,2916.580000,3038.357000,121.777000,2.633002,ok
1,True,48,8,0x0619d4d1900c2365,2908.038000,3030.318000,122.280000,2.639987,ok
1,True,49,8,0x0619d4d1900c2365,2911.146000,3033.614000,122.468000,2.637119,ok
1,True,50,8,0x0619d4d1900c2365,2906.194000,3029.260000,123.066000,2.640909,ok
1,True,51,8,0x0619d4d1900c2365,2909.585000,3033.657000,124.072000,2.637081,ok
1,True,52,8,0x0619d4d1900c2365,2906.649000,3029.274000,122.625000,2.640897,ok
1,True,53,8,0x0619d4d1900c2365,2910.786000,3032.471000,121.685000,2.638113,ok
1,True,54,8,0x0619d4d1900c2365,2910.710000,3033.753000,123.043000,2.636998,ok
1,True,55,8,0x0619d4d1900c2365,2910.372000,3033.667000,123.295000,2.637073,ok
1,True,56,8,0x0619d4d1900c2365,2911.489000,3033.291000,121.802000,2.637399,ok
1,True,57,8,0x0619d4d1900c2365,2911.626000,3034.466000,122.840000,2.636378,ok
1,True,58,8,0x0619d4d1900c2365,2913.814000,3039.529000,125.715000,2.631987,ok
1,True,59,8,0x0619d4d1900c2365,2915.282000,3041.219000,125.937000,2.630524,ok
1,True,60,8,0x0619d4d1900c2365,2909.518000,3038.994000,129.476000,2.632450,ok
1,True,61,8,0x0619d4d1900c2365,2908.222000,3037.262000,129.040000,2.633951,ok
1,True,62,8,0x0619d4d1900c2365,2910.122000,3037.664000,127.542000,2.633603,ok
1,True,63,8,0x0619d4d1900c2365,2909.886000,3036.381000,126.495000,2.634715,ok
1,True,64,8,0x0619d4d1900c2365,2910.844000,3034.001000,123.157000,2.636782,ok
1,True,65,8,0x0619d4d1900c2365,2909.963000,3033.442000,123.479000,2.637268,ok
1,True,66,8,0x0619d4d1900c2365,2905.544000,3029.152000,123.608000,2.641003,ok
1,True,67,8,0x0619d4d1900c2365,2904.865000,3028.758000,123.893000,2.641347,ok
1,True,68,8,0x0619d4d1900c2365,2901.970000,3022.590000,120.620000,2.646737,ok
1,True,69,8,0x0619d4d1900c2365,2901.732000,3022.756000,121.024000,2.646591,ok
1,True,70,8,0x0619d4d1900c2365,2894.603000,3023.083000,128.480000,2.646305,ok
1,True,71,8,0x0619d4d1900c2365,2895.495000,3023.728000,128.233000,2.645741,ok
1,True,72,8,0x0619d4d1900c2365,2896.523000,3024.880000,128.357000,2.644733,ok
1,True,73,8,0x0619d4d1900c2365,2896.535000,3024.195000,127.660000,2.645332,ok
1,True,74,8,0x0619d4d1900c2365,2896.362000,3020.538000,124.176000,2.648535,ok
1,True,75,8,0x0619d4d1900c2365,2898.011000,3021.985000,123.974000,2.647267,ok
1,True,76,8,0x0619d4d1900c2365,2898.959000,3024.574000,125.615000,2.645001,ok
1,True,77,8,0x0619d4d1900c2365,2898.475000,3025.806000,127.331000,2.643924,ok
1,True,78,8,0x0619d4d1900c2365,2902.234000,3028.877000,126.643000,2.641243,ok
1,True,79,8,0x0619d4d1900c2365,2903.102000,3030.372000,127.270000,2.639940,ok
1,True,80,8,0x0619d4d1900c2365,2906.768000,3035.898000,129.130000,2.635135,ok
1,True,81,8,0x0619d4d1900c2365,2908.313000,3037.298000,128.985000,2.633920,ok
1,True,82,8,0x0619d4d1900c2365,2912.809000,3039.328000,126.519000,2.632161,ok
1,True,83,8,0x0619d4d1900c2365,2913.428000,3040.665000,127.237000,2.631003,ok
1,True,84,8,0x0619d4d1900c2365,2915.941000,3042.003000,126.062000,2.629846,ok
1,True,85,8,0x0619d4d1900c2365,2917.798000,3044.816000,127.018000,2.627417,ok
1,True,86,8,0x0619d4d1900c2365,2919.445000,3045.503000,126.058000,2.626824,ok
1,True,87,8,0x0619d4d1900c2365,2919.706000,3046.823000,127.117000,2.625686,ok
1,True,88,8,0x0619d4d1900c2365,2924.234000,3053.458000,129.224000,2.619980,ok
1,True,89,8,0x0619d4d1900c2365,2925.832000,3055.761000,129.929000,2.618006,ok
1,True,90,8,0x0619d4d1900c2365,2928.784000,3055.899000,127.115000,2.617888,ok
1,True,91,8,0x0619d4d1900c2365,2930.260000,3058.682000,128.422000,2.615506,ok
1,True,92,8,0x0619d4d1900c2365,2926.270000,3052.807000,126.537000,2.620539,ok
1,True,93,8,0x0619d4d1900c2365,2929.652000,3057.353000,127.701000,2.616643,ok
1,True,94,8,0x0619d4d1900c2365,2924.192000,3051.244000,127.052000,2.621881,ok
1,True,95,8,0x0619d4d1900c2365,2928.216000,3055.273000,127.057000,2.618424,ok
1,True,96,8,0x0619d4d1900c2365,2926.644000,3054.602000,127.958000,2.618999,ok
1,True,97,8,0x0619d4d1900c2365,2933.180000,3060.722000,127.542000,2.613762,ok
1,True,98,8,0x0619d4d1900c2365,2932.088000,3059.573000,127.485000,2.614744,ok
1,True,99,8,0x0619d4d1900c2365,2936.712000,3062.932000,126.220000,2.611876,ok
1,True,100,8,0x0619d4d1900c2365,2939.047000,3066.608000,127.561000,2.608746,ok
1,True,101,8,0x0619d4d1900c2365,2943.338000,3070.895000,127.557000,2.605104,ok
1,True,102,8,0x0619d4d1900c2365,2939.248000,3065.734000,126.486000,2.609489,ok
1,True,103,8,0x0619d4d1900c2365,2941.589000,3069.174000,127.585000,2.606565,ok
1,True,104,8,0x0619d4d1900c2365,2936.391000,3063.798000,127.407000,2.611138,ok
1,True,105,8,0x0619d4d1900c2365,2941.558000,3069.359000,127.801000,2.606407,ok
1,True,106,8,0x0619d4d1900c2365,2938.791000,3065.204000,126.413000,2.609940,ok
1,True,107,8,0x0619d4d1900c2365,2943.480000,3070.441000,126.961000,2.605489,ok
1,True,108,8,0x0619d4d1900c2365,2938.703000,3065.481000,126.778000,2.609705,ok
1,True,109,8,0x0619d4d1900c2365,2943.783000,3070.535000,126.752000,2.605409,ok
1,True,110,8,0x0619d4d1900c2365,2938.196000,3065.291000,127.095000,2.609866,ok
1,True,111,8,0x0619d4d1900c2365,2944.225000,3072.177000,127.952000,2.604017,ok
1,True,112,8,0x0619d4d1900c2365,2936.631000,3062.386000,125.755000,2.612342,ok
1,True,113,8,0x0619d4d1900c2365,2941.558000,3068.772000,127.214000,2.606906,ok
1,True,114,8,0x0619d4d1900c2365,2935.207000,3061.003000,125.796000,2.613522,ok
1,True,115,8,0x0619d4d1900c2365,2942.020000,3069.423000,127.403000,2.606353,ok
1,True,116,8,0x0619d4d1900c2365,2933.648000,3061.014000,127.366000,2.613513,ok
1,True,117,8,0x0619d4d1900c2365,2942.501000,3069.349000,126.848000,2.606416,ok
1,True,118,8,0x0619d4d1900c2365,2935.211000,3060.606000,125.395000,2.613861,ok
1,True,119,8,0x0619d4d1900c2365,2941.255000,3069.493000,128.238000,2.606294,ok
1,True,120,8,0x0619d4d1900c2365,2930.180000,3055.401000,125.221000,2.618314,ok
1,True,121,8,0x0619d4d1900c2365,2938.738000,3065.790000,127.052000,2.609442,ok
1,True,122,8,0x0619d4d1900c2365,2927.330000,3051.343000,124.013000,2.621796,ok
1,True,123,8,0x0619d4d1900c2365,2936.884000,3062.412000,125.528000,2.612320,ok
1,True,124,8,0x0619d4d1900c2365,2925.238000,3046.247000,121.009000,2.626182,ok
1,True,125,8,0x0619d4d1900c2365,2935.591000,3058.214000,122.623000,2.615906,ok
1,True,126,8,0x0619d4d1900c2365,2918.980000,3040.364000,121.384000,2.631264,ok
1,True,127,8,0x0619d4d1900c2365,2931.739000,3053.306000,121.567000,2.620111,ok
1,True,128,8,0x0619d4d1900c2365,2913.695000,3032.496000,118.801000,2.638091,ok
1,True,129,8,0x0619d4d1900c2365,2924.720000,3044.796000,120.076000,2.627434,ok
1,True,130,8,0x0619d4d1900c2365,2905.894000,3031.047000,125.153000,2.639352,ok
1,True,131,8,0x0619d4d1900c2365,2919.618000,3044.189000,124.571000,2.627958,ok
1,True,132,8,0x0619d4d1900c2365,2903.677000,3027.466000,123.789000,2.642474,ok
1,True,133,8,0x0619d4d1900c2365,2916.278000,3040.885000,124.607000,2.630813,ok
1,True,134,8,0x0619d4d1900c2365,2901.532000,3025.495000,123.963000,2.644195,ok
1,True,135,8,0x0619d4d1900c2365,2913.652000,3038.191000,124.539000,2.633146,ok
1,True,136,8,0x0619d4d1900c2365,2897.887000,3022.195000,124.308000,2.647083,ok
1,True,137,8,0x0619d4d1900c2365,2909.850000,3034.857000,125.007000,2.636039,ok
1,True,138,8,0x0619d4d1900c2365,2895.463000,3020.208000,124.745000,2.648824,ok
1,True,139,8,0x0619d4d1900c2365,2909.176000,3033.902000,124.726000,2.636868,ok
1,True,140,8,0x0619d4d1900c2365,2895.099000,3019.509000,124.410000,2.649437,ok
1,True,141,8,0x0619d4d1900c2365,2907.588000,3032.453000,124.865000,2.638128,ok
1,True,142,8,0x0619d4d1900c2365,2893.239000,3018.403000,125.164000,2.650408,ok
1,True,143,8,0x0619d4d1900c2365,2905.231000,3029.941000,124.710000,2.640315,ok
1,True,144,8,0x0619d4d1900c2365,2893.366000,3018.102000,124.736000,2.650673,ok
1,True,145,8,0x0619d4d1900c2365,2902.552000,3027.161000,124.609000,2.642740,ok
1,True,146,8,0x0619d4d1900c2365,2892.458000,3017.337000,124.879000,2.651345,ok
1,True,147,8,0x0619d4d1900c2365,2902.838000,3029.269000,126.431000,2.640901,ok
1,True,148,8,0x0619d4d1900c2365,2890.602000,3015.331000,124.729000,2.653108,ok
1,True,149,8,0x0619d4d1900c2365,2904.155000,3029.359000,125.204000,2.640823,ok
1,True,150,8,0x0619d4d1900c2365,2890.763000,3013.997000,123.234000,2.654283,ok
1,True,151,8,0x0619d4d1900c2365,2902.221000,3027.296000,125.075000,2.642622,ok
1,True,152,8,0x0619d4d1900c2365,2889.338000,3012.982000,123.644000,2.655177,ok
1,True,153,8,0x0619d4d1900c2365,2901.841000,3027.613000,125.772000,2.642346,ok
1,True,154,8,0x0619d4d1900c2365,2889.181000,3012.358000,123.177000,2.655727,ok
1,True,155,8,0x0619d4d1900c2365,2900.702000,3025.223000,124.521000,2.644433,ok
1,True,156,8,0x0619d4d1900c2365,2892.321000,3014.839000,122.518000,2.653541,ok
1,True,157,8,0x0619d4d1900c2365,2904.834000,3029.420000,124.586000,2.640770,ok
1,True,158,8,0x0619d4d1900c2365,2895.018000,3017.595000,122.577000,2.651118,ok
1,True,159,8,0x0619d4d1900c2365,2908.116000,3031.672000,123.556000,2.638808,ok
1,True,160,8,0x0619d4d1900c2365,2898.771000,3020.483000,121.712000,2.648583,ok
1,True,161,8,0x0619d4d1900c2365,2913.226000,3035.899000,122.673000,2.635134,ok
1,True,162,8,0x0619d4d1900c2365,2895.003000,3014.240000,119.237000,2.654069,ok
1,True,163,8,0x0619d4d1900c2365,2911.184000,3031.386000,120.202000,2.639057,ok
1,True,164,8,0x0619d4d1900c2365,2891.382000,3010.197000,118.815000,2.657633,ok
1,True,165,8,0x0619d4d1900c2365,2906.761000,3025.604000,118.843000,2.644100,ok
1,True,166,8,0x0619d4d1900c2365,2887.412000,3005.124000,117.712000,2.662120,ok
1,True,167,8,0x0619d4d1900c2365,2902.550000,3019.686000,117.136000,2.649282,ok
1,True,168,8,0x0619d4d1900c2365,2881.894000,2999.686000,117.792000,2.666946,ok
1,True,169,8,0x0619d4d1900c2365,2895.693000,3012.936000,117.243000,2.655217,ok
1,True,170,8,0x0619d4d1900c2365,2874.844000,2991.619000,116.775000,2.674137,ok
1,True,171,8,0x0619d4d1900c2365,2888.554000,3005.871000,117.317000,2.661458,ok
1,True,172,8,0x0619d4d1900c2365,2867.831000,2988.923000,121.092000,2.676549,ok
1,True,173,8,0x0619d4d1900c2365,2881.642000,3003.178000,121.536000,2.663845,ok
1,True,174,8,0x0619d4d1900c2365,2865.361000,2988.272000,122.911000,2.677132,ok
1,True,175,8,0x0619d4d1900c2365,2878.504000,3001.300000,122.796000,2.665512,ok
1,True,176,8,0x0619d4d1900c2365,2863.060000,2985.578000,122.518000,2.679548,ok
1,True,177,8,0x0619d4d1900c2365,2877.977000,3001.083000,123.106000,2.665704,ok
1,True,178,8,0x0619d4d1900c2365,2860.639000,2983.711000,123.072000,2.681225,ok
1,True,179,8,0x0619d4d1900c2365,2873.521000,2996.755000,123.234000,2.669554,ok
1,True,180,8,0x0619d4d1900c2365,2859.852000,2983.284000,123.432000,2.681609,ok
1,True,181,8,0x0619d4d1900c2365,2871.466000,2993.924000,122.458000,2.672079,ok
1,True,182,8,0x0619d4d1900c2365,2860.289000,2982.612000,122.323000,2.682213,ok
1,True,183,8,0x0619d4d1900c2365,2868.951000,2991.524000,122.573000,2.674222,ok
1,True,184,8,0x0619d4d1900c2365,2859.085000,2980.968000,121.883000,2.683692,ok
1,True,185,8,0x0619d4d1900c2365,2866.290000,2990.199000,123.909000,2.675407,ok
1,True,186,8,0x0619d4d1900c2365,2857.946000,2981.756000,123.810000,2.682983,ok
1,True,187,8,0x0619d4d1900c2365,2866.167000,2989.582000,123.415000,2.675959,ok
1,True,188,8,0x0619d4d1900c2365,2859.429000,2982.405000,122.976000,2.682399,ok
1,True,189,8,0x0619d4d1900c2365,2864.897000,2988.320000,123.423000,2.677089,ok
1,True,190,8,0x0619d4d1900c2365,2860.099000,2983.410000,123.311000,2.681495,ok
1,True,191,8,0x0619d4d1900c2365,2864.026000,2987.088000,123.062000,2.678194,ok
1,True,192,8,0x0619d4d1900c2365,2861.986000,2996.642000,134.656000,2.669655,ok
1,True,193,8,0x0619d4d1900c2365,2875.777000,2999.346000,123.569000,2.667248,ok
1,True,194,8,0x0619d4d1900c2365,2875.944000,2998.569000,122.625000,2.667939,ok
1,True,195,8,0x0619d4d1900c2365,2880.593000,3004.930000,124.337000,2.662292,ok
1,True,196,8,0x0619d4d1900c2365,2879.924000,3002.690000,122.766000,2.664278,ok
1,True,197,8,0x0619d4d1900c2365,2886.544000,3010.329000,123.785000,2.657517,ok
1,True,198,8,0x0619d4d1900c2365,2885.055000,3007.707000,122.652000,2.659834,ok
1,True,199,8,0x0619d4d1900c2365,2893.766000,3013.842000,120.076000,2.654419,ok
2,True,0,8,0x0619d4d1900c2365,53.239000,146.251000,93.012000,54.700481,ok
2,True,1,8,0x0619d4d1900c2365,53.227000,146.559000,93.332000,54.585525,ok
2,True,2,8,0x0619d4d1900c2365,198.081000,306.250000,108.169000,26.122449,ok
2,True,3,8,0x0619d4d1900c2365,197.879000,306.879000,109.000000,26.068907,ok
2,True,4,8,0x0619d4d1900c2365,369.066000,482.029000,112.963000,16.596512,ok
2,True,5,8,0x0619d4d1900c2365,369.120000,483.334000,114.214000,16.551701,ok
2,True,6,8,0x0619d4d1900c2365,542.534000,659.193000,116.659000,12.136051,ok
2,True,7,8,0x0619d4d1900c2365,544.237000,662.572000,118.335000,12.074159,ok
2,True,8,8,0x0619d4d1900c2365,721.146000,834.163000,113.017000,9.590452,ok
2,True,9,8,0x0619d4d1900c2365,720.800000,835.747000,114.947000,9.572275,ok
2,True,10,8,0x0619d4d1900c2365,891.715000,997.171000,105.456000,8.022696,ok
2,True,11,8,0x0619d4d1900c2365,891.714000,997.170000,105.456000,8.022704,ok
2,True,12,8,0x0619d4d1900c2365,1051.352000,1158.438000,107.086000,6.905851,ok
2,True,13,8,0x0619d4d1900c2365,1051.474000,1158.555000,107.081000,6.905153,ok
2,True,14,8,0x0619d4d1900c2365,1213.572000,1315.056000,101.484000,6.083391,ok
2,True,15,8,0x0619d4d1900c2365,1213.572000,1315.056000,101.484000,6.083391,ok
2,True,16,8,0x0619d4d1900c2365,1370.295000,1472.796000,102.501000,5.431845,ok
2,True,17,8,0x0619d4d1900c2365,1370.295000,1472.686000,102.391000,5.432251,ok
2,True,18,8,0x0619d4d1900c2365,1527.491000,1636.535000,109.044000,4.888377,ok
2,True,19,8,0x0619d4d1900c2365,1527.492000,1636.361000,108.869000,4.888897,ok
2,True,20,8,0x0619d4d1900c2365,1690.171000,1794.086000,103.915000,4.459095,ok
2,True,21,8,0x0619d4d1900c2365,1690.287000,1794.086000,103.799000,4.459095,ok
2,True,22,8,0x0619d4d1900c2365,1849.793000,1953.419000,103.626000,4.095384,ok
2,True,23,8,0x0619d4d1900c2365,1849.793000,1953.419000,103.626000,4.095384,ok
2,True,24,8,0x0619d4d1900c2365,2008.672000,2121.873000,113.201000,3.770254,ok
2,True,25,8,0x0619d4d1900c2365,2009.988000,2121.780000,111.792000,3.770419,ok
2,True,26,8,0x0619d4d1900c2365,2176.915000,2282.532000,105.617000,3.504880,ok
2,True,27,8,0x0619d4d1900c2365,2176.915000,2282.448000,105.533000,3.505009,ok
2,True,28,8,0x0619d4d1900c2365,2338.089000,2442.521000,104.432000,3.275304,ok
2,True,29,8,0x0619d4d1900c2365,2338.217000,2442.521000,104.304000,3.275304,ok
2,True,30,8,0x0619d4d1900c2365,2497.260000,2607.668000,110.408000,3.067875,ok
2,True,31,8,0x0619d4d1900c2365,2497.737000,2607.668000,109.931000,3.067875,ok
2,True,32,8,0x0619d4d1900c2365,2515.247000,2758.915000,243.668000,2.899691,ok
2,True,33,8,0x0619d4d1900c2365,2515.214000,2759.296000,244.082000,2.899290,ok
2,True,34,8,0x0619d4d1900c2365,2660.090000,2790.604000,130.514000,2.866763,ok
2,True,35,8,0x0619d4d1900c2365,2660.807000,2788.665000,127.858000,2.868756,ok
2,True,36,8,0x0619d4d1900c2365,2674.511000,2802.349000,127.838000,2.854748,ok
2,True,37,8,0x0619d4d1900c2365,2678.389000,2806.204000,127.815000,2.850826,ok
2,True,38,8,0x0619d4d1900c2365,2689.705000,2815.464000,125.759000,2.841450,ok
2,True,39,8,0x0619d4d1900c2365,2686.993000,2817.633000,130.640000,2.839263,ok
2,True,40,8,0x0619d4d1900c2365,2700.422000,2826.331000,125.909000,2.830525,ok
2,True,41,8,0x0619d4d1900c2365,2710.553000,2845.933000,135.380000,2.811029,ok
2,True,42,8,0x0619d4d1900c2365,2728.575000,2855.199000,126.624000,2.801906,ok
2,True,43,8,0x0619d4d1900c2365,2747.857000,2873.222000,125.365000,2.784331,ok
2,True,44,8,0x0619d4d1900c2365,2761.644000,2886.481000,124.837000,2.771541,ok
2,True,45,8,0x0619d4d1900c2365,2775.314000,2898.316000,123.002000,2.760224,ok
2,True,46,8,0x0619d4d1900c2365,2786.807000,2908.196000,121.389000,2.750846,ok
2,True,47,8,0x0619d4d1900c2365,2798.239000,2922.060000,123.821000,2.737795,ok
2,True,48,8,0x0619d4d1900c2365,2809.303000,2928.734000,119.431000,2.731556,ok
2,True,49,8,0x0619d4d1900c2365,2822.689000,2943.626000,120.937000,2.717737,ok
2,True,50,8,0x0619d4d1900c2365,2823.733000,2946.371000,122.638000,2.715205,ok
2,True,51,8,0x0619d4d1900c2365,2839.090000,2961.914000,122.824000,2.700956,ok
2,True,52,8,0x0619d4d1900c2365,2850.911000,2972.381000,121.470000,2.691445,ok
2,True,53,8,0x0619d4d1900c2365,2866.441000,2987.971000,121.530000,2.677402,ok
2,True,54,8,0x0619d4d1900c2365,2874.295000,2993.839000,119.544000,2.672154,ok
2,True,55,8,0x0619d4d1900c2365,2890.008000,3010.275000,120.267000,2.657565,ok
2,True,56,8,0x0619d4d1900c2365,2890.666000,3014.009000,123.343000,2.654272,ok
2,True,57,8,0x0619d4d1900c2365,2907.424000,3032.234000,124.810000,2.638319,ok
2,True,58,8,0x0619d4d1900c2365,2920.970000,3046.980000,126.010000,2.625551,ok
2,True,59,8,0x0619d4d1900c2365,2938.343000,3064.090000,125.747000,2.610889,ok
2,True,60,8,0x0619d4d1900c2365,2950.784000,3073.623000,122.839000,2.602792,ok
2,True,61,8,0x0619d4d1900c2365,2967.062000,3089.518000,122.456000,2.589401,ok
2,True,62,8,0x0619d4d1900c2365,2973.052000,3102.032000,128.980000,2.578955,ok
2,True,63,8,0x0619d4d1900c2365,2989.881000,3116.193000,126.312000,2.567235,ok
2,True,64,8,0x0619d4d1900c2365,2867.959000,2994.398000,126.439000,2.671656,ok
2,True,65,8,0x0619d4d1900c2365,2881.630000,3008.495000,126.865000,2.659137,ok
2,True,66,8,0x0619d4d1900c2365,2869.434000,3004.222000,134.788000,2.662919,ok
2,True,67,8,0x0619d4d1900c2365,2892.455000,3025.814000,133.359000,2.643917,ok
2,True,68,8,0x0619d4d1900c2365,2884.173000,3018.926000,134.753000,2.649949,ok
2,True,69,8,0x0619d4d1900c2365,2906.523000,3034.442000,127.919000,2.636399,ok
2,True,70,8,0x0619d4d1900c2365,2895.070000,3016.973000,121.903000,2.651664,ok
2,True,71,8,0x0619d4d1900c2365,2906.653000,3028.256000,121.603000,2.641785,ok
2,True,72,8,0x0619d4d1900c2365,2893.414000,3013.607000,120.193000,2.654626,ok
2,True,73,8,0x0619d4d1900c2365,2888.626000,3008.634000,120.008000,2.659014,ok
2,True,74,8,0x0619d4d1900c2365,2883.644000,3004.306000,120.662000,2.662845,ok
2,True,75,8,0x0619d4d1900c2365,2881.503000,3002.145000,120.642000,2.664761,ok
2,True,76,8,0x0619d4d1900c2365,2874.461000,2994.384000,119.923000,2.671668,ok
2,True,77,8,0x0619d4d1900c2365,2877.265000,2997.219000,119.954000,2.669141,ok
2,True,78,8,0x0619d4d1900c2365,2877.126000,2999.397000,122.271000,2.667203,ok
2,True,79,8,0x0619d4d1900c2365,2878.723000,3004.820000,126.097000,2.662389,ok
2,True,80,8,0x0619d4d1900c2365,2883.352000,3009.416000,126.064000,2.658323,ok
2,True,81,8,0x0619d4d1900c2365,2888.674000,3014.264000,125.590000,2.654048,ok
2,True,82,8,0x0619d4d1900c2365,2891.142000,3017.058000,125.916000,2.651590,ok
2,True,83,8,0x0619d4d1900c2365,2893.709000,3018.461000,124.752000,2.650357,ok
2,True,84,8,0x0619d4d1900c2365,2895.782000,3021.396000,125.614000,2.647783,ok
2,True,85,8,0x0619d4d1900c2365,2897.096000,3021.421000,124.325000,2.647761,ok
2,True,86,8,0x0619d4d1900c2365,2904.483000,3031.167000,126.684000,2.639248,ok
2,True,87,8,0x0619d4d1900c2365,2905.648000,3033.130000,127.482000,2.637539,ok
2,True,88,8,0x0619d4d1900c2365,2905.406000,3029.770000,124.364000,2.640464,ok
2,True,89,8,0x0619d4d1900c2365,2905.863000,3027.187000,121.324000,2.642717,ok
2,True,90,8,0x0619d4d1900c2365,2896.562000,3015.248000,118.686000,2.653181,ok
2,True,91,8,0x0619d4d1900c2365,2898.625000,3014.467000,115.842000,2.653869,ok
2,True,92,8,0x0619d4d1900c2365,2889.528000,3007.849000,118.321000,2.659708,ok
2,True,93,8,0x0619d4d1900c2365,2888.565000,3007.118000,118.553000,2.660355,ok
2,True,94,8,0x0619d4d1900c2365,2875.405000,2989.953000,114.548000,2.675627,ok
2,True,95,8,0x0619d4d1900c2365,2876.249000,2991.715000,115.466000,2.674052,ok
2,True,96,8,0x0619d4d1900c2365,2860.512000,2977.501000,116.989000,2.686817,ok
2,True,97,8,0x0619d4d1900c2365,2859.211000,2976.866000,117.655000,2.687390,ok
2,True,98,8,0x0619d4d1900c2365,2834.956000,2953.347000,118.391000,2.708791,ok
2,True,99,8,0x0619d4d1900c2365,2829.099000,2956.368000,127.269000,2.706023,ok
2,True,100,8,0x0619d4d1900c2365,2815.071000,2940.780000,125.709000,2.720367,ok
2,True,101,8,0x0619d4d1900c2365,2821.986000,2949.740000,127.754000,2.712103,ok
2,True,102,8,0x0619d4d1900c2365,2820.466000,2948.691000,128.225000,2.713068,ok
2,True,103,8,0x0619d4d1900c2365,2829.006000,2954.589000,125.583000,2.707652,ok
2,True,104,8,0x0619d4d1900c2365,2829.838000,2955.893000,126.055000,2.706458,ok
2,True,105,8,0x0619d4d1900c2365,2834.053000,2958.505000,124.452000,2.704068,ok
2,True,106,8,0x0619d4d1900c2365,2832.035000,2957.364000,125.329000,2.705112,ok
2,True,107,8,0x0619d4d1900c2365,2838.232000,2960.824000,122.592000,2.701951,ok
2,True,108,8,0x0619d4d1900c2365,2834.142000,2967.627000,133.485000,2.695757,ok
2,True,109,8,0x0619d4d1900c2365,2838.671000,2972.170000,133.499000,2.691636,ok
2,True,110,8,0x0619d4d1900c2365,2841.232000,2965.380000,124.148000,2.697799,ok
2,True,111,8,0x0619d4d1900c2365,2842.789000,2964.969000,122.180000,2.698173,ok
2,True,112,8,0x0619d4d1900c2365,2835.962000,2960.097000,124.135000,2.702614,ok
2,True,113,8,0x0619d4d1900c2365,2837.842000,2960.276000,122.434000,2.702451,ok
2,True,114,8,0x0619d4d1900c2365,2829.470000,2952.069000,122.599000,2.709964,ok
2,True,115,8,0x0619d4d1900c2365,2834.597000,2962.063000,127.466000,2.700820,ok
2,True,116,8,0x0619d4d1900c2365,2828.571000,2953.637000,125.066000,2.708525,ok
2,True,117,8,0x0619d4d1900c2365,2838.725000,2963.467000,124.742000,2.699541,ok
2,True,118,8,0x0619d4d1900c2365,2823.187000,2944.904000,121.717000,2.716557,ok
2,True,119,8,0x0619d4d1900c2365,2830.301000,2951.779000,121.478000,2.710230,ok
2,True,120,8,0x0619d4d1900c2365,2814.507000,2935.105000,120.598000,2.725627,ok
2,True,121,8,0x0619d4d1900c2365,2826.452000,2946.497000,120.045000,2.715088,ok
2,True,122,8,0x0619d4d1900c2365,2812.807000,2932.775000,119.968000,2.727792,ok
2,True,123,8,0x0619d4d1900c2365,2823.192000,2943.608000,120.416000,2.717753,ok
2,True,124,8,0x0619d4d1900c2365,2813.859000,2963.964000,150.105000,2.699088,ok
2,True,125,8,0x0619d4d1900c2365,2827.546000,2984.171000,156.625000,2.680812,ok
2,True,126,8,0x0619d4d1900c2365,2853.900000,2975.198000,121.298000,2.688897,ok
2,True,127,8,0x0619d4d1900c2365,2875.762000,2998.454000,122.692000,2.668042,ok
2,True,128,8,0x0619d4d1900c2365,2863.839000,2985.602000,121.763000,2.679527,ok
2,True,129,8,0x0619d4d1900c2365,2884.546000,3010.298000,125.752000,2.657544,ok
2,True,130,8,0x0619d4d1900c2365,2869.174000,2993.835000,124.661000,2.672158,ok
2,True,131,8,0x0619d4d1900c2365,2890.044000,3012.415000,122.371000,2.655677,ok
2,True,132,8,0x0619d4d1900c2365,2864.262000,2983.841000,119.579000,2.681108,ok
2,True,133,8,0x0619d4d1900c2365,2886.371000,3005.436000,119.065000,2.661843,ok
2,True,134,8,0x0619d4d1900c2365,2848.652000,2966.694000,118.042000,2.696604,ok
2,True,135,8,0x0619d4d1900c2365,2876.260000,2993.856000,117.596000,2.672139,ok
2,True,136,8,0x0619d4d1900c2365,2837.183000,2952.400000,115.217000,2.709660,ok
2,True,137,8,0x0619d4d1900c2365,2866.044000,2990.550000,124.506000,2.675093,ok
2,True,138,8,0x0619d4d1900c2365,2831.784000,2957.360000,125.576000,2.705115,ok
2,True,139,8,0x0619d4d1900c2365,2875.767000,2990.386000,114.619000,2.675240,ok
2,True,140,8,0x0619d4d1900c2365,2829.639000,2962.731000,133.092000,2.700211,ok
2,True,141,8,0x0619d4d1900c2365,2867.764000,2987.962000,120.198000,2.677410,ok
2,True,142,8,0x0619d4d1900c2365,2846.038000,2970.721000,124.683000,2.692949,ok
2,True,143,8,0x0619d4d1900c2365,2870.570000,2991.288000,120.718000,2.674433,ok
2,True,144,8,0x0619d4d1900c2365,2848.495000,2968.908000,120.413000,2.694593,ok
2,True,145,8,0x0619d4d1900c2365,2874.240000,2994.904000,120.664000,2.671204,ok
2,True,146,8,0x0619d4d1900c2365,2854.235000,2979.217000,124.982000,2.685269,ok
2,True,147,8,0x0619d4d1900c2365,2869.767000,2992.083000,122.316000,2.673723,ok
2,True,148,8,0x0619d4d1900c2365,2853.719000,2975.269000,121.550000,2.688833,ok
2,True,149,8,0x0619d4d1900c2365,2866.580000,2986.850000,120.270000,2.678407,ok
2,True,150,8,0x0619d4d1900c2365,2850.446000,2970.790000,120.344000,2.692886,ok
2,True,151,8,0x0619d4d1900c2365,2865.198000,2991.047000,125.849000,2.674649,ok
2,True,152,8,0x0619d4d1900c2365,2860.888000,2984.419000,123.531000,2.680589,ok
2,True,153,8,0x0619d4d1900c2365,2878.666000,2999.220000,120.554000,2.667360,ok
2,True,154,8,0x0619d4d1900c2365,2867.841000,2988.166000,120.325000,2.677227,ok
2,True,155,8,0x0619d4d1900c2365,2884.572000,3008.238000,123.666000,2.659364,ok
2,True,156,8,0x0619d4d1900c2365,2843.433000,2968.269000,124.836000,2.695174,ok
2,True,157,8,0x0619d4d1900c2365,2851.453000,2977.004000,125.551000,2.687265,ok
2,True,158,8,0x0619d4d1900c2365,2846.157000,2970.220000,124.063000,2.693403,ok
2,True,159,8,0x0619d4d1900c2365,2851.311000,2975.215000,123.904000,2.688881,ok
2,True,160,8,0x0619d4d1900c2365,2845.402000,2969.245000,123.843000,2.694288,ok
2,True,161,8,0x0619d4d1900c2365,2849.341000,2972.430000,123.089000,2.691401,ok
2,True,162,8,0x0619d4d1900c2365,2845.247000,2967.091000,121.844000,2.696244,ok
2,True,163,8,0x0619d4d1900c2365,2851.679000,2979.870000,128.191000,2.684681,ok
2,True,164,8,0x0619d4d1900c2365,2849.583000,2977.800000,128.217000,2.686547,ok
2,True,165,8,0x0619d4d1900c2365,2853.515000,2975.197000,121.682000,2.688898,ok
2,True,166,8,0x0619d4d1900c2365,2861.176000,2980.250000,119.074000,2.684339,ok
2,True,167,8,0x0619d4d1900c2365,2860.624000,2988.874000,128.250000,2.676593,ok
2,True,168,8,0x0619d4d1900c2365,2874.554000,2995.263000,120.709000,2.670884,ok
2,True,169,8,0x0619d4d1900c2365,2872.164000,2993.094000,120.930000,2.672819,ok
2,True,170,8,0x0619d4d1900c2365,2867.184000,2990.414000,123.230000,2.675215,ok
2,True,171,8,0x0619d4d1900c2365,2871.866000,2989.926000,118.060000,2.675652,ok
2,True,172,8,0x0619d4d1900c2365,2857.624000,2978.153000,120.529000,2.686229,ok
2,True,173,8,0x0619d4d1900c2365,2864.845000,2992.778000,127.933000,2.673102,ok
2,True,174,8,0x0619d4d1900c2365,2852.268000,2977.337000,125.069000,2.686965,ok
2,True,175,8,0x0619d4d1900c2365,2871.969000,2989.101000,117.132000,2.676390,ok
2,True,176,8,0x0619d4d1900c2365,2858.906000,2984.499000,125.593000,2.680517,ok
2,True,177,8,0x0619d4d1900c2365,2869.641000,2991.794000,122.153000,2.673981,ok
2,True,178,8,0x0619d4d1900c2365,2855.008000,2977.863000,122.855000,2.686490,ok
2,True,179,8,0x0619d4d1900c2365,2871.238000,2989.314000,118.076000,2.676199,ok
2,True,180,8,0x0619d4d1900c2365,2854.774000,2974.576000,119.802000,2.689459,ok
2,True,181,8,0x0619d4d1900c2365,2868.587000,2990.147000,121.560000,2.675454,ok
2,True,182,8,0x0619d4d1900c2365,2863.574000,2986.406000,122.832000,2.678805,ok
2,True,183,8,0x0619d4d1900c2365,2868.306000,2993.076000,124.770000,2.672836,ok
2,True,184,8,0x0619d4d1900c2365,2862.671000,2979.294000,116.623000,2.685200,ok
2,True,185,8,0x0619d4d1900c2365,2871.286000,2984.809000,113.523000,2.680239,ok
2,True,186,8,0x0619d4d1900c2365,2861.931000,2985.260000,123.329000,2.679834,ok
2,True,187,8,0x0619d4d1900c2365,2861.847000,2986.744000,124.897000,2.678502,ok
2,True,188,8,0x0619d4d1900c2365,2859.646000,2980.425000,120.779000,2.684181,ok
2,True,189,8,0x0619d4d1900c2365,2864.923000,2985.370000,120.447000,2.679735,ok
2,True,190,8,0x0619d4d1900c2365,2853.171000,2973.317000,120.146000,2.690598,ok
2,True,191,8,0x0619d4d1900c2365,2860.403000,2981.207000,120.804000,2.683477,ok
2,True,192,8,0x0619d4d1900c2365,2849.244000,2973.382000,124.138000,2.690539,ok
2,True,193,8,0x0619d4d1900c2365,2860.397000,2979.773000,119.376000,2.684768,ok
2,True,194,8,0x0619d4d1900c2365,2858.055000,2976.384000,118.329000,2.687825,ok
2,True,195,8,0x0619d4d1900c2365,2847.187000,2971.121000,123.934000,2.692586,ok
2,True,196,8,0x0619d4d1900c2365,2848.874000,2968.516000,119.642000,2.694949,ok
2,True,197,8,0x0619d4d1900c2365,2852.879000,2976.469000,123.590000,2.687748,ok
2,True,198,8,0x0619d4d1900c2365,2853.439000,2972.709000,119.270000,2.691148,ok
2,True,199,8,0x0619d4d1900c2365,2846.443000,2962.412000,115.969000,2.700502,ok
3,True,0,8,0x0619d4d1900c2365,49.503000,136.461000,86.958000,58.624809,ok
3,True,1,8,0x0619d4d1900c2365,49.493000,136.451000,86.958000,58.629105,ok
3,True,2,8,0x0619d4d1900c2365,188.944000,296.693000,107.749000,26.963899,ok
3,True,3,8,0x0619d4d1900c2365,189.130000,296.692000,107.562000,26.963990,ok
3,True,4,8,0x0619d4d1900c2365,352.698000,462.057000,109.359000,17.313881,ok
3,True,5,8,0x0619d4d1900c2365,352.692000,461.921000,109.229000,17.318979,ok
3,True,6,8,0x0619d4d1900c2365,524.277000,644.028000,119.751000,12.421820,ok
3,True,7,8,0x0619d4d1900c2365,524.276000,644.159000,119.883000,12.419294,ok
3,True,8,8,0x0619d4d1900c2365,706.390000,828.777000,122.387000,9.652778,ok
3,True,9,8,0x0619d4d1900c2365,706.389000,828.741000,122.352000,9.653197,ok
3,True,10,8,0x0619d4d1900c2365,894.058000,1016.766000,122.708000,7.868084,ok
3,True,11,8,0x0619d4d1900c2365,895.893000,1020.157000,124.264000,7.841930,ok
3,True,12,8,0x0619d4d1900c2365,1082.602000,1214.285000,131.683000,6.588239,ok
3,True,13,8,0x0619d4d1900c2365,1085.955000,1222.120000,136.165000,6.546002,ok
3,True,14,8,0x0619d4d1900c2365,1279.053000,1409.481000,130.428000,5.675848,ok
3,True,15,8,0x0619d4d1900c2365,1287.156000,1418.110000,130.954000,5.641311,ok
3,True,16,8,0x0619d4d1900c2365,1474.945000,1607.042000,132.097000,4.978090,ok
3,True,17,8,0x0619d4d1900c2365,1483.279000,1614.606000,131.327000,4.954769,ok
3,True,18,8,0x0619d4d1900c2365,1672.514000,1806.720000,134.206000,4.427914,ok
3,True,19,8,0x0619d4d1900c2365,1680.765000,1814.357000,133.592000,4.409276,ok
3,True,20,8,0x0619d4d1900c2365,1872.163000,2003.754000,131.591000,3.992506,ok
3,True,21,8,0x0619d4d1900c2365,1880.892000,2012.312000,131.420000,3.975527,ok
3,True,22,8,0x0619d4d1900c2365,2070.079000,2201.991000,131.912000,3.633076,ok
3,True,23,8,0x0619d4d1900c2365,2078.664000,2209.934000,131.270000,3.620018,ok
3,True,24,8,0x0619d4d1900c2365,2268.212000,2407.690000,139.478000,3.322687,ok
3,True,25,8,0x0619d4d1900c2365,2276.692000,2422.021000,145.329000,3.303027,ok
3,True,26,8,0x0619d4d1900c2365,2482.464000,2614.974000,132.510000,3.059304,ok
3,True,27,8,0x0619d4d1900c2365,2491.638000,2623.014000,131.376000,3.049927,ok
3,True,28,8,0x0619d4d1900c2365,2682.810000,2815.568000,132.758000,2.841345,ok
3,True,29,8,0x0619d4d1900c2365,2689.357000,2820.208000,130.851000,2.836670,ok
3,True,30,8,0x0619d4d1900c2365,2883.727000,3015.961000,132.234000,2.652554,ok
3,True,31,8,0x0619d4d1900c2365,2889.397000,3020.352000,130.955000,2.648698,ok
3,True,32,8,0x0619d4d1900c2365,2945.574000,3078.129000,132.555000,2.598981,ok
3,True,33,8,0x0619d4d1900c2365,2949.972000,3081.177000,131.205000,2.596410,ok
3,True,34,8,0x0619d4d1900c2365,2984.128000,3116.155000,132.027000,2.567266,ok
3,True,35,8,0x0619d4d1900c2365,2987.410000,3118.372000,130.962000,2.565441,ok
3,True,36,8,0x0619d4d1900c2365,3016.614000,3148.360000,131.746000,2.541005,ok
3,True,37,8,0x0619d4d1900c2365,3018.839000,3148.917000,130.078000,2.540556,ok
3,True,38,8,0x0619d4d1900c2365,3032.182000,3160.935000,128.753000,2.530897,ok
3,True,39,8,0x0619d4d1900c2365,3032.788000,3161.060000,128.272000,2.530797,ok
3,True,40,8,0x0619d4d1900c2365,3043.253000,3169.031000,125.778000,2.524431,ok
3,True,41,8,0x0619d4d1900c2365,3043.235000,3169.015000,125.780000,2.524444,ok
3,True,42,8,0x0619d4d1900c2365,3046.371000,3172.031000,125.660000,2.522043,ok
3,True,43,8,0x0619d4d1900c2365,3043.849000,3169.399000,125.550000,2.524138,ok
3,True,44,8,0x0619d4d1900c2365,3042.053000,3166.940000,124.887000,2.526098,ok
3,True,45,8,0x0619d4d1900c2365,3034.425000,3159.457000,125.032000,2.532081,ok
3,True,46,8,0x0619d4d1900c2365,3037.834000,3162.377000,124.543000,2.529743,ok
3,True,47,8,0x0619d4d1900c2365,3029.221000,3153.764000,124.543000,2.536651,ok
3,True,48,8,0x0619d4d1900c2365,3030.291000,3154.653000,124.362000,2.535937,ok
3,True,49,8,0x0619d4d1900c2365,3023.935000,3148.447000,124.512000,2.540935,ok
3,True,50,8,0x0619d4d1900c2365,3020.644000,3144.044000,123.400000,2.544494,ok
3,True,51,8,0x0619d4d1900c2365,3012.889000,3136.605000,123.716000,2.550528,ok
3,True,52,8,0x0619d4d1900c2365,3012.682000,3136.422000,123.740000,2.550677,ok
3,True,53,8,0x0619d4d1900c2365,3003.602000,3127.507000,123.905000,2.557948,ok
3,True,54,8,0x0619d4d1900c2365,3005.576000,3127.854000,122.278000,2.557664,ok
3,True,55,8,0x0619d4d1900c2365,2996.743000,3119.021000,122.278000,2.564907,ok
3,True,56,8,0x0619d4d1900c2365,2986.809000,3111.769000,124.960000,2.570885,ok
3,True,57,8,0x0619d4d1900c2365,2972.893000,3097.719000,124.826000,2.582545,ok
3,True,58,8,0x0619d4d1900c2365,2969.365000,3091.480000,122.115000,2.587757,ok
3,True,59,8,0x0619d4d1900c2365,2961.647000,3084.010000,122.363000,2.594025,ok
3,True,60,8,0x0619d4d1900c2365,2955.609000,3082.788000,127.179000,2.595054,ok
3,True,61,8,0x0619d4d1900c2365,2950.664000,3077.628000,126.964000,2.599404,ok
3,True,62,8,0x0619d4d1900c2365,2949.168000,3077.011000,127.843000,2.599926,ok
3,True,63,8,0x0619d4d1900c2365,2945.005000,3072.038000,127.033000,2.604134,ok
3,True,64,8,0x0619d4d1900c2365,2942.751000,3067.403000,124.652000,2.608069,ok
3,True,65,8,0x0619d4d1900c2365,2938.926000,3063.439000,124.513000,2.611444,ok
3,True,66,8,0x0619d4d1900c2365,2934.204000,3058.456000,124.252000,2.615699,ok
3,True,67,8,0x0619d4d1900c2365,2931.595000,3056.040000,124.445000,2.617767,ok
3,True,68,8,0x0619d4d1900c2365,2924.780000,3050.523000,125.743000,2.622501,ok
3,True,69,8,0x0619d4d1900c2365,2924.925000,3050.520000,125.595000,2.622504,ok
3,True,70,8,0x0619d4d1900c2365,2921.300000,3046.546000,125.246000,2.625925,ok
3,True,71,8,0x0619d4d1900c2365,2921.296000,3046.701000,125.405000,2.625791,ok
3,True,72,8,0x0619d4d1900c2365,2919.213000,3042.396000,123.183000,2.629506,ok
3,True,73,8,0x0619d4d1900c2365,2919.211000,3042.560000,123.349000,2.629365,ok
3,True,74,8,0x0619d4d1900c2365,2915.358000,3042.859000,127.501000,2.629106,ok
3,True,75,8,0x0619d4d1900c2365,2915.091000,3042.476000,127.385000,2.629437,ok
3,True,76,8,0x0619d4d1900c2365,2916.253000,3045.866000,129.613000,2.626511,ok
3,True,77,8,0x0619d4d1900c2365,2915.466000,3044.958000,129.492000,2.627294,ok
3,True,78,8,0x0619d4d1900c2365,2920.032000,3047.497000,127.465000,2.625105,ok
3,True,79,8,0x0619d4d1900c2365,2920.302000,3047.755000,127.453000,2.624883,ok
3,True,80,8,0x0619d4d1900c2365,2922.048000,3044.918000,122.870000,2.627329,ok
3,True,81,8,0x0619d4d1900c2365,2922.040000,3044.916000,122.876000,2.627330,ok
3,True,82,8,0x0619d4d1900c2365,2921.176000,3045.098000,123.922000,2.627173,ok
3,True,83,8,0x0619d4d1900c2365,2921.172000,3045.097000,123.925000,2.627174,ok
3,True,84,8,0x0619d4d1900c2365,2922.239000,3045.198000,122.959000,2.627087,ok
3,True,85,8,0x0619d4d1900c2365,2922.238000,3045.346000,123.108000,2.626959,ok
3,True,86,8,0x0619d4d1900c2365,2920.802000,3043.324000,122.522000,2.628705,ok
3,True,87,8,0x0619d4d1900c2365,2920.799000,3043.323000,122.524000,2.628706,ok
3,True,88,8,0x0619d4d1900c2365,2917.799000,3043.113000,125.314000,2.628887,ok
3,True,89,8,0x0619d4d1900c2365,2917.897000,3043.265000,125.368000,2.628756,ok
3,True,90,8,0x0619d4d1900c2365,2922.702000,3047.767000,125.065000,2.624873,ok
3,True,91,8,0x0619d4d1900c2365,2922.698000,3047.943000,125.245000,2.624721,ok
3,True,92,8,0x0619d4d1900c2365,2920.890000,3046.137000,125.247000,2.626277,ok
3,True,93,8,0x0619d4d1900c2365,2920.884000,3046.290000,125.406000,2.626145,ok
3,True,94,8,0x0619d4d1900c2365,2917.452000,3041.897000,124.445000,2.629938,ok
3,True,95,8,0x0619d4d1900c2365,2917.449000,3042.032000,124.583000,2.629821,ok
3,True,96,8,0x0619d4d1900c2365,2918.153000,3042.914000,124.761000,2.629059,ok
3,True,97,8,0x0619d4d1900c2365,2918.149000,3042.908000,124.759000,2.629064,ok
3,True,98,8,0x0619d4d1900c2365,2918.193000,3044.194000,126.001000,2.627953,ok
3,True,99,8,0x0619d4d1900c2365,2918.103000,3044.034000,125.931000,2.628092,ok
3,True,100,8,0x0619d4d1900c2365,2919.293000,3042.862000,123.569000,2.629104,ok
3,True,101,8,0x0619d4d1900c2365,2919.293000,3042.859000,123.566000,2.629106,ok
3,True,102,8,0x0619d4d1900c2365,2918.265000,3040.873000,122.608000,2.630823,ok
3,True,103,8,0x0619d4d1900c2365,2916.980000,3039.434000,122.454000,2.632069,ok
3,True,104,8,0x0619d4d1900c2365,2917.481000,3040.348000,122.867000,2.631278,ok
3,True,105,8,0x0619d4d1900c2365,2917.474000,3040.196000,122.722000,2.631409,ok
3,True,106,8,0x0619d4d1900c2365,2913.129000,3039.689000,126.560000,2.631848,ok
3,True,107,8,0x0619d4d1900c2365,2913.127000,3039.549000,126.422000,2.631969,ok
3,True,108,8,0x0619d4d1900c2365,2910.388000,3032.706000,122.318000,2.637908,ok
3,True,109,8,0x0619d4d1900c2365,2910.385000,3032.871000,122.486000,2.637765,ok
3,True,110,8,0x0619d4d1900c2365,2904.092000,3030.209000,126.117000,2.640082,ok
3,True,111,8,0x0619d4d1900c2365,2904.005000,3030.055000,126.050000,2.640216,ok
3,True,112,8,0x0619d4d1900c2365,2905.901000,3032.353000,126.452000,2.638215,ok
3,True,113,8,0x0619d4d1900c2365,2906.032000,3032.502000,126.470000,2.638086,ok
3,True,114,8,0x0619d4d1900c2365,2907.351000,3029.374000,122.023000,2.640810,ok
3,True,115,8,0x0619d4d1900c2365,2907.381000,3029.372000,121.991000,2.640811,ok
3,True,116,8,0x0619d4d1900c2365,2907.454000,3033.843000,126.389000,2.636920,ok
3,True,117,8,0x0619d4d1900c2365,2906.314000,3032.786000,126.472000,2.637839,ok
3,True,118,8,0x0619d4d1900c2365,2912.435000,3038.586000,126.151000,2.632804,ok
3,True,119,8,0x0619d4d1900c2365,2912.266000,3038.413000,126.147000,2.632953,ok
3,True,120,8,0x0619d4d1900c2365,2912.907000,3034.461000,121.554000,2.636383,ok
3,True,121,8,0x0619d4d1900c2365,2912.920000,3034.458000,121.538000,2.636385,ok
3,True,122,8,0x0619d4d1900c2365,2908.969000,3037.445000,128.476000,2.633793,ok
3,True,123,8,0x0619d4d1900c2365,2908.966000,3037.782000,128.816000,2.633500,ok
3,True,124,8,0x0619d4d1900c2365,2917.185000,3046.485000,129.300000,2.625977,ok
3,True,125,8,0x0619d4d1900c2365,2917.316000,3046.350000,129.034000,2.626094,ok
3,True,126,8,0x0619d4d1900c2365,2921.786000,3048.918000,127.132000,2.623882,ok
3,True,127,8,0x0619d4d1900c2365,2922.095000,3049.053000,126.958000,2.623765,ok
3,True,128,8,0x0619d4d1900c2365,2925.209000,3048.374000,123.165000,2.624350,ok
3,True,129,8,0x0619d4d1900c2365,2925.204000,3048.371000,123.167000,2.624352,ok
3,True,130,8,0x0619d4d1900c2365,2923.380000,3047.078000,123.698000,2.625466,ok
3,True,131,8,0x0619d4d1900c2365,2923.377000,3047.072000,123.695000,2.625471,ok
3,True,132,8,0x0619d4d1900c2365,2925.153000,3049.746000,124.593000,2.623169,ok
3,True,133,8,0x0619d4d1900c2365,2925.151000,3049.889000,124.738000,2.623046,ok
3,True,134,8,0x0619d4d1900c2365,2927.489000,3051.810000,124.321000,2.621395,ok
3,True,135,8,0x0619d4d1900c2365,2927.722000,3051.966000,124.244000,2.621261,ok
3,True,136,8,0x0619d4d1900c2365,2927.686000,3049.820000,122.134000,2.623106,ok
3,True,137,8,0x0619d4d1900c2365,2927.687000,3049.952000,122.265000,2.622992,ok
3,True,138,8,0x0619d4d1900c2365,2924.779000,3051.500000,126.721000,2.621661,ok
3,True,139,8,0x0619d4d1900c2365,2924.630000,3051.338000,126.708000,2.621801,ok
3,True,140,8,0x0619d4d1900c2365,2931.370000,3058.503000,127.133000,2.615659,ok
3,True,141,8,0x0619d4d1900c2365,2931.367000,3058.643000,127.276000,2.615539,ok
3,True,142,8,0x0619d4d1900c2365,2934.197000,3061.200000,127.003000,2.613354,ok
3,True,143,8,0x0619d4d1900c2365,2934.647000,3061.358000,126.711000,2.613219,ok
3,True,144,8,0x0619d4d1900c2365,2936.199000,3059.616000,123.417000,2.614707,ok
3,True,145,8,0x0619d4d1900c2365,2936.193000,3059.777000,123.584000,2.614570,ok
3,True,146,8,0x0619d4d1900c2365,2937.568000,3063.577000,126.009000,2.611327,ok
3,True,147,8,0x0619d4d1900c2365,2937.728000,3063.727000,125.999000,2.611199,ok
3,True,148,8,0x0619d4d1900c2365,2937.994000,3064.614000,126.620000,2.610443,ok
3,True,149,8,0x0619d4d1900c2365,2936.864000,3063.476000,126.612000,2.611413,ok
3,True,150,8,0x0619d4d1900c2365,2937.923000,3065.490000,127.567000,2.609697,ok
3,True,151,8,0x0619d4d1900c2365,2937.824000,3065.336000,127.512000,2.609828,ok
3,True,152,8,0x0619d4d1900c2365,2946.055000,3075.211000,129.156000,2.601448,ok
3,True,153,8,0x0619d4d1900c2365,2945.927000,3075.076000,129.149000,2.601562,ok
3,True,154,8,0x0619d4d1900c2365,2946.398000,3072.858000,126.460000,2.603440,ok
3,True,155,8,0x0619d4d1900c2365,2945.334000,3071.957000,126.623000,2.604203,ok
3,True,156,8,0x0619d4d1900c2365,2940.073000,3065.590000,125.517000,2.609612,ok
3,True,157,8,0x0619d4d1900c2365,2940.072000,3065.431000,125.359000,2.609747,ok
3,True,158,8,0x0619d4d1900c2365,2939.316000,3065.759000,126.443000,2.609468,ok
3,True,159,8,0x0619d4d1900c2365,2939.315000,3065.924000,126.609000,2.609328,ok
3,True,160,8,0x0619d4d1900c2365,2942.144000,3068.305000,126.161000,2.607303,ok
3,True,161,8,0x0619d4d1900c2365,2942.139000,3068.470000,126.331000,2.607163,ok
3,True,162,8,0x0619d4d1900c2365,2944.598000,3071.883000,127.285000,2.604266,ok
3,True,163,8,0x0619d4d1900c2365,2944.594000,3072.158000,127.564000,2.604033,ok
3,True,164,8,0x0619d4d1900c2365,2945.525000,3069.627000,124.102000,2.606180,ok
3,True,165,8,0x0619d4d1900c2365,2945.504000,3069.798000,124.294000,2.606035,ok
3,True,166,8,0x0619d4d1900c2365,2946.660000,3070.151000,123.491000,2.605735,ok
3,True,167,8,0x0619d4d1900c2365,2946.656000,3070.227000,123.571000,2.605671,ok
3,True,168,8,0x0619d4d1900c2365,2948.171000,3073.616000,125.445000,2.602797,ok
3,True,169,8,0x0619d4d1900c2365,2948.167000,3073.612000,125.445000,2.602801,ok
3,True,170,8,0x0619d4d1900c2365,2946.246000,3071.123000,124.877000,2.604910,ok
3,True,171,8,0x0619d4d1900c2365,2946.243000,3071.122000,124.879000,2.604911,ok
3,True,172,8,0x0619d4d1900c2365,2945.409000,3071.265000,125.856000,2.604790,ok
3,True,173,8,0x0619d4d1900c2365,2945.409000,3071.419000,126.010000,2.604659,ok
3,True,174,8,0x0619d4d1900c2365,2942.792000,3071.239000,128.447000,2.604812,ok
3,True,175,8,0x0619d4d1900c2365,2942.951000,3071.420000,128.469000,2.604658,ok
3,True,176,8,0x0619d4d1900c2365,2948.801000,3077.064000,128.263000,2.599881,ok
3,True,177,8,0x0619d4d1900c2365,2949.306000,3077.200000,127.894000,2.599766,ok
3,True,178,8,0x0619d4d1900c2365,2953.772000,3079.419000,125.647000,2.597893,ok
3,True,179,8,0x0619d4d1900c2365,2953.770000,3079.268000,125.498000,2.598020,ok
3,True,180,8,0x0619d4d1900c2365,2952.577000,3080.811000,128.234000,2.596719,ok
3,True,181,8,0x0619d4d1900c2365,2952.680000,3080.967000,128.287000,2.596587,ok
3,True,182,8,0x0619d4d1900c2365,2952.724000,3081.124000,128.400000,2.596455,ok
3,True,183,8,0x0619d4d1900c2365,2952.867000,3081.264000,128.397000,2.596337,ok
3,True,184,8,0x0619d4d1900c2365,2952.842000,3080.422000,127.580000,2.597047,ok
3,True,185,8,0x0619d4d1900c2365,2952.972000,3080.288000,127.316000,2.597160,ok
3,True,186,8,0x0619d4d1900c2365,2954.749000,3081.148000,126.399000,2.596435,ok
3,True,187,8,0x0619d4d1900c2365,2954.869000,3081.280000,126.411000,2.596324,ok
3,True,188,8,0x0619d4d1900c2365,2956.233000,3088.261000,132.028000,2.590455,ok
3,True,189,8,0x0619d4d1900c2365,2956.227000,3089.029000,132.802000,2.589811,ok
3,True,190,8,0x0619d4d1900c2365,2962.971000,3094.672000,131.701000,2.585088,ok
3,True,191,8,0x0619d4d1900c2365,2962.131000,3093.219000,131.088000,2.586302,ok
3,True,192,8,0x0619d4d1900c2365,2969.567000,3095.599000,126.032000,2.584314,ok
3,True,193,8,0x0619d4d1900c2365,2969.563000,3095.433000,125.870000,2.584453,ok
3,True,194,8,0x0619d4d1900c2365,2967.326000,3093.441000,126.115000,2.586117,ok
3,True,195,8,0x0619d4d1900c2365,2967.322000,3093.277000,125.955000,2.586254,ok
3,True,196,8,0x0619d4d1900c2365,2970.719000,3095.186000,124.467000,2.584659,ok
3,True,197,8,0x0619d4d1900c2365,2969.436000,3094.067000,124.631000,2.585594,ok
3,True,198,8,0x0619d4d1900c2365,2971.553000,3096.329000,124.776000,2.583705,ok
3,True,199,8,0x0619d4d1900c2365,2971.552000,3096.469000,124.917000,2.583588,ok
4,True,0,8,0x0619d4d1900c2365,54.037000,148.662000,94.625000,53.813348,ok
4,True,1,8,0x0619d4d1900c2365,54.029000,148.650000,94.621000,53.817693,ok
4,True,2,8,0x0619d4d1900c2365,206.056000,313.693000,107.637000,25.502641,ok
4,True,3,8,0x0619d4d1900c2365,206.044000,313.771000,107.727000,25.496301,ok
4,True,4,8,0x0619d4d1900c2365,368.339000,469.336000,100.997000,17.045358,ok
4,True,5,8,0x0619d4d1900c2365,368.341000,469.336000,100.995000,17.045358,ok
4,True,6,8,0x0619d4d1900c2365,523.873000,626.859000,102.986000,12.762041,ok
4,True,7,8,0x0619d4d1900c2365,523.880000,626.859000,102.979000,12.762041,ok
4,True,8,8,0x0619d4d1900c2365,682.572000,785.545000,102.973000,10.184012,ok
4,True,9,8,0x0619d4d1900c2365,682.572000,785.434000,102.862000,10.185452,ok
4,True,10,8,0x0619d4d1900c2365,842.959000,972.785000,129.826000,8.223811,ok
4,True,11,8,0x0619d4d1900c2365,843.892000,975.629000,131.737000,8.199838,ok
4,True,12,8,0x0619d4d1900c2365,1035.507000,1168.130000,132.623000,6.848553,ok
4,True,13,8,0x0619d4d1900c2365,1035.506000,1169.646000,134.140000,6.839676,ok
4,True,14,8,0x0619d4d1900c2365,1232.158000,1362.552000,130.394000,5.871336,ok
4,True,15,8,0x0619d4d1900c2365,1229.575000,1364.992000,135.417000,5.860840,ok
4,True,16,8,0x0619d4d1900c2365,1423.592000,1556.287000,132.695000,5.140440,ok
4,True,17,8,0x0619d4d1900c2365,1432.095000,1566.365000,134.270000,5.107366,ok
4,True,18,8,0x0619d4d1900c2365,1620.033000,1739.022000,118.989000,4.600287,ok
4,True,19,8,0x0619d4d1900c2365,1629.007000,1749.786000,120.779000,4.571988,ok
4,True,20,8,0x0619d4d1900c2365,1810.150000,1938.589000,128.439000,4.126713,ok
4,True,21,8,0x0619d4d1900c2365,1817.186000,1945.908000,128.722000,4.111191,ok
4,True,22,8,0x0619d4d1900c2365,1999.640000,2129.580000,129.940000,3.756609,ok
4,True,23,8,0x0619d4d1900c2365,2007.487000,2137.235000,129.748000,3.743154,ok
4,True,24,8,0x0619d4d1900c2365,2190.221000,2318.522000,128.301000,3.450474,ok
4,True,25,8,0x0619d4d1900c2365,2197.804000,2325.401000,127.597000,3.440267,ok
4,True,26,8,0x0619d4d1900c2365,2380.170000,2508.853000,128.683000,3.188708,ok
4,True,27,8,0x0619d4d1900c2365,2387.371000,2514.649000,127.278000,3.181359,ok
4,True,28,8,0x0619d4d1900c2365,2570.935000,2699.800000,128.865000,2.963182,ok
4,True,29,8,0x0619d4d1900c2365,2576.774000,2704.443000,127.669000,2.958095,ok
4,True,30,8,0x0619d4d1900c2365,2761.434000,2890.012000,128.578000,2.768155,ok
4,True,31,8,0x0619d4d1900c2365,2766.339000,2894.267000,127.928000,2.764085,ok
4,True,32,8,0x0619d4d1900c2365,2802.081000,2930.815000,128.734000,2.729616,ok
4,True,33,8,0x0619d4d1900c2365,2806.534000,2934.094000,127.560000,2.726566,ok
4,True,34,8,0x0619d4d1900c2365,2827.424000,2955.922000,128.498000,2.706431,ok
4,True,35,8,0x0619d4d1900c2365,2830.941000,2958.227000,127.286000,2.704323,ok
4,True,36,8,0x0619d4d1900c2365,2862.140000,2990.269000,128.129000,2.675345,ok
4,True,37,8,0x0619d4d1900c2365,2864.413000,2990.399000,125.986000,2.675228,ok
4,True,38,8,0x0619d4d1900c2365,2895.564000,3008.640000,113.076000,2.659009,ok
4,True,39,8,0x0619d4d1900c2365,2895.561000,3008.636000,113.075000,2.659012,ok
4,True,40,8,0x0619d4d1900c2365,2912.176000,3033.129000,120.953000,2.637540,ok
4,True,41,8,0x0619d4d1900c2365,2911.995000,3032.997000,121.002000,2.637655,ok
4,True,42,8,0x0619d4d1900c2365,2908.079000,3028.447000,120.368000,2.641618,ok
4,True,43,8,0x0619d4d1900c2365,2905.539000,3026.120000,120.581000,2.643649,ok
4,True,44,8,0x0619d4d1900c2365,2895.814000,3013.712000,117.898000,2.654534,ok
4,True,45,8,0x0619d4d1900c2365,2893.286000,3013.030000,119.744000,2.655135,ok
4,True,46,8,0x0619d4d1900c2365,2880.349000,3006.384000,126.035000,2.661004,ok
4,True,47,8,0x0619d4d1900c2365,2879.423000,3003.964000,124.541000,2.663148,ok
4,True,48,8,0x0619d4d1900c2365,2875.225000,2996.455000,121.230000,2.669822,ok
4,True,49,8,0x0619d4d1900c2365,2865.180000,2986.495000,121.315000,2.678725,ok
4,True,50,8,0x0619d4d1900c2365,2875.964000,2991.502000,115.538000,2.674242,ok
4,True,51,8,0x0619d4d1900c2365,2865.825000,2981.321000,115.496000,2.683374,ok
4,True,52,8,0x0619d4d1900c2365,2855.389000,2968.962000,113.573000,2.694544,ok
4,True,53,8,0x0619d4d1900c2365,2847.854000,2961.549000,113.695000,2.701289,ok
4,True,54,8,0x0619d4d1900c2365,2839.754000,2960.157000,120.403000,2.702559,ok
4,True,55,8,0x0619d4d1900c2365,2832.062000,2952.664000,120.602000,2.709418,ok
4,True,56,8,0x0619d4d1900c2365,2833.847000,2954.752000,120.905000,2.707503,ok
4,True,57,8,0x0619d4d1900c2365,2826.308000,2947.271000,120.963000,2.714375,ok
4,True,58,8,0x0619d4d1900c2365,2824.499000,2938.548000,114.049000,2.722433,ok
4,True,59,8,0x0619d4d1900c2365,2819.413000,2933.462000,114.049000,2.727153,ok
4,True,60,8,0x0619d4d1900c2365,2810.190000,2925.931000,115.741000,2.734172,ok
4,True,61,8,0x0619d4d1900c2365,2806.508000,2922.248000,115.740000,2.737618,ok
4,True,62,8,0x0619d4d1900c2365,2797.008000,2914.852000,117.844000,2.744565,ok
4,True,63,8,0x0619d4d1900c2365,2793.188000,2911.157000,117.969000,2.748048,ok
4,True,64,8,0x0619d4d1900c2365,2783.860000,2903.765000,119.905000,2.755044,ok
4,True,65,8,0x0619d4d1900c2365,2780.176000,2900.054000,119.878000,2.758569,ok
4,True,66,8,0x0619d4d1900c2365,2773.094000,2890.266000,117.172000,2.767911,ok
4,True,67,8,0x0619d4d1900c2365,2770.535000,2887.827000,117.292000,2.770249,ok
4,True,68,8,0x0619d4d1900c2365,2757.399000,2876.303000,118.904000,2.781348,ok
4,True,69,8,0x0619d4d1900c2365,2757.475000,2876.295000,118.820000,2.781356,ok
4,True,70,8,0x0619d4d1900c2365,2761.670000,2882.519000,120.849000,2.775350,ok
4,True,71,8,0x0619d4d1900c2365,2761.670000,2882.348000,120.678000,2.775515,ok
4,True,72,8,0x0619d4d1900c2365,2760.103000,2874.110000,114.007000,2.783470,ok
4,True,73,8,0x0619d4d1900c2365,2760.102000,2874.110000,114.008000,2.783470,ok
4,True,74,8,0x0619d4d1900c2365,2753.417000,2873.493000,120.076000,2.784068,ok
4,True,75,8,0x0619d4d1900c2365,2753.507000,2873.630000,120.123000,2.783935,ok
4,True,76,8,0x0619d4d1900c2365,2753.402000,2874.365000,120.963000,2.783223,ok
4,True,77,8,0x0619d4d1900c2365,2751.076000,2876.786000,125.710000,2.780881,ok
4,True,78,8,0x0619d4d1900c2365,2767.336000,2893.305000,125.969000,2.765004,ok
4,True,79,8,0x0619d4d1900c2365,2767.414000,2893.329000,125.915000,2.764981,ok
4,True,80,8,0x0619d4d1900c2365,2770.741000,2889.055000,118.314000,2.769072,ok
4,True,81,8,0x0619d4d1900c2365,2769.585000,2887.916000,118.331000,2.770164,ok
4,True,82,8,0x0619d4d1900c2365,2770.854000,2888.067000,117.213000,2.770019,ok
4,True,83,8,0x0619d4d1900c2365,2770.700000,2888.009000,117.309000,2.770074,ok
4,True,84,8,0x0619d4d1900c2365,2773.245000,2889.999000,116.754000,2.768167,ok
4,True,85,8,0x0619d4d1900c2365,2773.241000,2889.998000,116.757000,2.768168,ok
4,True,86,8,0x0619d4d1900c2365,2770.331000,2884.673000,114.342000,2.773278,ok
4,True,87,8,0x0619d4d1900c2365,2770.328000,2884.781000,114.453000,2.773174,ok
4,True,88,8,0x0619d4d1900c2365,2763.673000,2883.355000,119.682000,2.774546,ok
4,True,89,8,0x0619d4d1900c2365,2763.793000,2883.478000,119.685000,2.774427,ok
4,True,90,8,0x0619d4d1900c2365,2767.941000,2887.912000,119.971000,2.770168,ok
4,True,91,8,0x0619d4d1900c2365,2768.168000,2888.040000,119.872000,2.770045,ok
4,True,92,8,0x0619d4d1900c2365,2770.324000,2887.675000,117.351000,2.770395,ok
4,True,93,8,0x0619d4d1900c2365,2770.320000,2887.674000,117.354000,2.770396,ok
4,True,94,8,0x0619d4d1900c2365,2768.975000,2887.844000,118.869000,2.770233,ok
4,True,95,8,0x0619d4d1900c2365,2768.982000,2887.983000,119.001000,2.770099,ok
4,True,96,8,0x0619d4d1900c2365,2768.771000,2886.214000,117.443000,2.771797,ok
4,True,97,8,0x0619d4d1900c2365,2768.768000,2886.346000,117.578000,2.771670,ok
4,True,98,8,0x0619d4d1900c2365,2769.075000,2888.451000,119.376000,2.769651,ok
4,True,99,8,0x0619d4d1900c2365,2769.179000,2888.589000,119.410000,2.769518,ok
4,True,100,8,0x0619d4d1900c2365,2772.304000,2886.957000,114.653000,2.771084,ok
4,True,101,8,0x0619d4d1900c2365,2772.300000,2886.826000,114.526000,2.771210,ok
4,True,102,8,0x0619d4d1900c2365,2766.506000,2885.421000,118.915000,2.772559,ok
4,True,103,8,0x0619d4d1900c2365,2766.510000,2885.530000,119.020000,2.772454,ok
4,True,104,8,0x0619d4d1900c2365,2771.195000,2889.861000,118.666000,2.768299,ok
4,True,105,8,0x0619d4d1900c2365,2771.192000,2890.003000,118.811000,2.768163,ok
4,True,106,8,0x0619d4d1900c2365,2767.343000,2883.196000,115.853000,2.774699,ok
4,True,107,8,0x0619d4d1900c2365,2766.059000,2881.787000,115.728000,2.776055,ok
4,True,108,8,0x0619d4d1900c2365,2760.030000,2878.519000,118.489000,2.779207,ok
4,True,109,8,0x0619d4d1900c2365,2750.456000,2868.959000,118.503000,2.788468,ok
4,True,110,8,0x0619d4d1900c2365,2736.630000,2849.322000,112.692000,2.807685,ok
4,True,111,8,0x0619d4d1900c2365,2736.628000,2849.321000,112.693000,2.807686,ok
4,True,112,8,0x0619d4d1900c2365,2730.819000,2847.633000,116.814000,2.809351,ok
4,True,113,8,0x0619d4d1900c2365,2730.819000,2847.738000,116.919000,2.809247,ok
4,True,114,8,0x0619d4d1900c2365,2729.545000,2844.692000,115.147000,2.812255,ok
4,True,115,8,0x0619d4d1900c2365,2729.543000,2844.550000,115.007000,2.812396,ok
4,True,116,8,0x0619d4d1900c2365,2727.726000,2846.604000,118.878000,2.810366,ok
4,True,117,8,0x0619d4d1900c2365,2727.725000,2846.706000,118.981000,2.810266,ok
4,True,118,8,0x0619d4d1900c2365,2729.004000,2841.826000,112.822000,2.815091,ok
4,True,119,8,0x0619d4d1900c2365,2728.991000,2841.828000,112.837000,2.815089,ok
4,True,120,8,0x0619d4d1900c2365,2720.204000,2832.346000,112.142000,2.824514,ok
4,True,121,8,0x0619d4d1900c2365,2720.204000,2832.373000,112.169000,2.824487,ok
4,True,122,8,0x0619d4d1900c2365,2714.444000,2826.508000,112.064000,2.830348,ok
4,True,123,8,0x0619d4d1900c2365,2714.443000,2826.507000,112.064000,2.830349,ok
4,True,124,8,0x0619d4d1900c2365,2709.784000,2822.645000,112.861000,2.834221,ok
4,True,125,8,0x0619d4d1900c2365,2709.783000,2822.645000,112.862000,2.834221,ok
4,True,126,8,0x0619d4d1900c2365,2701.632000,2827.668000,126.036000,2.829186,ok
4,True,127,8,0x0619d4d1900c2365,2703.270000,2829.854000,126.584000,2.827001,ok
4,True,128,8,0x0619d4d1900c2365,2709.642000,2835.926000,126.284000,2.820948,ok
4,True,129,8,0x0619d4d1900c2365,2712.172000,2836.912000,124.740000,2.819968,ok
4,True,130,8,0x0619d4d1900c2365,2715.822000,2837.696000,121.874000,2.819189,ok
4,True,131,8,0x0619d4d1900c2365,2715.672000,2836.513000,120.841000,2.820364,ok
4,True,132,8,0x0619d4d1900c2365,2722.806000,2836.963000,114.157000,2.819917,ok
4,True,133,8,0x0619d4d1900c2365,2722.802000,2837.118000,114.316000,2.819763,ok
4,True,134,8,0x0619d4d1900c2365,2716.413000,2835.194000,118.781000,2.821676,ok
4,True,135,8,0x0619d4d1900c2365,2715.276000,2834.035000,118.759000,2.822830,ok
4,True,136,8,0x0619d4d1900c2365,2714.959000,2827.561000,112.602000,2.829294,ok
4,True,137,8,0x0619d4d1900c2365,2714.956000,2827.557000,112.601000,2.829298,ok
4,True,138,8,0x0619d4d1900c2365,2714.226000,2832.319000,118.093000,2.824541,ok
4,True,139,8,0x0619d4d1900c2365,2714.095000,2832.459000,118.364000,2.824401,ok
4,True,140,8,0x0619d4d1900c2365,2711.954000,2835.356000,123.402000,2.821515,ok
4,True,141,8,0x0619d4d1900c2365,2712.046000,2835.347000,123.301000,2.821524,ok
4,True,142,8,0x0619d4d1900c2365,2720.906000,2840.839000,119.933000,2.816069,ok
4,True,143,8,0x0619d4d1900c2365,2721.031000,2841.159000,120.128000,2.815752,ok
4,True,144,8,0x0619d4d1900c2365,2726.126000,2843.186000,117.060000,2.813745,ok
4,True,145,8,0x0619d4d1900c2365,2724.956000,2841.908000,116.952000,2.815010,ok
4,True,146,8,0x0619d4d1900c2365,2730.448000,2846.354000,115.906000,2.810613,ok
4,True,147,8,0x0619d4d1900c2365,2730.435000,2846.182000,115.747000,2.810783,ok
4,True,148,8,0x0619d4d1900c2365,2726.612000,2840.739000,114.127000,2.816169,ok
4,True,149,8,0x0619d4d1900c2365,2726.459000,2840.735000,114.276000,2.816173,ok
4,True,150,8,0x0619d4d1900c2365,2729.078000,2842.410000,113.332000,2.814513,ok
4,True,151,8,0x0619d4d1900c2365,2729.074000,2842.405000,113.331000,2.814518,ok
4,True,152,8,0x0619d4d1900c2365,2730.311000,2844.144000,113.833000,2.812797,ok
4,True,153,8,0x0619d4d1900c2365,2730.307000,2844.271000,113.964000,2.812672,ok
4,True,154,8,0x0619d4d1900c2365,2731.762000,2850.461000,118.699000,2.806564,ok
4,True,155,8,0x0619d4d1900c2365,2731.759000,2850.458000,118.699000,2.806567,ok
4,True,156,8,0x0619d4d1900c2365,2736.672000,2856.382000,119.710000,2.800746,ok
4,True,157,8,0x0619d4d1900c2365,2736.669000,2856.511000,119.842000,2.800619,ok
4,True,158,8,0x0619d4d1900c2365,2734.470000,2852.591000,118.121000,2.804468,ok
4,True,159,8,0x0619d4d1900c2365,2731.928000,2849.906000,117.978000,2.807110,ok
4,True,160,8,0x0619d4d1900c2365,2729.364000,2844.660000,115.296000,2.812287,ok
4,True,161,8,0x0619d4d1900c2365,2728.087000,2843.384000,115.297000,2.813549,ok
4,True,162,8,0x0619d4d1900c2365,2725.607000,2842.793000,117.186000,2.814134,ok
4,True,163,8,0x0619d4d1900c2365,2725.603000,2842.917000,117.314000,2.814011,ok
4,True,164,8,0x0619d4d1900c2365,2728.260000,2848.267000,120.007000,2.808725,ok
4,True,165,8,0x0619d4d1900c2365,2728.548000,2848.391000,119.843000,2.808603,ok
4,True,166,8,0x0619d4d1900c2365,2731.010000,2850.373000,119.363000,2.806650,ok
4,True,167,8,0x0619d4d1900c2365,2730.906000,2850.236000,119.330000,2.806785,ok
4,True,168,8,0x0619d4d1900c2365,2737.657000,2858.886000,121.229000,2.798293,ok
4,True,169,8,0x0619d4d1900c2365,2737.767000,2859.042000,121.275000,2.798140,ok
4,True,170,8,0x0619d4d1900c2365,2739.154000,2859.140000,119.986000,2.798044,ok
4,True,171,8,0x0619d4d1900c2365,2738.980000,2859.010000,120.030000,2.798171,ok
4,True,172,8,0x0619d4d1900c2365,2735.745000,2850.922000,115.177000,2.806110,ok
4,True,173,8,0x0619d4d1900c2365,2736.177000,2850.919000,114.742000,2.806113,ok
4,True,174,8,0x0619d4d1900c2365,2733.116000,2852.584000,119.468000,2.804475,ok
4,True,175,8,0x0619d4d1900c2365,2731.840000,2851.175000,119.335000,2.805861,ok
4,True,176,8,0x0619d4d1900c2365,2733.373000,2848.741000,115.368000,2.808258,ok
4,True,177,8,0x0619d4d1900c2365,2733.365000,2848.733000,115.368000,2.808266,ok
4,True,178,8,0x0619d4d1900c2365,2733.573000,2847.195000,113.622000,2.809783,ok
4,True,179,8,0x0619d4d1900c2365,2733.572000,2847.324000,113.752000,2.809656,ok
4,True,180,8,0x0619d4d1900c2365,2734.174000,2847.252000,113.078000,2.809727,ok
4,True,181,8,0x0619d4d1900c2365,2734.172000,2847.249000,113.077000,2.809730,ok
4,True,182,8,0x0619d4d1900c2365,2735.177000,2847.355000,112.178000,2.809625,ok
4,True,183,8,0x0619d4d1900c2365,2735.174000,2847.352000,112.178000,2.809628,ok
4,True,184,8,0x0619d4d1900c2365,2734.843000,2854.841000,119.998000,2.802258,ok
4,True,185,8,0x0619d4d1900c2365,2734.977000,2854.967000,119.990000,2.802134,ok
4,True,186,8,0x0619d4d1900c2365,2735.588000,2854.217000,118.629000,2.802870,ok
4,True,187,8,0x0619d4d1900c2365,2735.586000,2854.360000,118.774000,2.802730,ok
4,True,188,8,0x0619d4d1900c2365,2734.017000,2856.823000,122.806000,2.800313,ok
4,True,189,8,0x0619d4d1900c2365,2735.666000,2856.820000,121.154000,2.800316,ok
4,True,190,8,0x0619d4d1900c2365,2735.909000,2852.038000,116.129000,2.805012,ok
4,True,191,8,0x0619d4d1900c2365,2735.906000,2852.160000,116.254000,2.804892,ok
4,True,192,8,0x0619d4d1900c2365,2735.820000,2849.775000,113.955000,2.807239,ok
4,True,193,8,0x0619d4d1900c2365,2735.816000,2849.911000,114.095000,2.807105,ok
4,True,194,8,0x0619d4d1900c2365,2733.226000,2851.201000,117.975000,2.805835,ok
4,True,195,8,0x0619d4d1900c2365,2733.223000,2851.198000,117.975000,2.805838,ok
4,True,196,8,0x0619d4d1900c2365,2732.457000,2845.216000,112.759000,2.811737,ok
4,True,197,8,0x0619d4d1900c2365,2732.456000,2845.216000,112.760000,2.811737,ok
4,True,198,8,0x0619d4d1900c2365,2726.465000,2845.093000,118.628000,2.811859,ok
4,True,199,8,0x0619d4d1900c2365,2726.369000,2844.948000,118.579000,2.812002,ok
5,True,0,8,0x0619d4d1900c2365,52.856000,147.892000,95.036000,54.093528,ok
5,True,1,8,0x0619d4d1900c2365,52.843000,147.871000,95.028000,54.101210,ok
5,True,2,8,0x0619d4d1900c2365,199.228000,305.209000,105.981000,26.211547,ok
5,True,3,8,0x0619d4d1900c2365,198.843000,305.118000,106.275000,26.219364,ok
5,True,4,8,0x0619d4d1900c2365,356.837000,453.565000,96.728000,17.638045,ok
5,True,5,8,0x0619d4d1900c2365,356.838000,453.565000,96.727000,17.638045,ok
5,True,6,8,0x0619d4d1900c2365,506.526000,608.964000,102.438000,13.137066,ok
5,True,7,8,0x0619d4d1900c2365,506.525000,608.964000,102.439000,13.137066,ok
5,True,8,8,0x0619d4d1900c2365,662.704000,762.946000,100.242000,10.485670,ok
5,True,9,8,0x0619d4d1900c2365,662.797000,763.043000,100.246000,10.484337,ok
5,True,10,8,0x0619d4d1900c2365,817.553000,916.092000,98.539000,8.732747,ok
5,True,11,8,0x0619d4d1900c2365,817.656000,916.092000,98.436000,8.732747,ok
5,True,12,8,0x0619d4d1900c2365,969.567000,1068.043000,98.476000,7.490335,ok
5,True,13,8,0x0619d4d1900c2365,969.571000,1068.042000,98.471000,7.490342,ok
5,True,14,8,0x0619d4d1900c2365,1122.015000,1225.570000,103.555000,6.527575,ok
5,True,15,8,0x0619d4d1900c2365,1122.012000,1225.464000,103.452000,6.528140,ok
5,True,16,8,0x0619d4d1900c2365,1279.050000,1381.832000,102.782000,5.789416,ok
5,True,17,8,0x0619d4d1900c2365,1279.050000,1381.924000,102.874000,5.789030,ok
5,True,18,8,0x0619d4d1900c2365,1435.679000,1536.778000,101.099000,5.205697,ok
5,True,19,8,0x0619d4d1900c2365,1435.679000,1536.689000,101.010000,5.205998,ok
5,True,20,8,0x0619d4d1900c2365,1589.937000,1690.226000,100.289000,4.733095,ok
5,True,21,8,0x0619d4d1900c2365,1589.936000,1690.226000,100.290000,4.733095,ok
5,True,22,8,0x0619d4d1900c2365,1745.120000,1847.530000,102.410000,4.330106,ok
5,True,23,8,0x0619d4d1900c2365,1745.125000,1847.529000,102.404000,4.330108,ok
5,True,24,8,0x0619d4d1900c2365,1902.239000,2007.879000,105.640000,3.984304,ok
5,True,25,8,0x0619d4d1900c2365,1902.328000,2007.997000,105.669000,3.984070,ok
5,True,26,8,0x0619d4d1900c2365,2062.629000,2162.419000,99.790000,3.699561,ok
5,True,27,8,0x0619d4d1900c2365,2062.629000,2162.500000,99.871000,3.699422,ok
5,True,28,8,0x0619d4d1900c2365,2216.810000,2318.469000,101.659000,3.450553,ok
5,True,29,8,0x0619d4d1900c2365,2216.811000,2318.468000,101.657000,3.450554,ok
5,True,30,8,0x0619d4d1900c2365,2372.757000,2473.984000,101.227000,3.233651,ok
5,True,31,8,0x0619d4d1900c2365,2372.855000,2473.985000,101.130000,3.233649,ok
5,True,32,8,0x0619d4d1900c2365,2380.526000,2484.979000,104.453000,3.219343,ok
5,True,33,8,0x0619d4d1900c2365,2380.524000,2484.977000,104.453000,3.219346,ok
5,True,34,8,0x0619d4d1900c2365,2383.453000,2483.264000,99.811000,3.221566,ok
5,True,35,8,0x0619d4d1900c2365,2383.566000,2483.376000,99.810000,3.221421,ok
5,True,36,8,0x0619d4d1900c2365,2389.292000,2498.110000,108.818000,3.202421,ok
5,True,37,8,0x0619d4d1900c2365,2389.291000,2497.996000,108.705000,3.202567,ok
5,True,38,8,0x0619d4d1900c2365,2396.513000,2497.138000,100.625000,3.203668,ok
5,True,39,8,0x0619d4d1900c2365,2396.509000,2497.144000,100.635000,3.203660,ok
5,True,40,8,0x0619d4d1900c2365,2400.495000,2504.005000,103.510000,3.194882,ok
5,True,41,8,0x0619d4d1900c2365,2399.215000,2502.724000,103.509000,3.196517,ok
5,True,42,8,0x0619d4d1900c2365,2407.319000,2518.903000,111.584000,3.175986,ok
5,True,43,8,0x0619d4d1900c2365,2407.219000,2518.793000,111.574000,3.176124,ok
5,True,44,8,0x0619d4d1900c2365,2424.541000,2541.019000,116.478000,3.148343,ok
5,True,45,8,0x0619d4d1900c2365,2424.388000,2541.017000,116.629000,3.148346,ok
5,True,46,8,0x0619d4d1900c2365,2441.761000,2559.231000,117.470000,3.125939,ok
5,True,47,8,0x0619d4d1900c2365,2441.761000,2559.227000,117.466000,3.125944,ok
5,True,48,8,0x0619d4d1900c2365,2461.746000,2573.028000,111.282000,3.109177,ok
5,True,49,8,0x0619d4d1900c2365,2461.742000,2573.024000,111.282000,3.109182,ok
5,True,50,8,0x0619d4d1900c2365,2479.198000,2596.028000,116.830000,3.081631,ok
5,True,51,8,0x0619d4d1900c2365,2479.404000,2596.163000,116.759000,3.081471,ok
5,True,52,8,0x0619d4d1900c2365,2499.798000,2617.603000,117.805000,3.056231,ok
5,True,53,8,0x0619d4d1900c2365,2499.844000,2617.729000,117.885000,3.056084,ok
5,True,54,8,0x0619d4d1900c2365,2521.286000,2633.677000,112.391000,3.037578,ok
5,True,55,8,0x0619d4d1900c2365,2521.421000,2633.677000,112.256000,3.037578,ok
5,True,56,8,0x0619d4d1900c2365,2531.698000,2652.881000,121.183000,3.015589,ok
5,True,57,8,0x0619d4d1900c2365,2531.695000,2653.177000,121.482000,3.015253,ok
5,True,58,8,0x0619d4d1900c2365,2555.421000,2679.702000,124.281000,2.985407,ok
5,True,59,8,0x0619d4d1900c2365,2555.941000,2680.345000,124.404000,2.984690,ok
5,True,60,8,0x0619d4d1900c2365,2582.204000,2701.961000,119.757000,2.960813,ok
5,True,61,8,0x0619d4d1900c2365,2582.786000,2701.957000,119.171000,2.960817,ok
5,True,62,8,0x0619d4d1900c2365,2603.873000,2716.476000,112.603000,2.944992,ok
5,True,63,8,0x0619d4d1900c2365,2603.870000,2716.473000,112.603000,2.944995,ok
5,True,64,8,0x0619d4d1900c2365,2615.346000,2726.220000,110.874000,2.934466,ok
5,True,65,8,0x0619d4d1900c2365,2615.344000,2726.216000,110.872000,2.934470,ok
5,True,66,8,0x0619d4d1900c2365,2629.511000,2744.628000,115.117000,2.914785,ok
5,True,67,8,0x0619d4d1900c2365,2629.508000,2744.625000,115.117000,2.914788,ok
5,True,68,8,0x0619d4d1900c2365,2638.955000,2751.484000,112.529000,2.907522,ok
5,True,69,8,0x0619d4d1900c2365,2638.952000,2751.563000,112.611000,2.907438,ok
5,True,70,8,0x0619d4d1900c2365,2654.150000,2766.087000,111.937000,2.892172,ok
5,True,71,8,0x0619d4d1900c2365,2654.147000,2766.084000,111.937000,2.892175,ok
5,True,72,8,0x0619d4d1900c2365,2663.498000,2771.835000,108.337000,2.886175,ok
5,True,73,8,0x0619d4d1900c2365,2663.497000,2771.911000,108.414000,2.886096,ok
5,True,74,8,0x0619d4d1900c2365,2660.597000,2776.020000,115.423000,2.881824,ok
5,True,75,8,0x0619d4d1900c2365,2660.474000,2775.895000,115.421000,2.881953,ok
5,True,76,8,0x0619d4d1900c2365,2658.183000,2770.098000,111.915000,2.887984,ok
5,True,77,8,0x0619d4d1900c2365,2658.180000,2770.000000,111.820000,2.888087,ok
5,True,78,8,0x0619d4d1900c2365,2651.066000,2769.510000,118.444000,2.888598,ok
5,True,79,8,0x0619d4d1900c2365,2651.065000,2769.359000,118.294000,2.888755,ok
5,True,80,8,0x0619d4d1900c2365,2654.730000,2762.574000,107.844000,2.895850,ok
5,True,81,8,0x0619d4d1900c2365,2654.615000,2762.571000,107.956000,2.895853,ok
5,True,82,8,0x0619d4d1900c2365,2641.469000,2748.509000,107.040000,2.910669,ok
5,True,83,8,0x0619d4d1900c2365,2641.464000,2748.504000,107.040000,2.910674,ok
5,True,84,8,0x0619d4d1900c2365,2629.976000,2742.236000,112.260000,2.917327,ok
5,True,85,8,0x0619d4d1900c2365,2629.121000,2742.110000,112.989000,2.917461,ok
5,True,86,8,0x0619d4d1900c2365,2625.515000,2731.189000,105.674000,2.929127,ok
5,True,87,8,0x0619d4d1900c2365,2625.511000,2731.185000,105.674000,2.929131,ok
5,True,88,8,0x0619d4d1900c2365,2608.374000,2724.796000,116.422000,2.936000,ok
5,True,89,8,0x0619d4d1900c2365,2608.506000,2724.909000,116.403000,2.935878,ok
5,True,90,8,0x0619d4d1900c2365,2599.127000,2703.255000,104.128000,2.959395,ok
5,True,91,8,0x0619d4d1900c2365,2599.014000,2703.252000,104.238000,2.959399,ok
5,True,92,8,0x0619d4d1900c2365,2583.199000,2690.604000,107.405000,2.973310,ok
5,True,93,8,0x0619d4d1900c2365,2583.196000,2690.508000,107.312000,2.973416,ok
5,True,94,8,0x0619d4d1900c2365,2575.211000,2684.060000,108.849000,2.980559,ok
5,True,95,8,0x0619d4d1900c2365,2575.207000,2683.995000,108.788000,2.980631,ok
5,True,96,8,0x0619d4d1900c2365,2572.175000,2675.414000,103.239000,2.990191,ok
5,True,97,8,0x0619d4d1900c2365,2572.173000,2675.411000,103.238000,2.990195,ok
5,True,98,8,0x0619d4d1900c2365,2558.031000,2670.214000,112.183000,2.996015,ok
5,True,99,8,0x0619d4d1900c2365,2558.131000,2670.318000,112.187000,2.995898,ok
5,True,100,8,0x0619d4d1900c2365,2555.020000,2667.608000,112.588000,2.998941,ok
5,True,101,8,0x0619d4d1900c2365,2555.018000,2667.467000,112.449000,2.999100,ok
5,True,102,8,0x0619d4d1900c2365,2553.868000,2659.757000,105.889000,3.007794,ok
5,True,103,8,0x0619d4d1900c2365,2553.865000,2659.642000,105.777000,3.007924,ok
5,True,104,8,0x0619d4d1900c2365,2550.567000,2652.773000,102.206000,3.015712,ok
5,True,105,8,0x0619d4d1900c2365,2550.567000,2652.770000,102.203000,3.015716,ok
5,True,106,8,0x0619d4d1900c2365,2535.542000,2641.146000,105.604000,3.028988,ok
5,True,107,8,0x0619d4d1900c2365,2535.541000,2641.145000,105.604000,3.028989,ok
5,True,108,8,0x0619d4d1900c2365,2529.017000,2639.770000,110.753000,3.030567,ok
5,True,109,8,0x0619d4d1900c2365,2529.130000,2639.873000,110.743000,3.030449,ok
5,True,110,8,0x0619d4d1900c2365,2522.705000,2629.920000,107.215000,3.041918,ok
5,True,111,8,0x0619d4d1900c2365,2522.701000,2629.917000,107.216000,3.041921,ok
5,True,112,8,0x0619d4d1900c2365,2523.004000,2631.293000,108.289000,3.040330,ok
5,True,113,8,0x0619d4d1900c2365,2522.882000,2631.421000,108.539000,3.040182,ok
5,True,114,8,0x0619d4d1900c2365,2524.508000,2627.276000,102.768000,3.044979,ok
5,True,115,8,0x0619d4d1900c2365,2524.506000,2627.224000,102.718000,3.045039,ok
5,True,116,8,0x0619d4d1900c2365,2513.411000,2618.733000,105.322000,3.054912,ok
5,True,117,8,0x0619d4d1900c2365,2513.337000,2618.605000,105.268000,3.055062,ok
5,True,118,8,0x0619d4d1900c2365,2513.243000,2626.150000,112.907000,3.046284,ok
5,True,119,8,0x0619d4d1900c2365,2513.117000,2626.059000,112.942000,3.046390,ok
5,True,120,8,0x0619d4d1900c2365,2523.524000,2657.209000,133.685000,3.010678,ok
5,True,121,8,0x0619d4d1900c2365,2522.855000,2657.363000,134.508000,3.010503,ok
5,True,122,8,0x0619d4d1900c2365,2556.674000,2701.224000,144.550000,2.961620,ok
5,True,123,8,0x0619d4d1900c2365,2557.653000,2702.297000,144.644000,2.960444,ok
5,True,124,8,0x0619d4d1900c2365,2593.056000,2711.661000,118.605000,2.950221,ok
5,True,125,8,0x0619d4d1900c2365,2593.437000,2711.089000,117.652000,2.950844,ok
5,True,126,8,0x0619d4d1900c2365,2601.019000,2717.098000,116.079000,2.944318,ok
5,True,127,8,0x0619d4d1900c2365,2601.404000,2717.176000,115.772000,2.944233,ok
5,True,128,8,0x0619d4d1900c2365,2613.435000,2715.889000,102.454000,2.945628,ok
5,True,129,8,0x0619d4d1900c2365,2613.419000,2715.771000,102.352000,2.945756,ok
5,True,130,8,0x0619d4d1900c2365,2603.283000,2814.967000,211.684000,2.841952,ok
5,True,131,8,0x0619d4d1900c2365,2603.278000,2823.479000,220.201000,2.833384,ok
5,True,132,8,0x0619d4d1900c2365,2702.189000,2827.682000,125.493000,2.829172,ok
5,True,133,8,0x0619d4d1900c2365,2711.149000,2834.649000,123.500000,2.822219,ok
5,True,134,8,0x0619d4d1900c2365,2720.647000,2846.147000,125.500000,2.810818,ok
5,True,135,8,0x0619d4d1900c2365,2727.869000,2852.354000,124.485000,2.804701,ok
5,True,136,8,0x0619d4d1900c2365,2742.922000,2870.466000,127.544000,2.787004,ok
5,True,137,8,0x0619d4d1900c2365,2749.292000,2877.264000,127.972000,2.780419,ok
5,True,138,8,0x0619d4d1900c2365,2767.329000,2895.024000,127.695000,2.763362,ok
5,True,139,8,0x0619d4d1900c2365,2771.540000,2895.850000,124.310000,2.762574,ok
5,True,140,8,0x0619d4d1900c2365,2783.640000,2899.488000,115.848000,2.759108,ok
5,True,141,8,0x0619d4d1900c2365,2784.421000,2899.582000,115.161000,2.759018,ok
5,True,142,8,0x0619d4d1900c2365,2791.144000,2893.541000,102.397000,2.764779,ok
5,True,143,8,0x0619d4d1900c2365,2791.176000,2893.537000,102.361000,2.764782,ok
5,True,144,8,0x0619d4d1900c2365,2785.320000,2892.574000,107.254000,2.765703,ok
5,True,145,8,0x0619d4d1900c2365,2785.318000,2892.686000,107.368000,2.765596,ok
5,True,146,8,0x0619d4d1900c2365,2790.376000,2895.005000,104.629000,2.763380,ok
5,True,147,8,0x0619d4d1900c2365,2790.376000,2894.854000,104.478000,2.763525,ok
5,True,148,8,0x0619d4d1900c2365,2789.427000,2891.441000,102.014000,2.766787,ok
5,True,149,8,0x0619d4d1900c2365,2789.413000,2891.428000,102.015000,2.766799,ok
5,True,150,8,0x0619d4d1900c2365,2778.242000,2889.483000,111.241000,2.768661,ok
5,True,151,8,0x0619d4d1900c2365,2778.135000,2889.375000,111.240000,2.768765,ok
5,True,152,8,0x0619d4d1900c2365,2740.869000,2856.091000,115.222000,2.801031,ok
5,True,153,8,0x0619d4d1900c2365,2740.866000,2855.947000,115.081000,2.801172,ok
5,True,154,8,0x0619d4d1900c2365,2707.466000,2815.621000,108.155000,2.841291,ok
5,True,155,8,0x0619d4d1900c2365,2706.187000,2814.232000,108.045000,2.842694,ok
5,True,156,8,0x0619d4d1900c2365,2697.961000,2801.197000,103.236000,2.855922,ok
5,True,157,8,0x0619d4d1900c2365,2697.936000,2801.294000,103.358000,2.855823,ok
5,True,158,8,0x0619d4d1900c2365,2685.977000,2809.562000,123.585000,2.847419,ok
5,True,159,8,0x0619d4d1900c2365,2685.980000,2810.289000,124.309000,2.846682,ok
5,True,160,8,0x0619d4d1900c2365,2707.490000,2825.320000,117.830000,2.831538,ok
5,True,161,8,0x0619d4d1900c2365,2708.246000,2825.420000,117.174000,2.831437,ok
5,True,162,8,0x0619d4d1900c2365,2614.105000,2728.469000,114.364000,2.932047,ok
5,True,163,8,0x0619d4d1900c2365,2605.198000,2719.681000,114.483000,2.941521,ok
5,True,164,8,0x0619d4d1900c2365,2603.247000,2718.480000,115.233000,2.942821,ok
5,True,165,8,0x0619d4d1900c2365,2595.784000,2711.008000,115.224000,2.950932,ok
5,True,166,8,0x0619d4d1900c2365,2594.885000,2702.224000,107.339000,2.960524,ok
5,True,167,8,0x0619d4d1900c2365,2589.452000,2697.021000,107.569000,2.966236,ok
5,True,168,8,0x0619d4d1900c2365,2577.019000,2679.776000,102.757000,2.985324,ok
5,True,169,8,0x0619d4d1900c2365,2570.702000,2673.561000,102.859000,2.992264,ok
5,True,170,8,0x0619d4d1900c2365,2549.391000,2660.925000,111.534000,3.006473,ok
5,True,171,8,0x0619d4d1900c2365,2549.255000,2661.022000,111.767000,3.006364,ok
5,True,172,8,0x0619d4d1900c2365,2546.296000,2649.978000,103.682000,3.018893,ok
5,True,173,8,0x0619d4d1900c2365,2546.295000,2650.090000,103.795000,3.018765,ok
5,True,174,8,0x0619d4d1900c2365,2547.599000,2662.888000,115.289000,3.004257,ok
5,True,175,8,0x0619d4d1900c2365,2547.598000,2662.763000,115.165000,3.004398,ok
5,True,176,8,0x0619d4d1900c2365,2554.486000,2667.454000,112.968000,2.999115,ok
5,True,177,8,0x0619d4d1900c2365,2554.485000,2667.754000,113.269000,2.998777,ok
5,True,178,8,0x0619d4d1900c2365,2561.593000,2684.826000,123.233000,2.979709,ok
5,True,179,8,0x0619d4d1900c2365,2561.928000,2684.983000,123.055000,2.979535,ok
5,True,180,8,0x0619d4d1900c2365,2580.563000,2682.486000,101.923000,2.982308,ok
5,True,181,8,0x0619d4d1900c2365,2580.559000,2682.482000,101.923000,2.982313,ok
5,True,182,8,0x0619d4d1900c2365,2572.291000,2683.485000,111.194000,2.981198,ok
5,True,183,8,0x0619d4d1900c2365,2572.393000,2684.365000,111.972000,2.980221,ok
5,True,184,8,0x0619d4d1900c2365,2567.127000,2682.877000,115.750000,2.981874,ok
5,True,185,8,0x0619d4d1900c2365,2568.212000,2683.215000,115.003000,2.981498,ok
5,True,186,8,0x0619d4d1900c2365,2575.714000,2686.982000,111.268000,2.977318,ok
5,True,187,8,0x0619d4d1900c2365,2575.828000,2686.860000,111.032000,2.977453,ok
5,True,188,8,0x0619d4d1900c2365,2583.874000,2689.631000,105.757000,2.974386,ok
5,True,189,8,0x0619d4d1900c2365,2583.873000,2689.522000,105.649000,2.974506,ok
5,True,190,8,0x0619d4d1900c2365,2565.555000,2668.073000,102.518000,2.998419,ok
5,True,191,8,0x0619d4d1900c2365,2564.275000,2666.793000,102.518000,2.999858,ok
5,True,192,8,0x0619d4d1900c2365,2550.779000,2658.978000,108.199000,3.008675,ok
5,True,193,8,0x0619d4d1900c2365,2550.776000,2658.851000,108.075000,3.008818,ok
5,True,194,8,0x0619d4d1900c2365,2543.883000,2654.391000,110.508000,3.013874,ok
5,True,195,8,0x0619d4d1900c2365,2543.772000,2654.289000,110.517000,3.013990,ok
5,True,196,8,0x0619d4d1900c2365,2538.414000,2650.738000,112.324000,3.018027,ok
5,True,197,8,0x0619d4d1900c2365,2538.407000,2650.615000,112.208000,3.018167,ok
5,True,198,8,0x0619d4d1900c2365,2541.854000,2650.766000,108.912000,3.017996,ok
5,True,199,8,0x0619d4d1900c2365,2541.853000,2650.905000,109.052000,3.017837,ok
6,True,0,8,0x0619d4d1900c2365,61.406000,152.952000,91.546000,52.303991,ok
6,True,1,8,0x0619d4d1900c2365,61.390000,152.936000,91.546000,52.309463,ok
6,True,2,8,0x0619d4d1900c2365,204.174000,301.393000,97.219000,26.543417,ok
6,True,3,8,0x0619d4d1900c2365,203.874000,301.390000,97.516000,26.543681,ok
6,True,4,8,0x0619d4d1900c2365,354.944000,451.278000,96.334000,17.727432,ok
6,True,5,8,0x0619d4d1900c2365,354.944000,451.277000,96.333000,17.727471,ok
6,True,6,8,0x0619d4d1900c2365,504.153000,600.592000,96.439000,13.320191,ok
6,True,7,8,0x0619d4d1900c2365,504.152000,600.597000,96.445000,13.320080,ok
6,True,8,8,0x0619d4d1900c2365,653.702000,751.971000,98.269000,10.638708,ok
6,True,9,8,0x0619d4d1900c2365,653.702000,751.971000,98.269000,10.638708,ok
6,True,10,8,0x0619d4d1900c2365,804.697000,903.866000,99.169000,8.850869,ok
6,True,11,8,0x0619d4d1900c2365,804.697000,903.866000,99.169000,8.850869,ok
6,True,12,8,0x0619d4d1900c2365,956.782000,1058.588000,101.806000,7.557237,ok
6,True,13,8,0x0619d4d1900c2365,956.869000,1058.689000,101.820000,7.556516,ok
6,True,14,8,0x0619d4d1900c2365,1112.324000,1210.892000,98.568000,6.606700,ok
6,True,15,8,0x0619d4d1900c2365,1112.323000,1210.892000,98.569000,6.606700,ok
6,True,16,8,0x0619d4d1900c2365,1264.411000,1363.109000,98.698000,5.868936,ok
6,True,17,8,0x0619d4d1900c2365,1264.416000,1363.107000,98.691000,5.868945,ok
6,True,18,8,0x0619d4d1900c2365,1417.073000,1516.304000,99.231000,5.275987,ok
6,True,19,8,0x0619d4d1900c2365,1417.076000,1516.304000,99.228000,5.275987,ok
6,True,20,8,0x0619d4d1900c2365,1570.509000,1669.575000,99.066000,4.791639,ok
6,True,21,8,0x0619d4d1900c2365,1570.509000,1669.575000,99.066000,4.791639,ok
6,True,22,8,0x0619d4d1900c2365,1723.670000,1827.287000,103.617000,4.378075,ok
6,True,23,8,0x0619d4d1900c2365,1723.669000,1827.285000,103.616000,4.378080,ok
6,True,24,8,0x0619d4d1900c2365,1882.323000,1989.574000,107.251000,4.020961,ok
6,True,25,8,0x0619d4d1900c2365,1881.832000,1989.574000,107.742000,4.020961,ok
6,True,26,8,0x0619d4d1900c2365,2044.104000,2149.525000,105.421000,3.721752,ok
6,True,27,8,0x0619d4d1900c2365,2044.102000,2149.433000,105.331000,3.721912,ok
6,True,28,8,0x0619d4d1900c2365,2204.056000,2304.725000,100.669000,3.471130,ok
6,True,29,8,0x0619d4d1900c2365,2204.056000,2304.725000,100.669000,3.471130,ok
6,True,30,8,0x0619d4d1900c2365,2358.834000,2459.056000,100.222000,3.253281,ok
6,True,31,8,0x0619d4d1900c2365,2358.834000,2459.056000,100.222000,3.253281,ok
6,True,32,8,0x0619d4d1900c2365,2360.043000,2463.704000,103.661000,3.247143,ok
6,True,33,8,0x0619d4d1900c2365,2360.015000,2463.676000,103.661000,3.247180,ok
6,True,34,8,0x0619d4d1900c2365,2369.952000,2471.335000,101.383000,3.237117,ok
6,True,35,8,0x0619d4d1900c2365,2369.795000,2471.332000,101.537000,3.237121,ok
6,True,36,8,0x0619d4d1900c2365,2375.889000,2477.794000,101.905000,3.228678,ok
6,True,37,8,0x0619d4d1900c2365,2375.885000,2477.790000,101.905000,3.228684,ok
6,True,38,8,0x0619d4d1900c2365,2382.854000,2492.053000,109.199000,3.210205,ok
6,True,39,8,0x0619d4d1900c2365,2382.850000,2492.162000,109.312000,3.210064,ok
6,True,40,8,0x0619d4d1900c2365,2396.169000,2496.262000,100.093000,3.204792,ok
6,True,41,8,0x0619d4d1900c2365,2396.165000,2496.259000,100.094000,3.204796,ok
6,True,42,8,0x0619d4d1900c2365,2398.175000,2508.459000,110.284000,3.189209,ok
6,True,43,8,0x0619d4d1900c2365,2398.269000,2508.550000,110.281000,3.189093,ok
6,True,44,8,0x0619d4d1900c2365,2408.445000,2518.894000,110.449000,3.175997,ok
6,True,45,8,0x0619d4d1900c2365,2408.442000,2519.007000,110.565000,3.175855,ok
6,True,46,8,0x0619d4d1900c2365,2420.665000,2526.409000,105.744000,3.166550,ok
6,True,47,8,0x0619d4d1900c2365,2420.662000,2526.510000,105.848000,3.166423,ok
6,True,48,8,0x0619d4d1900c2365,2428.996000,2538.218000,109.222000,3.151818,ok
6,True,49,8,0x0619d4d1900c2365,2428.992000,2538.214000,109.222000,3.151823,ok
6,True,50,8,0x0619d4d1900c2365,2440.711000,2552.943000,112.232000,3.133638,ok
6,True,51,8,0x0619d4d1900c2365,2440.707000,2552.828000,112.121000,3.133779,ok
6,True,52,8,0x0619d4d1900c2365,2454.121000,2567.852000,113.731000,3.115444,ok
6,True,53,8,0x0619d4d1900c2365,2454.230000,2567.964000,113.734000,3.115308,ok
6,True,54,8,0x0619d4d1900c2365,2465.342000,2578.118000,112.776000,3.103039,ok
6,True,55,8,0x0619d4d1900c2365,2465.338000,2578.233000,112.895000,3.102900,ok
6,True,56,8,0x0619d4d1900c2365,2473.033000,2582.547000,109.514000,3.097717,ok
6,True,57,8,0x0619d4d1900c2365,2473.032000,2582.676000,109.644000,3.097562,ok
6,True,58,8,0x0619d4d1900c2365,2478.703000,2582.100000,103.397000,3.098253,ok
6,True,59,8,0x0619d4d1900c2365,2478.701000,2582.218000,103.517000,3.098112,ok
6,True,60,8,0x0619d4d1900c2365,2482.932000,2585.479000,102.547000,3.094204,ok
6,True,61,8,0x0619d4d1900c2365,2482.928000,2585.475000,102.547000,3.094209,ok
6,True,62,8,0x0619d4d1900c2365,2487.661000,2589.821000,102.160000,3.089017,ok
6,True,63,8,0x0619d4d1900c2365,2487.662000,2589.820000,102.158000,3.089018,ok
6,True,64,8,0x0619d4d1900c2365,2487.430000,2596.685000,109.255000,3.080851,ok
6,True,65,8,0x0619d4d1900c2365,2487.424000,2596.558000,109.134000,3.081002,ok
6,True,66,8,0x0619d4d1900c2365,2497.531000,2609.655000,112.124000,3.065539,ok
6,True,67,8,0x0619d4d1900c2365,2497.528000,2609.520000,111.992000,3.065698,ok
6,True,68,8,0x0619d4d1900c2365,2510.397000,2618.738000,108.341000,3.054907,ok
6,True,69,8,0x0619d4d1900c2365,2510.394000,2618.609000,108.215000,3.055057,ok
6,True,70,8,0x0619d4d1900c2365,2512.279000,2621.211000,108.932000,3.052024,ok
6,True,71,8,0x0619d4d1900c2365,2512.275000,2621.208000,108.933000,3.052028,ok
6,True,72,8,0x0619d4d1900c2365,2525.728000,2643.197000,117.469000,3.026638,ok
6,True,73,8,0x0619d4d1900c2365,2525.731000,2643.349000,117.618000,3.026464,ok
6,True,74,8,0x0619d4d1900c2365,2536.566000,2659.006000,122.440000,3.008643,ok
6,True,75,8,0x0619d4d1900c2365,2536.564000,2659.343000,122.779000,3.008262,ok
6,True,76,8,0x0619d4d1900c2365,2549.470000,2673.540000,124.070000,2.992287,ok
6,True,77,8,0x0619d4d1900c2365,2550.007000,2673.854000,123.847000,2.991936,ok
6,True,78,8,0x0619d4d1900c2365,2568.414000,2681.148000,112.734000,2.983796,ok
6,True,79,8,0x0619d4d1900c2365,2568.713000,2681.144000,112.431000,2.983801,ok
6,True,80,8,0x0619d4d1900c2365,2575.881000,2689.153000,113.272000,2.974914,ok
6,True,81,8,0x0619d4d1900c2365,2575.877000,2689.035000,113.158000,2.975045,ok
6,True,82,8,0x0619d4d1900c2365,2579.131000,2689.117000,109.986000,2.974954,ok
6,True,83,8,0x0619d4d1900c2365,2579.128000,2689.113000,109.985000,2.974959,ok
6,True,84,8,0x0619d4d1900c2365,2579.028000,2693.122000,114.094000,2.970530,ok
6,True,85,8,0x0619d4d1900c2365,2579.024000,2693.239000,114.215000,2.970401,ok
6,True,86,8,0x0619d4d1900c2365,2582.239000,2694.220000,111.981000,2.969320,ok
6,True,87,8,0x0619d4d1900c2365,2582.236000,2694.094000,111.858000,2.969458,ok
6,True,88,8,0x0619d4d1900c2365,2586.493000,2698.996000,112.503000,2.964065,ok
6,True,89,8,0x0619d4d1900c2365,2586.491000,2699.136000,112.645000,2.963911,ok
6,True,90,8,0x0619d4d1900c2365,2595.584000,2709.741000,114.157000,2.952312,ok
6,True,91,8,0x0619d4d1900c2365,2595.581000,2709.615000,114.034000,2.952449,ok
6,True,92,8,0x0619d4d1900c2365,2609.209000,2719.727000,110.518000,2.941472,ok
6,True,93,8,0x0619d4d1900c2365,2609.207000,2719.834000,110.627000,2.941356,ok
6,True,94,8,0x0619d4d1900c2365,2618.515000,2727.240000,108.725000,2.933369,ok
6,True,95,8,0x0619d4d1900c2365,2618.515000,2727.239000,108.724000,2.933370,ok
6,True,96,8,0x0619d4d1900c2365,2617.373000,2733.272000,115.899000,2.926895,ok
6,True,97,8,0x0619d4d1900c2365,2617.231000,2733.115000,115.884000,2.927063,ok
6,True,98,8,0x0619d4d1900c2365,2625.552000,2742.113000,116.561000,2.917458,ok
6,True,99,8,0x0619d4d1900c2365,2625.550000,2741.998000,116.448000,2.917581,ok
6,True,100,8,0x0619d4d1900c2365,2634.580000,2750.744000,116.164000,2.908304,ok
6,True,101,8,0x0619d4d1900c2365,2634.577000,2750.616000,116.039000,2.908439,ok
6,True,102,8,0x0619d4d1900c2365,2640.631000,2752.310000,111.679000,2.906649,ok
6,True,103,8,0x0619d4d1900c2365,2640.630000,2752.213000,111.583000,2.906752,ok
6,True,104,8,0x0619d4d1900c2365,2633.686000,2743.776000,110.090000,2.915690,ok
6,True,105,8,0x0619d4d1900c2365,2632.399000,2742.489000,110.090000,2.917058,ok
6,True,106,8,0x0619d4d1900c2365,2619.808000,2728.380000,108.572000,2.932143,ok
6,True,107,8,0x0619d4d1900c2365,2619.806000,2728.376000,108.570000,2.932147,ok
6,True,108,8,0x0619d4d1900c2365,2605.843000,2714.269000,108.426000,2.947387,ok
6,True,109,8,0x0619d4d1900c2365,2604.560000,2712.985000,108.425000,2.948782,ok
6,True,110,8,0x0619d4d1900c2365,2602.319000,2715.439000,113.120000,2.946117,ok
6,True,111,8,0x0619d4d1900c2365,2602.435000,2715.552000,113.117000,2.945994,ok
6,True,112,8,0x0619d4d1900c2365,2599.597000,2710.586000,110.989000,2.951391,ok
6,True,113,8,0x0619d4d1900c2365,2599.594000,2710.698000,111.104000,2.951269,ok
6,True,114,8,0x0619d4d1900c2365,2599.430000,2710.192000,110.762000,2.951820,ok
6,True,115,8,0x0619d4d1900c2365,2599.427000,2710.305000,110.878000,2.951697,ok
6,True,116,8,0x0619d4d1900c2365,2594.822000,2701.979000,107.157000,2.960793,ok
6,True,117,8,0x0619d4d1900c2365,2594.821000,2701.978000,107.157000,2.960794,ok
6,True,118,8,0x0619d4d1900c2365,2588.287000,2705.812000,117.525000,2.956599,ok
6,True,119,8,0x0619d4d1900c2365,2588.291000,2705.921000,117.630000,2.956480,ok
6,True,120,8,0x0619d4d1900c2365,2591.440000,2698.097000,106.657000,2.965053,ok
6,True,121,8,0x0619d4d1900c2365,2591.437000,2698.093000,106.656000,2.965057,ok
6,True,122,8,0x0619d4d1900c2365,2584.534000,2697.447000,112.913000,2.965767,ok
6,True,123,8,0x0619d4d1900c2365,2584.529000,2697.538000,113.009000,2.965667,ok
6,True,124,8,0x0619d4d1900c2365,2586.525000,2703.870000,117.345000,2.958722,ok
6,True,125,8,0x0619d4d1900c2365,2585.247000,2702.485000,117.238000,2.960238,ok
6,True,126,8,0x0619d4d1900c2365,2592.572000,2703.235000,110.663000,2.959417,ok
6,True,127,8,0x0619d4d1900c2365,2592.568000,2703.116000,110.548000,2.959547,ok
6,True,128,8,0x0619d4d1900c2365,2587.222000,2694.459000,107.237000,2.969056,ok
6,True,129,8,0x0619d4d1900c2365,2587.202000,2694.441000,107.239000,2.969076,ok
6,True,130,8,0x0619d4d1900c2365,2575.450000,2683.261000,107.811000,2.981447,ok
6,True,131,8,0x0619d4d1900c2365,2575.445000,2683.257000,107.812000,2.981451,ok
6,True,132,8,0x0619d4d1900c2365,2566.831000,2679.168000,112.337000,2.986002,ok
6,True,133,8,0x0619d4d1900c2365,2566.739000,2679.017000,112.278000,2.986170,ok
6,True,134,8,0x0619d4d1900c2365,2567.307000,2679.087000,111.780000,2.986092,ok
6,True,135,8,0x0619d4d1900c2365,2567.303000,2679.186000,111.883000,2.985982,ok
6,True,136,8,0x0619d4d1900c2365,2568.048000,2677.342000,109.294000,2.988038,ok
6,True,137,8,0x0619d4d1900c2365,2568.045000,2677.224000,109.179000,2.988170,ok
6,True,138,8,0x0619d4d1900c2365,2567.032000,2674.494000,107.462000,2.991220,ok
6,True,139,8,0x0619d4d1900c2365,2567.031000,2674.492000,107.461000,2.991222,ok
6,True,140,8,0x0619d4d1900c2365,2566.320000,2672.501000,106.181000,2.993451,ok
6,True,141,8,0x0619d4d1900c2365,2566.313000,2672.500000,106.187000,2.993452,ok
6,True,142,8,0x0619d4d1900c2365,2560.256000,2672.907000,112.651000,2.992996,ok
6,True,143,8,0x0619d4d1900c2365,2560.370000,2673.019000,112.649000,2.992871,ok
6,True,144,8,0x0619d4d1900c2365,2562.700000,2673.049000,110.349000,2.992837,ok
6,True,145,8,0x0619d4d1900c2365,2561.418000,2671.873000,110.455000,2.994154,ok
6,True,146,8,0x0619d4d1900c2365,2561.418000,2670.876000,109.458000,2.995272,ok
6,True,147,8,0x0619d4d1900c2365,2561.295000,2670.872000,109.577000,2.995276,ok
6,True,148,8,0x0619d4d1900c2365,2563.594000,2673.826000,110.232000,2.991967,ok
6,True,149,8,0x0619d4d1900c2365,2563.592000,2673.943000,110.351000,2.991836,ok
6,True,150,8,0x0619d4d1900c2365,2556.888000,2678.943000,122.055000,2.986252,ok
6,True,151,8,0x0619d4d1900c2365,2557.935000,2677.661000,119.726000,2.987682,ok
6,True,152,8,0x0619d4d1900c2365,2572.096000,2685.957000,113.861000,2.978454,ok
6,True,153,8,0x0619d4d1900c2365,2572.004000,2685.836000,113.832000,2.978588,ok
6,True,154,8,0x0619d4d1900c2365,2570.847000,2682.685000,111.838000,2.982087,ok
6,True,155,8,0x0619d4d1900c2365,2571.024000,2682.681000,111.657000,2.982091,ok
6,True,156,8,0x0619d4d1900c2365,2566.466000,2678.584000,112.118000,2.986653,ok
6,True,157,8,0x0619d4d1900c2365,2566.462000,2678.463000,112.001000,2.986788,ok
6,True,158,8,0x0619d4d1900c2365,2568.086000,2678.435000,110.349000,2.986819,ok
6,True,159,8,0x0619d4d1900c2365,2568.083000,2678.315000,110.232000,2.986953,ok
6,True,160,8,0x0619d4d1900c2365,2570.836000,2678.182000,107.346000,2.987101,ok
6,True,161,8,0x0619d4d1900c2365,2570.833000,2678.066000,107.233000,2.987230,ok
6,True,162,8,0x0619d4d1900c2365,2570.691000,2679.977000,109.286000,2.985100,ok
6,True,163,8,0x0619d4d1900c2365,2570.689000,2679.975000,109.286000,2.985102,ok
6,True,164,8,0x0619d4d1900c2365,2566.279000,2677.298000,111.019000,2.988087,ok
6,True,165,8,0x0619d4d1900c2365,2566.350000,2677.279000,110.929000,2.988108,ok
6,True,166,8,0x0619d4d1900c2365,2566.497000,2678.721000,112.224000,2.986500,ok
6,True,167,8,0x0619d4d1900c2365,2566.496000,2678.720000,112.224000,2.986501,ok
6,True,168,8,0x0619d4d1900c2365,2570.728000,2682.888000,112.160000,2.981861,ok
6,True,169,8,0x0619d4d1900c2365,2570.724000,2682.999000,112.275000,2.981738,ok
6,True,170,8,0x0619d4d1900c2365,2574.682000,2691.273000,116.591000,2.972571,ok
6,True,171,8,0x0619d4d1900c2365,2574.757000,2691.162000,116.405000,2.972694,ok
6,True,172,8,0x0619d4d1900c2365,2584.540000,2699.935000,115.395000,2.963034,ok
6,True,173,8,0x0619d4d1900c2365,2585.014000,2699.823000,114.809000,2.963157,ok
6,True,174,8,0x0619d4d1900c2365,2586.381000,2705.998000,119.617000,2.956395,ok
6,True,175,8,0x0619d4d1900c2365,2586.205000,2705.771000,119.566000,2.956643,ok
6,True,176,8,0x0619d4d1900c2365,2594.463000,2702.785000,108.322000,2.959910,ok
6,True,177,8,0x0619d4d1900c2365,2594.459000,2702.894000,108.435000,2.959791,ok
6,True,178,8,0x0619d4d1900c2365,2594.175000,2708.065000,113.890000,2.954139,ok
6,True,179,8,0x0619d4d1900c2365,2594.175000,2708.169000,113.994000,2.954025,ok
6,True,180,8,0x0619d4d1900c2365,2598.312000,2710.251000,111.939000,2.951756,ok
6,True,181,8,0x0619d4d1900c2365,2598.313000,2710.131000,111.818000,2.951887,ok
6,True,182,8,0x0619d4d1900c2365,2589.635000,2700.983000,111.348000,2.961885,ok
6,True,183,8,0x0619d4d1900c2365,2589.635000,2700.875000,111.240000,2.962003,ok
6,True,184,8,0x0619d4d1900c2365,2587.052000,2698.511000,111.459000,2.964598,ok
6,True,185,8,0x0619d4d1900c2365,2587.049000,2698.610000,111.561000,2.964489,ok
6,True,186,8,0x0619d4d1900c2365,2586.471000,2712.303000,125.832000,2.949523,ok
6,True,187,8,0x0619d4d1900c2365,2588.391000,2713.396000,125.005000,2.948335,ok
6,True,188,8,0x0619d4d1900c2365,2598.932000,2714.149000,115.217000,2.947517,ok
6,True,189,8,0x0619d4d1900c2365,2599.853000,2714.250000,114.397000,2.947407,ok
6,True,190,8,0x0619d4d1900c2365,2603.621000,2711.924000,108.303000,2.949935,ok
6,True,191,8,0x0619d4d1900c2365,2603.620000,2711.826000,108.206000,2.950042,ok
6,True,192,8,0x0619d4d1900c2365,2604.652000,2718.089000,113.437000,2.943244,ok
6,True,193,8,0x0619d4d1900c2365,2604.648000,2718.206000,113.558000,2.943118,ok
6,True,194,8,0x0619d4d1900c2365,2607.928000,2717.168000,109.240000,2.944242,ok
6,True,195,8,0x0619d4d1900c2365,2607.925000,2717.053000,109.128000,2.944367,ok
6,True,196,8,0x0619d4d1900c2365,2605.558000,2713.411000,107.853000,2.948319,ok
6,True,197,8,0x0619d4d1900c2365,2605.555000,2713.408000,107.853000,2.948322,ok
6,True,198,8,0x0619d4d1900c2365,2600.751000,2708.136000,107.385000,2.954061,ok
6,True,199,8,0x0619d4d1900c2365,2600.750000,2708.136000,107.386000,2.954061,ok
7,True,0,8,0x0619d4d1900c2365,50.383000,140.753000,90.370000,56.837154,ok
7,True,1,8,0x0619d4d1900c2365,50.373000,140.743000,90.370000,56.841193,ok
7,True,2,8,0x0619d4d1900c2365,191.350000,291.449000,100.099000,27.449056,ok
7,True,3,8,0x0619d4d1900c2365,191.879000,291.364000,99.485000,27.457064,ok
7,True,4,8,0x0619d4d1900c2365,347.603000,460.685000,113.082000,17.365445,ok
7,True,5,8,0x0619d4d1900c2365,347.603000,460.570000,112.967000,17.369781,ok
7,True,6,8,0x0619d4d1900c2365,516.455000,619.070000,102.615000,12.922610,ok
7,True,7,8,0x0619d4d1900c2365,516.455000,619.070000,102.615000,12.922610,ok
7,True,8,8,0x0619d4d1900c2365,675.495000,793.162000,117.667000,10.086212,ok
7,True,9,8,0x0619d4d1900c2365,675.365000,793.010000,117.645000,10.088145,ok
7,True,10,8,0x0619d4d1900c2365,853.518000,975.027000,121.509000,8.204901,ok
7,True,11,8,0x0619d4d1900c2365,858.695000,985.807000,127.112000,8.115179,ok
7,True,12,8,0x0619d4d1900c2365,1041.370000,1184.327000,142.957000,6.754891,ok
7,True,13,8,0x0619d4d1900c2365,1051.789000,1184.327000,132.538000,6.754891,ok
7,True,14,8,0x0619d4d1900c2365,1247.080000,1367.964000,120.884000,5.848107,ok
7,True,15,8,0x0619d4d1900c2365,1247.080000,1368.125000,121.045000,5.847419,ok
7,True,16,8,0x0619d4d1900c2365,1430.083000,1553.351000,123.268000,5.150156,ok
7,True,17,8,0x0619d4d1900c2365,1430.082000,1553.210000,123.128000,5.150624,ok
7,True,18,8,0x0619d4d1900c2365,1615.492000,1733.133000,117.641000,4.615918,ok
7,True,19,8,0x0619d4d1900c2365,1615.492000,1733.256000,117.764000,4.615591,ok
7,True,20,8,0x0619d4d1900c2365,1798.338000,1918.424000,120.086000,4.170090,ok
7,True,21,8,0x0619d4d1900c2365,1798.337000,1918.424000,120.087000,4.170090,ok
7,True,22,8,0x0619d4d1900c2365,1982.221000,2103.059000,120.838000,3.803983,ok
7,True,23,8,0x0619d4d1900c2365,1982.221000,2102.934000,120.713000,3.804209,ok
7,True,24,8,0x0619d4d1900c2365,2166.868000,2288.867000,121.999000,3.495179,ok
7,True,25,8,0x0619d4d1900c2365,2166.867000,2287.902000,121.035000,3.496653,ok
7,True,26,8,0x0619d4d1900c2365,2352.815000,2474.589000,121.774000,3.232860,ok
7,True,27,8,0x0619d4d1900c2365,2352.815000,2474.589000,121.774000,3.232860,ok
7,True,28,8,0x0619d4d1900c2365,2538.090000,2661.501000,123.411000,3.005823,ok
7,True,29,8,0x0619d4d1900c2365,2538.228000,2661.343000,123.115000,3.006001,ok
7,True,30,8,0x0619d4d1900c2365,2725.957000,2847.983000,122.026000,2.809006,ok
7,True,31,8,0x0619d4d1900c2365,2725.957000,2848.115000,122.158000,2.808875,ok
7,True,32,8,0x0619d4d1900c2365,2770.249000,2893.825000,123.576000,2.764507,ok
7,True,33,8,0x0619d4d1900c2365,2770.121000,2893.688000,123.567000,2.764638,ok
7,True,34,8,0x0619d4d1900c2365,2807.192000,2936.366000,129.174000,2.724456,ok
7,True,35,8,0x0619d4d1900c2365,2807.186000,2936.361000,129.175000,2.724461,ok
7,True,36,8,0x0619d4d1900c2365,2832.206000,2958.127000,125.921000,2.704414,ok
7,True,37,8,0x0619d4d1900c2365,2832.194000,2958.551000,126.357000,2.704026,ok
7,True,38,8,0x0619d4d1900c2365,2864.076000,2987.513000,123.437000,2.677813,ok
7,True,39,8,0x0619d4d1900c2365,2864.363000,2987.363000,123.000000,2.677947,ok
7,True,40,8,0x0619d4d1900c2365,2877.413000,3000.702000,123.289000,2.666043,ok
7,True,41,8,0x0619d4d1900c2365,2877.409000,3000.264000,122.855000,2.666432,ok
7,True,42,8,0x0619d4d1900c2365,2883.395000,3007.771000,124.376000,2.659777,ok
7,True,43,8,0x0619d4d1900c2365,2873.563000,2997.774000,124.211000,2.668647,ok
7,True,44,8,0x0619d4d1900c2365,2864.090000,2984.663000,120.573000,2.680370,ok
7,True,45,8,0x0619d4d1900c2365,2864.089000,2984.526000,120.437000,2.680493,ok
7,True,46,8,0x0619d4d1900c2365,2863.974000,2987.253000,123.279000,2.678046,ok
7,True,47,8,0x0619d4d1900c2365,2863.971000,2987.397000,123.426000,2.677917,ok
7,True,48,8,0x0619d4d1900c2365,2867.716000,2989.142000,121.426000,2.676353,ok
7,True,49,8,0x0619d4d1900c2365,2867.714000,2989.140000,121.426000,2.676355,ok
7,True,50,8,0x0619d4d1900c2365,2872.675000,2992.939000,120.264000,2.672958,ok
7,True,51,8,0x0619d4d1900c2365,2872.671000,2992.936000,120.265000,2.672961,ok
7,True,52,8,0x0619d4d1900c2365,2872.838000,2994.818000,121.980000,2.671281,ok
7,True,53,8,0x0619d4d1900c2365,2872.839000,2994.975000,122.136000,2.671141,ok
7,True,54,8,0x0619d4d1900c2365,2874.442000,2996.895000,122.453000,2.669430,ok
7,True,55,8,0x0619d4d1900c2365,2874.242000,2997.080000,122.838000,2.669265,ok
7,True,56,8,0x0619d4d1900c2365,2876.470000,3006.079000,129.609000,2.661274,ok
7,True,57,8,0x0619d4d1900c2365,2877.237000,3005.863000,128.626000,2.661465,ok
7,True,58,8,0x0619d4d1900c2365,2886.121000,3018.548000,132.427000,2.650281,ok
7,True,59,8,0x0619d4d1900c2365,2889.247000,3020.880000,131.633000,2.648235,ok
7,True,60,8,0x0619d4d1900c2365,2896.299000,3025.083000,128.784000,2.644556,ok
7,True,61,8,0x0619d4d1900c2365,2898.092000,3025.286000,127.194000,2.644378,ok
7,True,62,8,0x0619d4d1900c2365,2901.299000,3025.591000,124.292000,2.644112,ok
7,True,63,8,0x0619d4d1900c2365,2901.291000,3025.423000,124.132000,2.644258,ok
7,True,64,8,0x0619d4d1900c2365,2901.821000,3021.429000,119.608000,2.647754,ok
7,True,65,8,0x0619d4d1900c2365,2901.811000,3021.424000,119.613000,2.647758,ok
7,True,66,8,0x0619d4d1900c2365,2892.649000,3012.483000,119.834000,2.655617,ok
7,True,67,8,0x0619d4d1900c2365,2892.645000,3012.480000,119.835000,2.655619,ok
7,True,68,8,0x0619d4d1900c2365,2885.143000,3004.903000,119.760000,2.662316,ok
7,True,69,8,0x0619d4d1900c2365,2885.139000,3005.057000,119.918000,2.662179,ok
7,True,70,8,0x0619d4d1900c2365,2882.140000,3005.962000,123.822000,2.661378,ok
7,True,71,8,0x0619d4d1900c2365,2882.136000,3006.098000,123.962000,2.661257,ok
7,True,72,8,0x0619d4d1900c2365,2882.660000,3002.765000,120.105000,2.664211,ok
7,True,73,8,0x0619d4d1900c2365,2882.656000,3002.780000,120.124000,2.664198,ok
7,True,74,8,0x0619d4d1900c2365,2877.200000,2995.380000,118.180000,2.670780,ok
7,True,75,8,0x0619d4d1900c2365,2877.120000,2995.377000,118.257000,2.670782,ok
7,True,76,8,0x0619d4d1900c2365,2873.463000,2992.490000,119.027000,2.673359,ok
7,True,77,8,0x0619d4d1900c2365,2873.461000,2992.350000,118.889000,2.673484,ok
7,True,78,8,0x0619d4d1900c2365,2867.572000,2989.637000,122.065000,2.675910,ok
7,True,79,8,0x0619d4d1900c2365,2867.722000,2989.743000,122.021000,2.675815,ok
7,True,80,8,0x0619d4d1900c2365,2865.021000,2988.295000,123.274000,2.677112,ok
7,True,81,8,0x0619d4d1900c2365,2865.102000,2988.427000,123.325000,2.676994,ok
7,True,82,8,0x0619d4d1900c2365,2868.480000,2991.111000,122.631000,2.674591,ok
7,True,83,8,0x0619d4d1900c2365,2868.484000,2991.250000,122.766000,2.674467,ok
7,True,84,8,0x0619d4d1900c2365,2868.941000,2992.044000,123.103000,2.673757,ok
7,True,85,8,0x0619d4d1900c2365,2867.493000,2990.625000,123.132000,2.675026,ok
7,True,86,8,0x0619d4d1900c2365,2868.053000,2992.220000,124.167000,2.673600,ok
7,True,87,8,0x0619d4d1900c2365,2868.055000,2992.377000,124.322000,2.673460,ok
7,True,88,8,0x0619d4d1900c2365,2861.516000,2983.929000,122.413000,2.681029,ok
7,True,89,8,0x0619d4d1900c2365,2861.351000,2983.927000,122.576000,2.681031,ok
7,True,90,8,0x0619d4d1900c2365,2849.134000,2974.500000,125.366000,2.689528,ok
7,True,91,8,0x0619d4d1900c2365,2846.741000,2972.232000,125.491000,2.691580,ok
7,True,92,8,0x0619d4d1900c2365,2846.350000,2966.152000,119.802000,2.697097,ok
7,True,93,8,0x0619d4d1900c2365,2845.136000,2965.218000,120.082000,2.697947,ok
7,True,94,8,0x0619d4d1900c2365,2841.993000,2967.960000,125.967000,2.695454,ok
7,True,95,8,0x0619d4d1900c2365,2842.710000,2968.020000,125.310000,2.695400,ok
7,True,96,8,0x0619d4d1900c2365,2848.216000,2966.507000,118.291000,2.696774,ok
7,True,97,8,0x0619d4d1900c2365,2848.213000,2966.504000,118.291000,2.696777,ok
7,True,98,8,0x0619d4d1900c2365,2846.390000,2971.384000,124.994000,2.692348,ok
7,True,99,8,0x0619d4d1900c2365,2846.524000,2971.264000,124.740000,2.692457,ok
7,True,100,8,0x0619d4d1900c2365,2850.577000,2977.083000,126.506000,2.687194,ok
7,True,101,8,0x0619d4d1900c2365,2850.885000,2977.052000,126.167000,2.687222,ok
7,True,102,8,0x0619d4d1900c2365,2853.836000,2977.054000,123.218000,2.687220,ok
7,True,103,8,0x0619d4d1900c2365,2853.719000,2976.887000,123.168000,2.687371,ok
7,True,104,8,0x0619d4d1900c2365,2856.322000,2979.131000,122.809000,2.685347,ok
7,True,105,8,0x0619d4d1900c2365,2856.195000,2978.990000,122.795000,2.685474,ok
7,True,106,8,0x0619d4d1900c2365,2861.526000,2983.070000,121.544000,2.681801,ok
7,True,107,8,0x0619d4d1900c2365,2861.525000,2983.208000,121.683000,2.681677,ok
7,True,108,8,0x0619d4d1900c2365,2863.510000,2986.101000,122.591000,2.679079,ok
7,True,109,8,0x0619d4d1900c2365,2863.507000,2985.960000,122.453000,2.679205,ok
7,True,110,8,0x0619d4d1900c2365,2865.540000,2993.439000,127.899000,2.672511,ok
7,True,111,8,0x0619d4d1900c2365,2865.286000,2992.940000,127.654000,2.672957,ok
7,True,112,8,0x0619d4d1900c2365,2871.295000,2993.345000,122.050000,2.672595,ok
7,True,113,8,0x0619d4d1900c2365,2871.025000,2993.617000,122.592000,2.672353,ok
7,True,114,8,0x0619d4d1900c2365,2871.198000,2991.404000,120.206000,2.674330,ok
7,True,115,8,0x0619d4d1900c2365,2869.937000,2989.990000,120.053000,2.675594,ok
7,True,116,8,0x0619d4d1900c2365,2867.192000,2995.946000,128.754000,2.670275,ok
7,True,117,8,0x0619d4d1900c2365,2867.636000,2996.779000,129.143000,2.669533,ok
7,True,118,8,0x0619d4d1900c2365,2871.588000,2999.441000,127.853000,2.667164,ok
7,True,119,8,0x0619d4d1900c2365,2872.266000,2999.655000,127.389000,2.666973,ok
7,True,120,8,0x0619d4d1900c2365,2876.835000,2997.198000,120.363000,2.669160,ok
7,True,121,8,0x0619d4d1900c2365,2876.833000,2997.319000,120.486000,2.669052,ok
7,True,122,8,0x0619d4d1900c2365,2871.660000,2991.323000,119.663000,2.674402,ok
7,True,123,8,0x0619d4d1900c2365,2871.657000,2991.320000,119.663000,2.674405,ok
7,True,124,8,0x0619d4d1900c2365,2872.687000,2997.363000,124.676000,2.669013,ok
7,True,125,8,0x0619d4d1900c2365,2871.286000,2995.931000,124.645000,2.670288,ok
7,True,126,8,0x0619d4d1900c2365,2869.862000,2994.073000,124.211000,2.671946,ok
7,True,127,8,0x0619d4d1900c2365,2869.975000,2994.174000,124.199000,2.671855,ok
7,True,128,8,0x0619d4d1900c2365,2875.953000,2994.475000,118.522000,2.671587,ok
7,True,129,8,0x0619d4d1900c2365,2875.961000,2994.469000,118.508000,2.671592,ok
7,True,130,8,0x0619d4d1900c2365,2871.016000,2995.620000,124.604000,2.670566,ok
7,True,131,8,0x0619d4d1900c2365,2871.015000,2995.461000,124.446000,2.670707,ok
7,True,132,8,0x0619d4d1900c2365,2869.050000,2993.351000,124.301000,2.672590,ok
7,True,133,8,0x0619d4d1900c2365,2868.914000,2993.186000,124.272000,2.672737,ok
7,True,134,8,0x0619d4d1900c2365,2869.184000,2990.174000,120.990000,2.675430,ok
7,True,135,8,0x0619d4d1900c2365,2869.184000,2990.030000,120.846000,2.675558,ok
7,True,136,8,0x0619d4d1900c2365,2867.024000,2989.870000,122.846000,2.675702,ok
7,True,137,8,0x0619d4d1900c2365,2867.021000,2989.700000,122.679000,2.675854,ok
7,True,138,8,0x0619d4d1900c2365,2869.225000,2994.939000,125.714000,2.671173,ok
7,True,139,8,0x0619d4d1900c2365,2869.225000,2995.200000,125.975000,2.670940,ok
7,True,140,8,0x0619d4d1900c2365,2871.784000,2992.419000,120.635000,2.673422,ok
7,True,141,8,0x0619d4d1900c2365,2872.265000,2992.545000,120.280000,2.673310,ok
7,True,142,8,0x0619d4d1900c2365,2865.057000,2988.222000,123.165000,2.677177,ok
7,True,143,8,0x0619d4d1900c2365,2865.054000,2988.061000,123.007000,2.677322,ok
7,True,144,8,0x0619d4d1900c2365,2866.161000,2989.317000,123.156000,2.676197,ok
7,True,145,8,0x0619d4d1900c2365,2866.253000,2989.474000,123.221000,2.676056,ok
7,True,146,8,0x0619d4d1900c2365,2870.234000,2994.794000,124.560000,2.671302,ok
7,True,147,8,0x0619d4d1900c2365,2869.613000,2994.649000,125.036000,2.671432,ok
7,True,148,8,0x0619d4d1900c2365,2866.948000,2991.705000,124.757000,2.674060,ok
7,True,149,8,0x0619d4d1900c2365,2865.526000,2990.040000,124.514000,2.675549,ok
7,True,150,8,0x0619d4d1900c2365,2864.545000,2990.683000,126.138000,2.674974,ok
7,True,151,8,0x0619d4d1900c2365,2863.875000,2989.572000,125.697000,2.675968,ok
7,True,152,8,0x0619d4d1900c2365,2869.170000,2992.234000,123.064000,2.673588,ok
7,True,153,8,0x0619d4d1900c2365,2869.174000,2992.232000,123.058000,2.673589,ok
7,True,154,8,0x0619d4d1900c2365,2872.982000,2996.287000,123.305000,2.669971,ok
7,True,155,8,0x0619d4d1900c2365,2872.978000,2996.449000,123.471000,2.669827,ok
7,True,156,8,0x0619d4d1900c2365,2871.119000,2997.756000,126.637000,2.668663,ok
7,True,157,8,0x0619d4d1900c2365,2871.864000,2997.884000,126.020000,2.668549,ok
7,True,158,8,0x0619d4d1900c2365,2875.546000,2997.512000,121.966000,2.668880,ok
7,True,159,8,0x0619d4d1900c2365,2875.545000,2997.376000,121.831000,2.669001,ok
7,True,160,8,0x0619d4d1900c2365,2878.630000,3001.920000,123.290000,2.664961,ok
7,True,161,8,0x0619d4d1900c2365,2878.502000,3002.751000,124.249000,2.664224,ok
7,True,162,8,0x0619d4d1900c2365,2878.036000,3009.692000,131.656000,2.658079,ok
7,True,163,8,0x0619d4d1900c2365,2878.540000,3010.124000,131.584000,2.657698,ok
7,True,164,8,0x0619d4d1900c2365,2888.053000,3016.250000,128.197000,2.652300,ok
7,True,165,8,0x0619d4d1900c2365,2890.121000,3016.246000,126.125000,2.652304,ok
7,True,166,8,0x0619d4d1900c2365,2895.244000,3018.380000,123.136000,2.650428,ok
7,True,167,8,0x0619d4d1900c2365,2895.240000,3018.377000,123.137000,2.650431,ok
7,True,168,8,0x0619d4d1900c2365,2897.445000,3020.772000,123.327000,2.648330,ok
7,True,169,8,0x0619d4d1900c2365,2897.442000,3020.897000,123.455000,2.648220,ok
7,True,170,8,0x0619d4d1900c2365,2895.484000,3016.798000,121.314000,2.651818,ok
7,True,171,8,0x0619d4d1900c2365,2894.195000,3015.366000,121.171000,2.653078,ok
7,True,172,8,0x0619d4d1900c2365,2895.675000,3014.777000,119.102000,2.653596,ok
7,True,173,8,0x0619d4d1900c2365,2895.666000,3014.773000,119.107000,2.653599,ok
7,True,174,8,0x0619d4d1900c2365,2892.271000,3014.639000,122.368000,2.653717,ok
7,True,175,8,0x0619d4d1900c2365,2892.180000,3014.492000,122.312000,2.653847,ok
7,True,176,8,0x0619d4d1900c2365,2890.166000,3015.540000,125.374000,2.652925,ok
7,True,177,8,0x0619d4d1900c2365,2890.301000,3015.664000,125.363000,2.652815,ok
7,True,178,8,0x0619d4d1900c2365,2892.379000,3018.586000,126.207000,2.650247,ok
7,True,179,8,0x0619d4d1900c2365,2890.979000,3018.453000,127.474000,2.650364,ok
7,True,180,8,0x0619d4d1900c2365,2893.356000,3016.031000,122.675000,2.652493,ok
7,True,181,8,0x0619d4d1900c2365,2893.353000,3016.199000,122.846000,2.652345,ok
7,True,182,8,0x0619d4d1900c2365,2889.657000,3013.895000,124.238000,2.654372,ok
7,True,183,8,0x0619d4d1900c2365,2889.661000,3013.752000,124.091000,2.654498,ok
7,True,184,8,0x0619d4d1900c2365,2891.193000,3013.578000,122.385000,2.654652,ok
7,True,185,8,0x0619d4d1900c2365,2890.816000,3013.575000,122.759000,2.654654,ok
7,True,186,8,0x0619d4d1900c2365,2889.309000,3011.662000,122.353000,2.656341,ok
7,True,187,8,0x0619d4d1900c2365,2890.594000,3014.213000,123.619000,2.654092,ok
7,True,188,8,0x0619d4d1900c2365,2887.170000,3015.756000,128.586000,2.652735,ok
7,True,189,8,0x0619d4d1900c2365,2888.900000,3015.615000,126.715000,2.652859,ok
7,True,190,8,0x0619d4d1900c2365,2893.925000,3015.973000,122.048000,2.652544,ok
7,True,191,8,0x0619d4d1900c2365,2893.921000,3016.100000,122.179000,2.652432,ok
7,True,192,8,0x0619d4d1900c2365,2892.715000,3016.596000,123.881000,2.651996,ok
7,True,193,8,0x0619d4d1900c2365,2891.338000,3015.335000,123.997000,2.653105,ok
7,True,194,8,0x0619d4d1900c2365,2884.048000,3004.101000,120.053000,2.663026,ok
7,True,195,8,0x0619d4d1900c2365,2884.043000,3004.096000,120.053000,2.663031,ok
7,True,196,8,0x0619d4d1900c2365,2875.592000,2993.795000,118.203000,2.672194,ok
7,True,197,8,0x0619d4d1900c2365,2875.583000,2993.793000,118.210000,2.672195,ok
7,True,198,8,0x0619d4d1900c2365,2870.485000,2989.594000,119.109000,2.675949,ok
7,True,199,8,0x0619d4d1900c2365,2870.483000,2989.590000,119.107000,2.675952,ok
8,True,0,8,0x0619d4d1900c2365,52.940000,148.584000,95.644000,53.841598,ok
8,True,1,8,0x0619d4d1900c2365,52.933000,148.578000,95.645000,53.843772,ok
8,True,2,8,0x0619d4d1900c2365,201.840000,304.022000,102.182000,26.313885,ok
8,True,3,8,0x0619d4d1900c2365,201.659000,304.021000,102.362000,26.313972,ok
8,True,4,8,0x0619d4d1900c2365,357.419000,460.158000,102.739000,17.385333,ok
8,True,5,8,0x0619d4d1900c2365,357.400000,460.056000,102.656000,17.389187,ok
8,True,6,8,0x0619d4d1900c2365,513.725000,620.179000,106.454000,12.899502,ok
8,True,7,8,0x0619d4d1900c2365,513.832000,620.275000,106.443000,12.897505,ok
8,True,8,8,0x0619d4d1900c2365,675.118000,781.612000,106.494000,10.235257,ok
8,True,9,8,0x0619d4d1900c2365,675.221000,781.612000,106.391000,10.235257,ok
8,True,10,8,0x0619d4d1900c2365,836.385000,950.573000,114.188000,8.415976,ok
8,True,11,8,0x0619d4d1900c2365,842.251000,958.660000,116.409000,8.344982,ok
8,True,12,8,0x0619d4d1900c2365,1011.578000,1140.821000,129.243000,7.012494,ok
8,True,13,8,0x0619d4d1900c2365,1019.731000,1150.241000,130.510000,6.955064,ok
8,True,14,8,0x0619d4d1900c2365,1205.411000,1335.944000,130.533000,5.988275,ok
8,True,15,8,0x0619d4d1900c2365,1212.329000,1342.245000,129.916000,5.960164,ok
8,True,16,8,0x0619d4d1900c2365,1395.901000,1524.996000,129.095000,5.245915,ok
8,True,17,8,0x0619d4d1900c2365,1403.029000,1530.816000,127.787000,5.225971,ok
8,True,18,8,0x0619d4d1900c2365,1582.101000,1710.453000,128.352000,4.677124,ok
8,True,19,8,0x0619d4d1900c2365,1589.425000,1714.948000,125.523000,4.664864,ok
8,True,20,8,0x0619d4d1900c2365,1768.195000,1896.327000,128.132000,4.218682,ok
8,True,21,8,0x0619d4d1900c2365,1772.822000,1899.351000,126.529000,4.211965,ok
8,True,22,8,0x0619d4d1900c2365,1958.084000,2081.255000,123.171000,3.843835,ok
8,True,23,8,0x0619d4d1900c2365,1960.976000,2081.254000,120.278000,3.843836,ok
8,True,24,8,0x0619d4d1900c2365,2141.197000,2256.277000,115.080000,3.545664,ok
8,True,25,8,0x0619d4d1900c2365,2141.197000,2256.428000,115.231000,3.545427,ok
8,True,26,8,0x0619d4d1900c2365,2314.375000,2427.460000,113.085000,3.295626,ok
8,True,27,8,0x0619d4d1900c2365,2314.375000,2427.460000,113.085000,3.295626,ok
8,True,28,8,0x0619d4d1900c2365,2489.019000,2616.733000,127.714000,3.057247,ok
8,True,29,8,0x0619d4d1900c2365,2490.293000,2618.925000,128.632000,3.054688,ok
8,True,30,8,0x0619d4d1900c2365,2678.858000,2805.933000,127.075000,2.851102,ok
8,True,31,8,0x0619d4d1900c2365,2681.035000,2806.067000,125.032000,2.850965,ok
8,True,32,8,0x0619d4d1900c2365,2716.198000,2835.212000,119.014000,2.821658,ok
8,True,33,8,0x0619d4d1900c2365,2716.194000,2835.335000,119.141000,2.821536,ok
8,True,34,8,0x0619d4d1900c2365,2739.100000,2857.534000,118.434000,2.799617,ok
8,True,35,8,0x0619d4d1900c2365,2739.229000,2857.685000,118.456000,2.799469,ok
8,True,36,8,0x0619d4d1900c2365,2759.220000,2877.236000,118.016000,2.780446,ok
8,True,37,8,0x0619d4d1900c2365,2759.313000,2877.383000,118.070000,2.780304,ok
8,True,38,8,0x0619d4d1900c2365,2775.760000,2889.979000,114.219000,2.768186,ok
8,True,39,8,0x0619d4d1900c2365,2775.757000,2889.975000,114.218000,2.768190,ok
8,True,40,8,0x0619d4d1900c2365,2787.791000,2899.169000,111.378000,2.759411,ok
8,True,41,8,0x0619d4d1900c2365,2787.787000,2899.166000,111.379000,2.759414,ok
8,True,42,8,0x0619d4d1900c2365,2789.112000,2904.656000,115.544000,2.754199,ok
8,True,43,8,0x0619d4d1900c2365,2781.807000,2897.351000,115.544000,2.761143,ok
8,True,44,8,0x0619d4d1900c2365,2773.087000,2887.028000,113.941000,2.771016,ok
8,True,45,8,0x0619d4d1900c2365,2764.228000,2878.037000,113.809000,2.779672,ok
8,True,46,8,0x0619d4d1900c2365,2749.669000,2865.503000,115.834000,2.791831,ok
8,True,47,8,0x0619d4d1900c2365,2743.274000,2859.242000,115.968000,2.797944,ok
8,True,48,8,0x0619d4d1900c2365,2735.164000,2849.427000,114.263000,2.807582,ok
8,True,49,8,0x0619d4d1900c2365,2729.026000,2843.107000,114.081000,2.813823,ok
8,True,50,8,0x0619d4d1900c2365,2722.356000,2834.273000,111.917000,2.822593,ok
8,True,51,8,0x0619d4d1900c2365,2717.582000,2829.609000,112.027000,2.827246,ok
8,True,52,8,0x0619d4d1900c2365,2706.867000,2817.972000,111.105000,2.838921,ok
8,True,53,8,0x0619d4d1900c2365,2703.023000,2814.008000,110.985000,2.842920,ok
8,True,54,8,0x0619d4d1900c2365,2689.839000,2803.757000,113.918000,2.853314,ok
8,True,55,8,0x0619d4d1900c2365,2689.835000,2803.864000,114.029000,2.853205,ok
8,True,56,8,0x0619d4d1900c2365,2686.910000,2801.098000,114.188000,2.856023,ok
8,True,57,8,0x0619d4d1900c2365,2686.903000,2801.001000,114.098000,2.856122,ok
8,True,58,8,0x0619d4d1900c2365,2689.273000,2804.019000,114.746000,2.853048,ok
8,True,59,8,0x0619d4d1900c2365,2689.270000,2804.129000,114.859000,2.852936,ok
8,True,60,8,0x0619d4d1900c2365,2671.693000,2785.628000,113.935000,2.871884,ok
8,True,61,8,0x0619d4d1900c2365,2669.167000,2783.207000,114.040000,2.874382,ok
8,True,62,8,0x0619d4d1900c2365,2653.560000,2764.839000,111.279000,2.893478,ok
8,True,63,8,0x0619d4d1900c2365,2653.542000,2764.948000,111.406000,2.893364,ok
8,True,64,8,0x0619d4d1900c2365,2644.412000,2754.258000,109.846000,2.904594,ok
8,True,65,8,0x0619d4d1900c2365,2644.419000,2754.398000,109.979000,2.904446,ok
8,True,66,8,0x0619d4d1900c2365,2634.954000,2743.908000,108.954000,2.915550,ok
8,True,67,8,0x0619d4d1900c2365,2634.950000,2743.904000,108.954000,2.915554,ok
8,True,68,8,0x0619d4d1900c2365,2624.719000,2740.660000,115.941000,2.919005,ok
8,True,69,8,0x0619d4d1900c2365,2624.946000,2740.755000,115.809000,2.918904,ok
8,True,70,8,0x0619d4d1900c2365,2624.613000,2739.033000,114.420000,2.920739,ok
8,True,71,8,0x0619d4d1900c2365,2624.609000,2739.073000,114.464000,2.920696,ok
8,True,72,8,0x0619d4d1900c2365,2625.862000,2737.844000,111.982000,2.922007,ok
8,True,73,8,0x0619d4d1900c2365,2625.859000,2737.736000,111.877000,2.922123,ok
8,True,74,8,0x0619d4d1900c2365,2620.136000,2731.118000,110.982000,2.929203,ok
8,True,75,8,0x0619d4d1900c2365,2620.109000,2730.991000,110.882000,2.929340,ok
8,True,76,8,0x0619d4d1900c2365,2616.631000,2726.825000,110.194000,2.933815,ok
8,True,77,8,0x0619d4d1900c2365,2616.628000,2726.936000,110.308000,2.933696,ok
8,True,78,8,0x0619d4d1900c2365,2609.987000,2723.154000,113.167000,2.937770,ok
8,True,79,8,0x0619d4d1900c2365,2609.997000,2723.048000,113.051000,2.937884,ok
8,True,80,8,0x0619d4d1900c2365,2608.112000,2719.314000,111.202000,2.941918,ok
8,True,81,8,0x0619d4d1900c2365,2608.108000,2719.321000,111.213000,2.941911,ok
8,True,82,8,0x0619d4d1900c2365,2606.717000,2718.556000,111.839000,2.942739,ok
8,True,83,8,0x0619d4d1900c2365,2607.104000,2718.551000,111.447000,2.942744,ok
8,True,84,8,0x0619d4d1900c2365,2606.980000,2716.520000,109.540000,2.944944,ok
8,True,85,8,0x0619d4d1900c2365,2606.981000,2716.518000,109.537000,2.944946,ok
8,True,86,8,0x0619d4d1900c2365,2602.756000,2712.865000,110.109000,2.948912,ok
8,True,87,8,0x0619d4d1900c2365,2602.754000,2712.983000,110.229000,2.948784,ok
8,True,88,8,0x0619d4d1900c2365,2598.207000,2721.249000,123.042000,2.939827,ok
8,True,89,8,0x0619d4d1900c2365,2598.204000,2721.463000,123.259000,2.939595,ok
8,True,90,8,0x0619d4d1900c2365,2605.578000,2723.060000,117.482000,2.937871,ok
8,True,91,8,0x0619d4d1900c2365,2605.921000,2723.199000,117.278000,2.937721,ok
8,True,92,8,0x0619d4d1900c2365,2612.431000,2730.074000,117.643000,2.930324,ok
8,True,93,8,0x0619d4d1900c2365,2611.281000,2728.974000,117.693000,2.931505,ok
8,True,94,8,0x0619d4d1900c2365,2619.866000,2734.293000,114.427000,2.925802,ok
8,True,95,8,0x0619d4d1900c2365,2619.863000,2734.394000,114.531000,2.925694,ok
8,True,96,8,0x0619d4d1900c2365,2623.646000,2735.866000,112.220000,2.924120,ok
8,True,97,8,0x0619d4d1900c2365,2622.570000,2734.587000,112.017000,2.925487,ok
8,True,98,8,0x0619d4d1900c2365,2626.386000,2738.563000,112.177000,2.921240,ok
8,True,99,8,0x0619d4d1900c2365,2626.383000,2738.682000,112.299000,2.921113,ok
8,True,100,8,0x0619d4d1900c2365,2623.994000,2735.307000,111.313000,2.924717,ok
8,True,101,8,0x0619d4d1900c2365,2622.713000,2734.026000,111.313000,2.926088,ok
8,True,102,8,0x0619d4d1900c2365,2621.223000,2732.029000,110.806000,2.928227,ok
8,True,103,8,0x0619d4d1900c2365,2621.221000,2732.027000,110.806000,2.928229,ok
8,True,104,8,0x0619d4d1900c2365,2618.944000,2736.709000,117.765000,2.923219,ok
8,True,105,8,0x0619d4d1900c2365,2619.040000,2737.339000,118.299000,2.922546,ok
8,True,106,8,0x0619d4d1900c2365,2626.385000,2752.647000,126.262000,2.906293,ok
8,True,107,8,0x0619d4d1900c2365,2628.838000,2752.889000,124.051000,2.906038,ok
8,True,108,8,0x0619d4d1900c2365,2640.306000,2757.197000,116.891000,2.901497,ok
8,True,109,8,0x0619d4d1900c2365,2640.428000,2757.339000,116.911000,2.901348,ok
8,True,110,8,0x0619d4d1900c2365,2643.671000,2756.500000,112.829000,2.902231,ok
8,True,111,8,0x0619d4d1900c2365,2643.668000,2756.610000,112.942000,2.902115,ok
8,True,112,8,0x0619d4d1900c2365,2645.450000,2760.607000,115.157000,2.897913,ok
8,True,113,8,0x0619d4d1900c2365,2645.448000,2760.499000,115.051000,2.898027,ok
8,True,114,8,0x0619d4d1900c2365,2648.708000,2759.653000,110.945000,2.898915,ok
8,True,115,8,0x0619d4d1900c2365,2648.703000,2759.652000,110.949000,2.898916,ok
8,True,116,8,0x0619d4d1900c2365,2650.558000,2761.422000,110.864000,2.897058,ok
8,True,117,8,0x0619d4d1900c2365,2650.539000,2761.405000,110.866000,2.897076,ok
8,True,118,8,0x0619d4d1900c2365,2652.177000,2761.579000,109.402000,2.896893,ok
8,True,119,8,0x0619d4d1900c2365,2652.174000,2761.577000,109.403000,2.896896,ok
8,True,120,8,0x0619d4d1900c2365,2640.210000,2754.159000,113.949000,2.904698,ok
8,True,121,8,0x0619d4d1900c2365,2640.203000,2754.044000,113.841000,2.904819,ok
8,True,122,8,0x0619d4d1900c2365,2636.244000,2749.438000,113.194000,2.909686,ok
8,True,123,8,0x0619d4d1900c2365,2636.243000,2749.322000,113.079000,2.909808,ok
8,True,124,8,0x0619d4d1900c2365,2629.941000,2743.891000,113.950000,2.915568,ok
8,True,125,8,0x0619d4d1900c2365,2630.091000,2743.889000,113.798000,2.915570,ok
8,True,126,8,0x0619d4d1900c2365,2628.201000,2737.797000,109.596000,2.922057,ok
8,True,127,8,0x0619d4d1900c2365,2628.198000,2737.794000,109.596000,2.922061,ok
8,True,128,8,0x0619d4d1900c2365,2627.314000,2742.720000,115.406000,2.916813,ok
8,True,129,8,0x0619d4d1900c2365,2627.193000,2742.617000,115.424000,2.916922,ok
8,True,130,8,0x0619d4d1900c2365,2630.774000,2743.725000,112.951000,2.915744,ok
8,True,131,8,0x0619d4d1900c2365,2629.476000,2742.312000,112.836000,2.917246,ok
8,True,132,8,0x0619d4d1900c2365,2631.861000,2742.281000,110.420000,2.917279,ok
8,True,133,8,0x0619d4d1900c2365,2631.859000,2742.280000,110.421000,2.917281,ok
8,True,134,8,0x0619d4d1900c2365,2631.000000,2744.252000,113.252000,2.915184,ok
8,True,135,8,0x0619d4d1900c2365,2630.996000,2744.355000,113.359000,2.915075,ok
8,True,136,8,0x0619d4d1900c2365,2627.757000,2739.719000,111.962000,2.920007,ok
8,True,137,8,0x0619d4d1900c2365,2626.478000,2738.329000,111.851000,2.921490,ok
8,True,138,8,0x0619d4d1900c2365,2613.114000,2725.960000,112.846000,2.934746,ok
8,True,139,8,0x0619d4d1900c2365,2611.834000,2724.543000,112.709000,2.936272,ok
8,True,140,8,0x0619d4d1900c2365,2610.799000,2720.826000,110.027000,2.940284,ok
8,True,141,8,0x0619d4d1900c2365,2610.795000,2720.823000,110.028000,2.940287,ok
8,True,142,8,0x0619d4d1900c2365,2609.476000,2719.263000,109.787000,2.941974,ok
8,True,143,8,0x0619d4d1900c2365,2608.191000,2717.977000,109.786000,2.943366,ok
8,True,144,8,0x0619d4d1900c2365,2604.458000,2718.114000,113.656000,2.943217,ok
8,True,145,8,0x0619d4d1900c2365,2604.456000,2718.212000,113.756000,2.943111,ok
8,True,146,8,0x0619d4d1900c2365,2607.072000,2719.785000,112.713000,2.941409,ok
8,True,147,8,0x0619d4d1900c2365,2607.068000,2719.673000,112.605000,2.941530,ok
8,True,148,8,0x0619d4d1900c2365,2607.043000,2720.038000,112.995000,2.941135,ok
8,True,149,8,0x0619d4d1900c2365,2606.926000,2720.034000,113.108000,2.941140,ok
8,True,150,8,0x0619d4d1900c2365,2610.229000,2719.998000,109.769000,2.941179,ok
8,True,151,8,0x0619d4d1900c2365,2610.207000,2719.995000,109.788000,2.941182,ok
8,True,152,8,0x0619d4d1900c2365,2605.608000,2715.069000,109.461000,2.946518,ok
8,True,153,8,0x0619d4d1900c2365,2605.606000,2715.066000,109.460000,2.946521,ok
8,True,154,8,0x0619d4d1900c2365,2602.056000,2712.746000,110.690000,2.949041,ok
8,True,155,8,0x0619d4d1900c2365,2602.066000,2712.857000,110.791000,2.948921,ok
8,True,156,8,0x0619d4d1900c2365,2608.964000,2727.840000,118.876000,2.932723,ok
8,True,157,8,0x0619d4d1900c2365,2607.057000,2727.971000,120.914000,2.932582,ok
8,True,158,8,0x0619d4d1900c2365,2619.525000,2731.571000,112.046000,2.928718,ok
8,True,159,8,0x0619d4d1900c2365,2619.523000,2731.569000,112.046000,2.928720,ok
8,True,160,8,0x0619d4d1900c2365,2615.823000,2725.353000,109.530000,2.935400,ok
8,True,161,8,0x0619d4d1900c2365,2615.820000,2725.351000,109.531000,2.935402,ok
8,True,162,8,0x0619d4d1900c2365,2612.526000,2723.195000,110.669000,2.937726,ok
8,True,163,8,0x0619d4d1900c2365,2612.525000,2723.194000,110.669000,2.937727,ok
8,True,164,8,0x0619d4d1900c2365,2613.042000,2722.729000,109.687000,2.938229,ok
8,True,165,8,0x0619d4d1900c2365,2613.041000,2722.728000,109.687000,2.938230,ok
8,True,166,8,0x0619d4d1900c2365,2608.977000,2719.052000,110.075000,2.942202,ok
8,True,167,8,0x0619d4d1900c2365,2608.972000,2719.047000,110.075000,2.942207,ok
8,True,168,8,0x0619d4d1900c2365,2606.581000,2719.750000,113.169000,2.941447,ok
8,True,169,8,0x0619d4d1900c2365,2606.578000,2719.644000,113.066000,2.941561,ok
8,True,170,8,0x0619d4d1900c2365,2607.150000,2720.184000,113.034000,2.940978,ok
8,True,171,8,0x0619d4d1900c2365,2607.148000,2720.293000,113.145000,2.940860,ok
8,True,172,8,0x0619d4d1900c2365,2609.727000,2720.963000,111.236000,2.940136,ok
8,True,173,8,0x0619d4d1900c2365,2609.726000,2720.855000,111.129000,2.940252,ok
8,True,174,8,0x0619d4d1900c2365,2610.723000,2719.178000,108.455000,2.942066,ok
8,True,175,8,0x0619d4d1900c2365,2610.724000,2719.177000,108.453000,2.942067,ok
8,True,176,8,0x0619d4d1900c2365,2605.560000,2717.753000,112.193000,2.943608,ok
8,True,177,8,0x0619d4d1900c2365,2605.562000,2718.610000,113.048000,2.942680,ok
8,True,178,8,0x0619d4d1900c2365,2604.284000,2719.893000,115.609000,2.941292,ok
8,True,179,8,0x0619d4d1900c2365,2604.842000,2719.987000,115.145000,2.941191,ok
8,True,180,8,0x0619d4d1900c2365,2607.792000,2723.915000,116.123000,2.936949,ok
8,True,181,8,0x0619d4d1900c2365,2607.791000,2723.777000,115.986000,2.937098,ok
8,True,182,8,0x0619d4d1900c2365,2613.312000,2724.750000,111.438000,2.936049,ok
8,True,183,8,0x0619d4d1900c2365,2613.309000,2724.746000,111.437000,2.936053,ok
8,True,184,8,0x0619d4d1900c2365,2615.491000,2728.792000,113.301000,2.931700,ok
8,True,185,8,0x0619d4d1900c2365,2615.487000,2728.788000,113.301000,2.931704,ok
8,True,186,8,0x0619d4d1900c2365,2619.033000,2731.737000,112.704000,2.928540,ok
8,True,187,8,0x0619d4d1900c2365,2619.029000,2731.617000,112.588000,2.928668,ok
8,True,188,8,0x0619d4d1900c2365,2603.803000,2715.375000,111.572000,2.946186,ok
8,True,189,8,0x0619d4d1900c2365,2603.802000,2715.373000,111.571000,2.946188,ok
8,True,190,8,0x0619d4d1900c2365,2602.634000,2717.917000,115.283000,2.943431,ok
8,True,191,8,0x0619d4d1900c2365,2602.713000,2718.043000,115.330000,2.943294,ok
8,True,192,8,0x0619d4d1900c2365,2609.083000,2724.239000,115.156000,2.936600,ok
8,True,193,8,0x0619d4d1900c2365,2609.079000,2724.330000,115.251000,2.936502,ok
8,True,194,8,0x0619d4d1900c2365,2614.081000,2725.623000,111.542000,2.935109,ok
8,True,195,8,0x0619d4d1900c2365,2614.052000,2725.619000,111.567000,2.935113,ok
8,True,196,8,0x0619d4d1900c2365,2616.803000,2729.581000,112.778000,2.930853,ok
8,True,197,8,0x0619d4d1900c2365,2616.798000,2729.686000,112.888000,2.930740,ok
8,True,198,8,0x0619d4d1900c2365,2620.398000,2735.950000,115.552000,2.924030,ok
8,True,199,8,0x0619d4d1900c2365,2620.395000,2736.121000,115.726000,2.923847,ok
9,True,0,8,0x0619d4d1900c2365,55.119000,160.120000,105.001000,49.962528,ok
9,True,1,8,0x0619d4d1900c2365,55.118000,160.096000,104.978000,49.970018,ok
9,True,2,8,0x0619d4d1900c2365,216.327000,318.981000,102.654000,25.079864,ok
9,True,3,8,0x0619d4d1900c2365,216.325000,318.976000,102.651000,25.080257,ok
9,True,4,8,0x0619d4d1900c2365,379.302000,498.909000,119.607000,16.034988,ok
9,True,5,8,0x0619d4d1900c2365,378.913000,498.777000,119.864000,16.039232,ok
9,True,6,8,0x0619d4d1900c2365,559.629000,672.424000,112.795000,11.897255,ok
9,True,7,8,0x0619d4d1900c2365,559.630000,672.421000,112.791000,11.897308,ok
9,True,8,8,0x0619d4d1900c2365,735.012000,854.381000,119.369000,9.363504,ok
9,True,9,8,0x0619d4d1900c2365,735.709000,862.100000,126.391000,9.279666,ok
9,True,10,8,0x0619d4d1900c2365,922.280000,1047.266000,124.986000,7.638938,ok
9,True,11,8,0x0619d4d1900c2365,928.759000,1052.808000,124.049000,7.598726,ok
9,True,12,8,0x0619d4d1900c2365,1120.430000,1242.203000,121.773000,6.440171,ok
9,True,13,8,0x0619d4d1900c2365,1120.427000,1242.345000,121.918000,6.439435,ok
9,True,14,8,0x0619d4d1900c2365,1304.188000,1425.911000,121.723000,5.610448,ok
9,True,15,8,0x0619d4d1900c2365,1304.163000,1426.245000,122.082000,5.609134,ok
9,True,16,8,0x0619d4d1900c2365,1487.708000,1609.151000,121.443000,4.971566,ok
9,True,17,8,0x0619d4d1900c2365,1488.018000,1609.304000,121.286000,4.971093,ok
9,True,18,8,0x0619d4d1900c2365,1671.199000,1792.819000,121.620000,4.462246,ok
9,True,19,8,0x0619d4d1900c2365,1671.202000,1792.680000,121.478000,4.462592,ok
9,True,20,8,0x0619d4d1900c2365,1856.145000,1975.040000,118.895000,4.050551,ok
9,True,21,8,0x0619d4d1900c2365,1856.144000,1975.194000,119.050000,4.050235,ok
9,True,22,8,0x0619d4d1900c2365,2037.959000,2158.401000,120.442000,3.706448,ok
9,True,23,8,0x0619d4d1900c2365,2037.915000,2158.260000,120.345000,3.706690,ok
9,True,24,8,0x0619d4d1900c2365,2221.632000,2344.605000,122.973000,3.412089,ok
9,True,25,8,0x0619d4d1900c2365,2221.633000,2344.449000,122.816000,3.412316,ok
9,True,26,8,0x0619d4d1900c2365,2407.633000,2534.113000,126.480000,3.156923,ok
9,True,27,8,0x0619d4d1900c2365,2407.489000,2534.899000,127.410000,3.155944,ok
9,True,28,8,0x0619d4d1900c2365,2597.586000,2719.930000,122.344000,2.941252,ok
9,True,29,8,0x0619d4d1900c2365,2598.152000,2719.930000,121.778000,2.941252,ok
9,True,30,8,0x0619d4d1900c2365,2783.528000,2917.476000,133.948000,2.742096,ok
9,True,31,8,0x0619d4d1900c2365,2783.427000,2917.625000,134.198000,2.741956,ok
9,True,32,8,0x0619d4d1900c2365,2822.585000,2949.589000,127.004000,2.712242,ok
9,True,33,8,0x0619d4d1900c2365,2822.812000,2949.407000,126.595000,2.712410,ok
9,True,34,8,0x0619d4d1900c2365,2855.720000,2983.728000,128.008000,2.681210,ok
9,True,35,8,0x0619d4d1900c2365,2856.401000,2983.880000,127.479000,2.681073,ok
9,True,36,8,0x0619d4d1900c2365,2867.319000,2996.822000,129.503000,2.669495,ok
9,True,37,8,0x0619d4d1900c2365,2866.535000,2996.725000,130.190000,2.669581,ok
9,True,38,8,0x0619d4d1900c2365,2887.293000,3008.443000,121.150000,2.659183,ok
9,True,39,8,0x0619d4d1900c2365,2887.349000,3008.602000,121.253000,2.659042,ok
9,True,40,8,0x0619d4d1900c2365,2891.589000,3013.909000,122.320000,2.654360,ok
9,True,41,8,0x0619d4d1900c2365,2883.972000,3005.996000,122.024000,2.661348,ok
9,True,42,8,0x0619d4d1900c2365,2884.876000,3009.198000,124.322000,2.658516,ok
9,True,43,8,0x0619d4d1900c2365,2878.612000,3002.887000,124.275000,2.664103,ok
9,True,44,8,0x0619d4d1900c2365,2878.794000,3001.910000,123.116000,2.664970,ok
9,True,45,8,0x0619d4d1900c2365,2878.866000,3001.765000,122.899000,2.665099,ok
9,True,46,8,0x0619d4d1900c2365,2882.483000,3008.008000,125.525000,2.659567,ok
9,True,47,8,0x0619d4d1900c2365,2881.441000,3006.562000,125.121000,2.660847,ok
9,True,48,8,0x0619d4d1900c2365,2888.139000,3015.712000,127.573000,2.652773,ok
9,True,49,8,0x0619d4d1900c2365,2888.265000,3015.851000,127.586000,2.652651,ok
9,True,50,8,0x0619d4d1900c2365,2897.108000,3022.334000,125.226000,2.646961,ok
9,True,51,8,0x0619d4d1900c2365,2897.235000,3022.375000,125.140000,2.646925,ok
9,True,52,8,0x0619d4d1900c2365,2904.469000,3025.150000,120.681000,2.644497,ok
9,True,53,8,0x0619d4d1900c2365,2904.464000,3025.146000,120.682000,2.644500,ok
9,True,54,8,0x0619d4d1900c2365,2905.735000,3030.373000,124.638000,2.639939,ok
9,True,55,8,0x0619d4d1900c2365,2905.968000,3030.598000,124.630000,2.639743,ok
9,True,56,8,0x0619d4d1900c2365,2907.848000,3033.104000,125.256000,2.637562,ok
9,True,57,8,0x0619d4d1900c2365,2908.023000,3033.263000,125.240000,2.637424,ok
9,True,58,8,0x0619d4d1900c2365,2907.476000,3032.037000,124.561000,2.638490,ok
9,True,59,8,0x0619d4d1900c2365,2906.050000,3030.889000,124.839000,2.639490,ok
9,True,60,8,0x0619d4d1900c2365,2911.148000,3034.544000,123.396000,2.636310,ok
9,True,61,8,0x0619d4d1900c2365,2911.131000,3034.401000,123.270000,2.636435,ok
9,True,62,8,0x0619d4d1900c2365,2900.813000,3024.068000,123.255000,2.645443,ok
9,True,63,8,0x0619d4d1900c2365,2899.463000,3022.932000,123.469000,2.646437,ok
9,True,64,8,0x0619d4d1900c2365,2894.954000,3018.133000,123.179000,2.650645,ok
9,True,65,8,0x0619d4d1900c2365,2894.943000,3018.282000,123.339000,2.650514,ok
9,True,66,8,0x0619d4d1900c2365,2889.085000,3012.720000,123.635000,2.655408,ok
9,True,67,8,0x0619d4d1900c2365,2889.091000,3012.885000,123.794000,2.655262,ok
9,True,68,8,0x0619d4d1900c2365,2883.424000,3007.985000,124.561000,2.659588,ok
9,True,69,8,0x0619d4d1900c2365,2883.421000,3008.119000,124.698000,2.659469,ok
9,True,70,8,0x0619d4d1900c2365,2887.884000,3008.682000,120.798000,2.658972,ok
9,True,71,8,0x0619d4d1900c2365,2887.882000,3008.522000,120.640000,2.659113,ok
9,True,72,8,0x0619d4d1900c2365,2886.797000,3015.555000,128.758000,2.652911,ok
9,True,73,8,0x0619d4d1900c2365,2887.520000,3015.884000,128.364000,2.652622,ok
9,True,74,8,0x0619d4d1900c2365,2889.897000,3017.234000,127.337000,2.651435,ok
9,True,75,8,0x0619d4d1900c2365,2890.421000,3017.532000,127.111000,2.651173,ok
9,True,76,8,0x0619d4d1900c2365,2892.497000,3014.252000,121.755000,2.654058,ok
9,True,77,8,0x0619d4d1900c2365,2892.493000,3014.249000,121.756000,2.654061,ok
9,True,78,8,0x0619d4d1900c2365,2890.916000,3012.598000,121.682000,2.655515,ok
9,True,79,8,0x0619d4d1900c2365,2890.914000,3012.595000,121.681000,2.655518,ok
9,True,80,8,0x0619d4d1900c2365,2885.585000,3006.841000,121.256000,2.660600,ok
9,True,81,8,0x0619d4d1900c2365,2885.579000,3006.839000,121.260000,2.660601,ok
9,True,82,8,0x0619d4d1900c2365,2881.529000,3001.493000,119.964000,2.665340,ok
9,True,83,8,0x0619d4d1900c2365,2881.648000,3001.489000,119.841000,2.665344,ok
9,True,84,8,0x0619d4d1900c2365,2880.483000,3004.136000,123.653000,2.662995,ok
9,True,85,8,0x0619d4d1900c2365,2880.479000,3004.237000,123.758000,2.662906,ok
9,True,86,8,0x0619d4d1900c2365,2880.083000,3003.278000,123.195000,2.663756,ok
9,True,87,8,0x0619d4d1900c2365,2880.127000,3003.119000,122.992000,2.663897,ok
9,True,88,8,0x0619d4d1900c2365,2877.488000,2997.056000,119.568000,2.669286,ok
9,True,89,8,0x0619d4d1900c2365,2877.483000,2997.054000,119.571000,2.669288,ok
9,True,90,8,0x0619d4d1900c2365,2873.041000,2993.470000,120.429000,2.672484,ok
9,True,91,8,0x0619d4d1900c2365,2873.037000,2993.287000,120.250000,2.672647,ok
9,True,92,8,0x0619d4d1900c2365,2868.928000,2989.541000,120.613000,2.675996,ok
9,True,93,8,0x0619d4d1900c2365,2868.924000,2989.376000,120.452000,2.676144,ok
9,True,94,8,0x0619d4d1900c2365,2865.990000,2989.477000,123.487000,2.676053,ok
9,True,95,8,0x0619d4d1900c2365,2865.989000,2989.325000,123.336000,2.676189,ok
9,True,96,8,0x0619d4d1900c2365,2865.336000,2985.230000,119.894000,2.679861,ok
9,True,97,8,0x0619d4d1900c2365,2865.333000,2985.228000,119.895000,2.679862,ok
9,True,98,8,0x0619d4d1900c2365,2860.467000,2986.115000,125.648000,2.679066,ok
9,True,99,8,0x0619d4d1900c2365,2860.339000,2989.362000,129.023000,2.676156,ok
9,True,100,8,0x0619d4d1900c2365,2861.201000,2988.753000,127.552000,2.676702,ok
9,True,101,8,0x0619d4d1900c2365,2862.909000,2988.897000,125.988000,2.676573,ok
9,True,102,8,0x0619d4d1900c2365,2866.295000,2985.056000,118.761000,2.680017,ok
9,True,103,8,0x0619d4d1900c2365,2866.308000,2985.053000,118.745000,2.680019,ok
9,True,104,8,0x0619d4d1900c2365,2854.805000,2978.033000,123.228000,2.686337,ok
9,True,105,8,0x0619d4d1900c2365,2854.634000,2977.865000,123.231000,2.686488,ok
9,True,106,8,0x0619d4d1900c2365,2850.667000,2973.148000,122.481000,2.690751,ok
9,True,107,8,0x0619d4d1900c2365,2850.523000,2973.145000,122.622000,2.690753,ok
9,True,108,8,0x0619d4d1900c2365,2850.554000,2971.247000,120.693000,2.692472,ok
9,True,109,8,0x0619d4d1900c2365,2850.537000,2971.243000,120.706000,2.692476,ok
9,True,110,8,0x0619d4d1900c2365,2848.150000,2970.750000,122.600000,2.692923,ok
9,True,111,8,0x0619d4d1900c2365,2848.147000,2970.632000,122.485000,2.693030,ok
9,True,112,8,0x0619d4d1900c2365,2848.835000,2970.923000,122.088000,2.692766,ok
9,True,113,8,0x0619d4d1900c2365,2848.839000,2971.083000,122.244000,2.692621,ok
9,True,114,8,0x0619d4d1900c2365,2848.603000,2969.877000,121.274000,2.693714,ok
9,True,115,8,0x0619d4d1900c2365,2848.660000,2970.178000,121.518000,2.693441,ok
9,True,116,8,0x0619d4d1900c2365,2843.884000,2964.345000,120.461000,2.698741,ok
9,True,117,8,0x0619d4d1900c2365,2843.883000,2964.502000,120.619000,2.698598,ok
9,True,118,8,0x0619d4d1900c2365,2841.692000,2962.134000,120.442000,2.700756,ok
9,True,119,8,0x0619d4d1900c2365,2841.716000,2962.201000,120.485000,2.700695,ok
9,True,120,8,0x0619d4d1900c2365,2841.969000,2962.475000,120.506000,2.700445,ok
9,True,121,8,0x0619d4d1900c2365,2841.965000,2962.310000,120.345000,2.700595,ok
9,True,122,8,0x0619d4d1900c2365,2841.093000,2959.243000,118.150000,2.703394,ok
9,True,123,8,0x0619d4d1900c2365,2841.087000,2959.241000,118.154000,2.703396,ok
9,True,124,8,0x0619d4d1900c2365,2839.359000,2959.794000,120.435000,2.702891,ok
9,True,125,8,0x0619d4d1900c2365,2839.355000,2959.592000,120.237000,2.703075,ok
9,True,126,8,0x0619d4d1900c2365,2835.022000,2957.829000,122.807000,2.704686,ok
9,True,127,8,0x0619d4d1900c2365,2835.028000,2957.993000,122.965000,2.704536,ok
9,True,128,8,0x0619d4d1900c2365,2837.138000,2958.548000,121.410000,2.704029,ok
9,True,129,8,0x0619d4d1900c2365,2837.104000,2958.664000,121.560000,2.703923,ok
9,True,130,8,0x0619d4d1900c2365,2834.455000,2954.438000,119.983000,2.707791,ok
9,True,131,8,0x0619d4d1900c2365,2830.631000,2950.759000,120.128000,2.711167,ok
9,True,132,8,0x0619d4d1900c2365,2825.982000,2945.964000,119.982000,2.715580,ok
9,True,133,8,0x0619d4d1900c2365,2825.981000,2945.822000,119.841000,2.715711,ok
9,True,134,8,0x0619d4d1900c2365,2825.955000,2946.082000,120.127000,2.715471,ok
9,True,135,8,0x0619d4d1900c2365,2825.953000,2946.239000,120.286000,2.715326,ok
9,True,136,8,0x0619d4d1900c2365,2823.463000,2944.731000,121.268000,2.716717,ok
9,True,137,8,0x0619d4d1900c2365,2823.452000,2944.581000,121.129000,2.716855,ok
9,True,138,8,0x0619d4d1900c2365,2821.275000,2938.862000,117.587000,2.722142,ok
9,True,139,8,0x0619d4d1900c2365,2821.272000,2938.858000,117.586000,2.722146,ok
9,True,140,8,0x0619d4d1900c2365,2818.803000,2944.604000,125.801000,2.716834,ok
9,True,141,8,0x0619d4d1900c2365,2818.799000,2944.618000,125.819000,2.716821,ok
9,True,142,8,0x0619d4d1900c2365,2821.065000,2940.170000,119.105000,2.720931,ok
9,True,143,8,0x0619d4d1900c2365,2821.060000,2940.168000,119.108000,2.720933,ok
9,True,144,8,0x0619d4d1900c2365,2817.368000,2940.383000,123.015000,2.720734,ok
9,True,145,8,0x0619d4d1900c2365,2815.715000,2938.949000,123.234000,2.722062,ok
9,True,146,8,0x0619d4d1900c2365,2819.330000,2940.965000,121.635000,2.720196,ok
9,True,147,8,0x0619d4d1900c2365,2818.064000,2939.535000,121.471000,2.721519,ok
9,True,148,8,0x0619d4d1900c2365,2821.266000,2943.196000,121.930000,2.718134,ok
9,True,149,8,0x0619d4d1900c2365,2821.263000,2943.036000,121.773000,2.718281,ok
9,True,150,8,0x0619d4d1900c2365,2822.401000,2943.719000,121.318000,2.717651,ok
9,True,151,8,0x0619d4d1900c2365,2822.397000,2943.840000,121.443000,2.717539,ok
9,True,152,8,0x0619d4d1900c2365,2823.621000,2944.615000,120.994000,2.716824,ok
9,True,153,8,0x0619d4d1900c2365,2823.619000,2944.760000,121.141000,2.716690,ok
9,True,154,8,0x0619d4d1900c2365,2827.158000,2948.007000,120.849000,2.713698,ok
9,True,155,8,0x0619d4d1900c2365,2827.159000,2949.413000,122.254000,2.712404,ok
9,True,156,8,0x0619d4d1900c2365,2827.207000,2956.066000,128.859000,2.706300,ok
9,True,157,8,0x0619d4d1900c2365,2829.916000,2957.926000,128.010000,2.704598,ok
9,True,158,8,0x0619d4d1900c2365,2832.778000,2961.637000,128.859000,2.701209,ok
9,True,159,8,0x0619d4d1900c2365,2833.777000,2961.238000,127.461000,2.701573,ok
9,True,160,8,0x0619d4d1900c2365,2840.223000,2965.321000,125.098000,2.697853,ok
9,True,161,8,0x0619d4d1900c2365,2840.981000,2965.317000,124.336000,2.697857,ok
9,True,162,8,0x0619d4d1900c2365,2844.806000,2968.737000,123.931000,2.694749,ok
9,True,163,8,0x0619d4d1900c2365,2844.806000,2969.836000,125.030000,2.693751,ok
9,True,164,8,0x0619d4d1900c2365,2848.551000,2976.128000,127.577000,2.688056,ok
9,True,165,8,0x0619d4d1900c2365,2849.863000,2976.272000,126.409000,2.687926,ok
9,True,166,8,0x0619d4d1900c2365,2856.284000,2978.546000,122.262000,2.685874,ok
9,True,167,8,0x0619d4d1900c2365,2856.422000,2978.707000,122.285000,2.685729,ok
9,True,168,8,0x0619d4d1900c2365,2857.530000,2981.197000,123.667000,2.683486,ok
9,True,169,8,0x0619d4d1900c2365,2857.620000,2981.347000,123.727000,2.683351,ok
9,True,170,8,0x0619d4d1900c2365,2864.356000,2987.985000,123.629000,2.677390,ok
9,True,171,8,0x0619d4d1900c2365,2864.351000,2988.144000,123.793000,2.677247,ok
9,True,172,8,0x0619d4d1900c2365,2862.673000,2985.792000,123.119000,2.679356,ok
9,True,173,8,0x0619d4d1900c2365,2862.690000,2985.968000,123.278000,2.679198,ok
9,True,174,8,0x0619d4d1900c2365,2867.435000,2989.948000,122.513000,2.675632,ok
9,True,175,8,0x0619d4d1900c2365,2867.454000,2990.094000,122.640000,2.675501,ok
9,True,176,8,0x0619d4d1900c2365,2868.172000,2988.812000,120.640000,2.676649,ok
9,True,177,8,0x0619d4d1900c2365,2868.169000,2988.955000,120.786000,2.676521,ok
9,True,178,8,0x0619d4d1900c2365,2868.207000,2987.197000,118.990000,2.678096,ok
9,True,179,8,0x0619d4d1900c2365,2868.207000,2987.194000,118.987000,2.678099,ok
9,True,180,8,0x0619d4d1900c2365,2865.735000,2985.238000,119.503000,2.679853,ok
9,True,181,8,0x0619d4d1900c2365,2865.732000,2985.086000,119.354000,2.679990,ok
9,True,182,8,0x0619d4d1900c2365,2864.017000,2983.422000,119.405000,2.681485,ok
9,True,183,8,0x0619d4d1900c2365,2864.014000,2983.420000,119.406000,2.681486,ok
9,True,184,8,0x0619d4d1900c2365,2862.241000,2982.606000,120.365000,2.682218,ok
9,True,185,8,0x0619d4d1900c2365,2862.238000,2982.603000,120.365000,2.682221,ok
9,True,186,8,0x0619d4d1900c2365,2861.689000,2989.242000,127.553000,2.676264,ok
9,True,187,8,0x0619d4d1900c2365,2859.745000,2987.670000,127.925000,2.677672,ok
9,True,188,8,0x0619d4d1900c2365,2859.779000,2984.114000,124.335000,2.680863,ok
9,True,189,8,0x0619d4d1900c2365,2857.730000,2981.694000,123.964000,2.683039,ok
9,True,190,8,0x0619d4d1900c2365,2856.669000,2979.914000,123.245000,2.684641,ok
9,True,191,8,0x0619d4d1900c2365,2855.532000,2978.800000,123.268000,2.685645,ok
9,True,192,8,0x0619d4d1900c2365,2854.558000,2977.374000,122.816000,2.686932,ok
9,True,193,8,0x0619d4d1900c2365,2854.560000,2977.536000,122.976000,2.686785,ok
9,True,194,8,0x0619d4d1900c2365,2852.755000,2976.966000,124.211000,2.687300,ok
9,True,195,8,0x0619d4d1900c2365,2851.552000,2975.828000,124.276000,2.688327,ok
9,True,196,8,0x0619d4d1900c2365,2849.430000,2970.843000,121.413000,2.692838,ok
9,True,197,8,0x0619d4d1900c2365,2849.426000,2970.994000,121.568000,2.692701,ok
9,True,198,8,0x0619d4d1900c2365,2848.269000,2969.807000,121.538000,2.693778,ok
9,True,199,8,0x0619d4d1900c2365,2848.271000,2969.950000,121.679000,2.693648,ok
10,True,0,8,0x0619d4d1900c2365,53.024000,144.958000,91.934000,55.188399,ok
10,True,1,8,0x0619d4d1900c2365,53.012000,144.821000,91.809000,55.240607,ok
10,True,2,8,0x0619d4d1900c2365,195.424000,290.382000,94.958000,27.549917,ok
10,True,3,8,0x0619d4d1900c2365,195.422000,290.381000,94.959000,27.550012,ok
10,True,4,8,0x0619d4d1900c2365,342.699000,437.705000,95.006000,18.277150,ok
10,True,5,8,0x0619d4d1900c2365,342.700000,437.705000,95.005000,18.277150,ok
10,True,6,8,0x0619d4d1900c2365,490.099000,587.405000,97.306000,13.619224,ok
10,True,7,8,0x0619d4d1900c2365,489.974000,587.404000,97.430000,13.619247,ok
10,True,8,8,0x0619d4d1900c2365,640.893000,742.022000,101.129000,10.781351,ok
10,True,9,8,0x0619d4d1900c2365,640.892000,742.021000,101.129000,10.781366,ok
10,True,10,8,0x0619d4d1900c2365,795.487000,893.576000,98.089000,8.952792,ok
10,True,11,8,0x0619d4d1900c2365,795.486000,893.576000,98.090000,8.952792,ok
10,True,12,8,0x0619d4d1900c2365,946.472000,1048.194000,101.722000,7.632175,ok
10,True,13,8,0x0619d4d1900c2365,946.472000,1048.194000,101.722000,7.632175,ok
10,True,14,8,0x0619d4d1900c2365,1101.900000,1207.220000,105.320000,6.626795,ok
10,True,15,8,0x0619d4d1900c2365,1101.900000,1207.136000,105.236000,6.627257,ok
10,True,16,8,0x0619d4d1900c2365,1261.281000,1360.945000,99.664000,5.878268,ok
10,True,17,8,0x0619d4d1900c2365,1261.281000,1360.944000,99.663000,5.878273,ok
10,True,18,8,0x0619d4d1900c2365,1414.828000,1521.101000,106.273000,5.259348,ok
10,True,19,8,0x0619d4d1900c2365,1415.346000,1521.228000,105.882000,5.258909,ok
10,True,20,8,0x0619d4d1900c2365,1575.900000,1675.991000,100.091000,4.773295,ok
10,True,21,8,0x0619d4d1900c2365,1575.893000,1675.896000,100.003000,4.773566,ok
10,True,22,8,0x0619d4d1900c2365,1729.832000,1829.267000,99.435000,4.373336,ok
10,True,23,8,0x0619d4d1900c2365,1729.917000,1829.267000,99.350000,4.373336,ok
10,True,24,8,0x0619d4d1900c2365,1883.928000,1983.207000,99.279000,4.033870,ok
10,True,25,8,0x0619d4d1900c2365,1883.920000,1983.207000,99.287000,4.033870,ok
10,True,26,8,0x0619d4d1900c2365,2037.625000,2140.981000,103.356000,3.736605,ok
10,True,27,8,0x0619d4d1900c2365,2037.624000,2141.089000,103.465000,3.736416,ok
10,True,28,8,0x0619d4d1900c2365,2195.426000,2295.394000,99.968000,3.485240,ok
10,True,29,8,0x0619d4d1900c2365,2195.427000,2295.393000,99.966000,3.485242,ok
10,True,30,8,0x0619d4d1900c2365,2350.485000,2463.009000,112.524000,3.248060,ok
10,True,31,8,0x0619d4d1900c2365,2350.485000,2463.009000,112.524000,3.248060,ok
10,True,32,8,0x0619d4d1900c2365,2372.658000,2479.891000,107.233000,3.225948,ok
10,True,33,8,0x0619d4d1900c2365,2372.548000,2479.773000,107.225000,3.226102,ok
10,True,34,8,0x0619d4d1900c2365,2389.509000,2494.892000,105.383000,3.206552,ok
10,True,35,8,0x0619d4d1900c2365,2389.504000,2494.890000,105.386000,3.206554,ok
10,True,36,8,0x0619d4d1900c2365,2401.649000,2501.507000,99.858000,3.198072,ok
10,True,37,8,0x0619d4d1900c2365,2401.646000,2501.505000,99.859000,3.198075,ok
10,True,38,8,0x0619d4d1900c2365,2405.793000,2506.128000,100.335000,3.192175,ok
10,True,39,8,0x0619d4d1900c2365,2405.792000,2506.125000,100.333000,3.192179,ok
10,True,40,8,0x0619d4d1900c2365,2406.385000,2506.922000,100.537000,3.191164,ok
10,True,41,8,0x0619d4d1900c2365,2406.381000,2506.918000,100.537000,3.191169,ok
10,True,42,8,0x0619d4d1900c2365,2409.305000,2515.882000,106.577000,3.179799,ok
10,True,43,8,0x0619d4d1900c2365,2409.301000,2515.772000,106.471000,3.179938,ok
10,True,44,8,0x0619d4d1900c2365,2415.073000,2523.385000,108.312000,3.170345,ok
10,True,45,8,0x0619d4d1900c2365,2415.069000,2523.381000,108.312000,3.170350,ok
10,True,46,8,0x0619d4d1900c2365,2419.870000,2524.453000,104.583000,3.169003,ok
10,True,47,8,0x0619d4d1900c2365,2419.866000,2524.450000,104.584000,3.169007,ok
10,True,48,8,0x0619d4d1900c2365,2426.271000,2528.643000,102.372000,3.163752,ok
10,True,49,8,0x0619d4d1900c2365,2426.270000,2528.642000,102.372000,3.163754,ok
10,True,50,8,0x0619d4d1900c2365,2423.805000,2528.617000,104.812000,3.163785,ok
10,True,51,8,0x0619d4d1900c2365,2423.682000,2528.613000,104.931000,3.163790,ok
10,True,52,8,0x0619d4d1900c2365,2429.390000,2541.298000,111.908000,3.147998,ok
10,True,53,8,0x0619d4d1900c2365,2429.287000,2541.172000,111.885000,3.148154,ok
10,True,54,8,0x0619d4d1900c2365,2442.503000,2544.729000,102.226000,3.143753,ok
10,True,55,8,0x0619d4d1900c2365,2442.498000,2544.725000,102.227000,3.143758,ok
10,True,56,8,0x0619d4d1900c2365,2447.299000,2558.919000,111.620000,3.126320,ok
10,True,57,8,0x0619d4d1900c2365,2447.296000,2559.035000,111.739000,3.126178,ok
10,True,58,8,0x0619d4d1900c2365,2457.506000,2563.522000,106.016000,3.120707,ok
10,True,59,8,0x0619d4d1900c2365,2457.506000,2563.427000,105.921000,3.120822,ok
10,True,60,8,0x0619d4d1900c2365,2463.670000,2569.318000,105.648000,3.113667,ok
10,True,61,8,0x0619d4d1900c2365,2463.551000,2569.315000,105.764000,3.113670,ok
10,True,62,8,0x0619d4d1900c2365,2458.447000,2564.417000,105.970000,3.119617,ok
10,True,63,8,0x0619d4d1900c2365,2458.441000,2564.311000,105.870000,3.119746,ok
10,True,64,8,0x0619d4d1900c2365,2458.804000,2561.003000,102.199000,3.123776,ok
10,True,65,8,0x0619d4d1900c2365,2458.798000,2560.998000,102.200000,3.123782,ok
10,True,66,8,0x0619d4d1900c2365,2455.947000,2573.050000,117.103000,3.109151,ok
10,True,67,8,0x0619d4d1900c2365,2456.055000,2573.193000,117.138000,3.108978,ok
10,True,68,8,0x0619d4d1900c2365,2475.283000,2579.361000,104.078000,3.101543,ok
10,True,69,8,0x0619d4d1900c2365,2475.282000,2579.256000,103.974000,3.101670,ok
10,True,70,8,0x0619d4d1900c2365,2480.094000,2589.339000,109.245000,3.089592,ok
10,True,71,8,0x0619d4d1900c2365,2480.090000,2589.449000,109.359000,3.089460,ok
10,True,72,8,0x0619d4d1900c2365,2491.356000,2602.041000,110.685000,3.074510,ok
10,True,73,8,0x0619d4d1900c2365,2491.358000,2602.142000,110.784000,3.074390,ok
10,True,74,8,0x0619d4d1900c2365,2497.994000,2610.621000,112.627000,3.064405,ok
10,True,75,8,0x0619d4d1900c2365,2497.991000,2610.428000,112.437000,3.064632,ok
10,True,76,8,0x0619d4d1900c2365,2506.336000,2615.308000,108.972000,3.058913,ok
10,True,77,8,0x0619d4d1900c2365,2506.333000,2615.305000,108.972000,3.058917,ok
10,True,78,8,0x0619d4d1900c2365,2512.722000,2628.821000,116.099000,3.043189,ok
10,True,79,8,0x0619d4d1900c2365,2512.822000,2628.939000,116.117000,3.043053,ok
10,True,80,8,0x0619d4d1900c2365,2527.966000,2642.908000,114.942000,3.026969,ok
10,True,81,8,0x0619d4d1900c2365,2527.954000,2643.044000,115.090000,3.026813,ok
10,True,82,8,0x0619d4d1900c2365,2541.747000,2652.668000,110.921000,3.015832,ok
10,True,83,8,0x0619d4d1900c2365,2541.745000,2652.771000,111.026000,3.015715,ok
10,True,84,8,0x0619d4d1900c2365,2543.944000,2655.898000,111.954000,3.012164,ok
10,True,85,8,0x0619d4d1900c2365,2543.943000,2655.777000,111.834000,3.012301,ok
10,True,86,8,0x0619d4d1900c2365,2556.200000,2665.646000,109.446000,3.001149,ok
10,True,87,8,0x0619d4d1900c2365,2556.200000,2665.645000,109.445000,3.001150,ok
10,True,88,8,0x0619d4d1900c2365,2555.117000,2672.751000,117.634000,2.993171,ok
10,True,89,8,0x0619d4d1900c2365,2555.006000,2672.617000,117.611000,2.993321,ok
10,True,90,8,0x0619d4d1900c2365,2567.427000,2678.328000,110.901000,2.986938,ok
10,True,91,8,0x0619d4d1900c2365,2567.422000,2678.459000,111.037000,2.986792,ok
10,True,92,8,0x0619d4d1900c2365,2574.735000,2687.095000,112.360000,2.977193,ok
10,True,93,8,0x0619d4d1900c2365,2574.732000,2686.981000,112.249000,2.977319,ok
10,True,94,8,0x0619d4d1900c2365,2581.658000,2694.134000,112.476000,2.969414,ok
10,True,95,8,0x0619d4d1900c2365,2581.655000,2694.220000,112.565000,2.969320,ok
10,True,96,8,0x0619d4d1900c2365,2594.589000,2712.683000,118.094000,2.949110,ok
10,True,97,8,0x0619d4d1900c2365,2593.982000,2712.562000,118.580000,2.949241,ok
10,True,98,8,0x0619d4d1900c2365,2596.063000,2705.957000,109.894000,2.956440,ok
10,True,99,8,0x0619d4d1900c2365,2596.061000,2705.955000,109.894000,2.956442,ok
10,True,100,8,0x0619d4d1900c2365,2603.689000,2719.082000,115.393000,2.942169,ok
10,True,101,8,0x0619d4d1900c2365,2603.685000,2719.078000,115.393000,2.942174,ok
10,True,102,8,0x0619d4d1900c2365,2610.364000,2729.794000,119.430000,2.930624,ok
10,True,103,8,0x0619d4d1900c2365,2610.446000,2729.780000,119.334000,2.930639,ok
10,True,104,8,0x0619d4d1900c2365,2626.041000,2749.985000,123.944000,2.909107,ok
10,True,105,8,0x0619d4d1900c2365,2624.051000,2751.294000,127.243000,2.907723,ok
10,True,106,8,0x0619d4d1900c2365,2639.970000,2764.726000,124.756000,2.893596,ok
10,True,107,8,0x0619d4d1900c2365,2641.331000,2764.805000,123.474000,2.893513,ok
10,True,108,8,0x0619d4d1900c2365,2656.277000,2773.778000,117.501000,2.884153,ok
10,True,109,8,0x0619d4d1900c2365,2656.475000,2779.562000,123.087000,2.878151,ok
10,True,110,8,0x0619d4d1900c2365,2662.556000,2792.777000,130.221000,2.864532,ok
10,True,111,8,0x0619d4d1900c2365,2665.736000,2794.302000,128.566000,2.862969,ok
10,True,112,8,0x0619d4d1900c2365,2678.866000,2800.080000,121.214000,2.857061,ok
10,True,113,8,0x0619d4d1900c2365,2679.266000,2798.917000,119.651000,2.858248,ok
10,True,114,8,0x0619d4d1900c2365,2686.692000,2798.397000,111.705000,2.858780,ok
10,True,115,8,0x0619d4d1900c2365,2686.692000,2798.525000,111.833000,2.858649,ok
10,True,116,8,0x0619d4d1900c2365,2685.609000,2801.059000,115.450000,2.856063,ok
10,True,117,8,0x0619d4d1900c2365,2685.721000,2801.055000,115.334000,2.856067,ok
10,True,118,8,0x0619d4d1900c2365,2690.816000,2805.020000,114.204000,2.852030,ok
10,True,119,8,0x0619d4d1900c2365,2690.812000,2804.918000,114.106000,2.852133,ok
10,True,120,8,0x0619d4d1900c2365,2689.755000,2806.086000,116.331000,2.850946,ok
10,True,121,8,0x0619d4d1900c2365,2688.482000,2806.085000,117.603000,2.850947,ok
10,True,122,8,0x0619d4d1900c2365,2697.110000,2808.157000,111.047000,2.848844,ok
10,True,123,8,0x0619d4d1900c2365,2695.956000,2806.880000,110.924000,2.850140,ok
10,True,124,8,0x0619d4d1900c2365,2696.409000,2808.920000,112.511000,2.848070,ok
10,True,125,8,0x0619d4d1900c2365,2696.405000,2808.797000,112.392000,2.848194,ok
10,True,126,8,0x0619d4d1900c2365,2696.228000,2810.520000,114.292000,2.846448,ok
10,True,127,8,0x0619d4d1900c2365,2696.305000,2810.414000,114.109000,2.846556,ok
10,True,128,8,0x0619d4d1900c2365,2690.483000,2800.920000,110.437000,2.856204,ok
10,True,129,8,0x0619d4d1900c2365,2690.477000,2801.016000,110.539000,2.856106,ok
10,True,130,8,0x0619d4d1900c2365,2691.711000,2804.932000,113.221000,2.852119,ok
10,True,131,8,0x0619d4d1900c2365,2691.608000,2804.823000,113.215000,2.852230,ok
10,True,132,8,0x0619d4d1900c2365,2688.089000,2802.628000,114.539000,2.854464,ok
10,True,133,8,0x0619d4d1900c2365,2687.978000,2802.516000,114.538000,2.854578,ok
10,True,134,8,0x0619d4d1900c2365,2683.802000,2796.870000,113.068000,2.860340,ok
10,True,135,8,0x0619d4d1900c2365,2683.801000,2796.767000,112.966000,2.860446,ok
10,True,136,8,0x0619d4d1900c2365,2666.420000,2777.150000,110.730000,2.880651,ok
10,True,137,8,0x0619d4d1900c2365,2665.145000,2775.754000,110.609000,2.882100,ok
10,True,138,8,0x0619d4d1900c2365,2649.279000,2758.220000,108.941000,2.900421,ok
10,True,139,8,0x0619d4d1900c2365,2649.276000,2758.352000,109.076000,2.900282,ok
10,True,140,8,0x0619d4d1900c2365,2640.143000,2748.523000,108.380000,2.910654,ok
10,True,141,8,0x0619d4d1900c2365,2633.965000,2742.345000,108.380000,2.917211,ok
10,True,142,8,0x0619d4d1900c2365,2611.938000,2719.318000,107.380000,2.941914,ok
10,True,143,8,0x0619d4d1900c2365,2610.670000,2718.048000,107.378000,2.943289,ok
10,True,144,8,0x0619d4d1900c2365,2597.316000,2710.078000,112.762000,2.951945,ok
10,True,145,8,0x0619d4d1900c2365,2597.312000,2709.974000,112.662000,2.952058,ok
10,True,146,8,0x0619d4d1900c2365,2598.932000,2711.651000,112.719000,2.950232,ok
10,True,147,8,0x0619d4d1900c2365,2597.653000,2710.476000,112.823000,2.951511,ok
10,True,148,8,0x0619d4d1900c2365,2594.221000,2701.521000,107.300000,2.961295,ok
10,True,149,8,0x0619d4d1900c2365,2594.217000,2701.518000,107.301000,2.961298,ok
10,True,150,8,0x0619d4d1900c2365,2586.905000,2696.191000,109.286000,2.967149,ok
10,True,151,8,0x0619d4d1900c2365,2586.905000,2696.093000,109.188000,2.967257,ok
10,True,152,8,0x0619d4d1900c2365,2577.030000,2684.424000,107.394000,2.980155,ok
10,True,153,8,0x0619d4d1900c2365,2577.026000,2684.421000,107.395000,2.980158,ok
10,True,154,8,0x0619d4d1900c2365,2571.386000,2682.192000,110.806000,2.982635,ok
10,True,155,8,0x0619d4d1900c2365,2571.381000,2682.282000,110.901000,2.982535,ok
10,True,156,8,0x0619d4d1900c2365,2568.240000,2676.544000,108.304000,2.988929,ok
10,True,157,8,0x0619d4d1900c2365,2568.240000,2676.634000,108.394000,2.988829,ok
10,True,158,8,0x0619d4d1900c2365,2561.716000,2670.642000,108.926000,2.995534,ok
10,True,159,8,0x0619d4d1900c2365,2561.712000,2670.756000,109.044000,2.995407,ok
10,True,160,8,0x0619d4d1900c2365,2558.277000,2664.045000,105.768000,3.002952,ok
10,True,161,8,0x0619d4d1900c2365,2558.274000,2664.042000,105.768000,3.002956,ok
10,True,162,8,0x0619d4d1900c2365,2550.414000,2656.634000,106.220000,3.011329,ok
10,True,163,8,0x0619d4d1900c2365,2550.411000,2656.630000,106.219000,3.011334,ok
10,True,164,8,0x0619d4d1900c2365,2542.212000,2653.385000,111.173000,3.015017,ok
10,True,165,8,0x0619d4d1900c2365,2542.213000,2653.480000,111.267000,3.014909,ok
10,True,166,8,0x0619d4d1900c2365,2539.331000,2647.561000,108.230000,3.021649,ok
10,True,167,8,0x0619d4d1900c2365,2539.328000,2647.465000,108.137000,3.021759,ok
10,True,168,8,0x0619d4d1900c2365,2536.488000,2643.832000,107.344000,3.025911,ok
10,True,169,8,0x0619d4d1900c2365,2536.485000,2643.948000,107.463000,3.025778,ok
10,True,170,8,0x0619d4d1900c2365,2534.433000,2650.391000,115.958000,3.018423,ok
10,True,171,8,0x0619d4d1900c2365,2534.436000,2651.239000,116.803000,3.017457,ok
10,True,172,8,0x0619d4d1900c2365,2540.451000,2656.736000,116.285000,3.011214,ok
10,True,173,8,0x0619d4d1900c2365,2541.643000,2656.828000,115.185000,3.011109,ok
10,True,174,8,0x0619d4d1900c2365,2547.699000,2659.096000,111.397000,3.008541,ok
10,True,175,8,0x0619d4d1900c2365,2547.775000,2659.195000,111.420000,3.008429,ok
10,True,176,8,0x0619d4d1900c2365,2545.937000,2658.235000,112.298000,3.009516,ok
10,True,177,8,0x0619d4d1900c2365,2545.933000,2658.331000,112.398000,3.009407,ok
10,True,178,8,0x0619d4d1900c2365,2545.478000,2658.726000,113.248000,3.008960,ok
10,True,179,8,0x0619d4d1900c2365,2545.631000,2658.828000,113.197000,3.008844,ok
10,True,180,8,0x0619d4d1900c2365,2551.696000,2656.244000,104.548000,3.011772,ok
10,True,181,8,0x0619d4d1900c2365,2551.693000,2656.133000,104.440000,3.011897,ok
10,True,182,8,0x0619d4d1900c2365,2545.266000,2647.754000,102.488000,3.021429,ok
10,True,183,8,0x0619d4d1900c2365,2545.281000,2647.750000,102.469000,3.021433,ok
10,True,184,8,0x0619d4d1900c2365,2540.551000,2646.461000,105.910000,3.022905,ok
10,True,185,8,0x0619d4d1900c2365,2540.550000,2646.477000,105.927000,3.022887,ok
10,True,186,8,0x0619d4d1900c2365,2533.754000,2645.304000,111.550000,3.024227,ok
10,True,187,8,0x0619d4d1900c2365,2533.754000,2645.194000,111.440000,3.024353,ok
10,True,188,8,0x0619d4d1900c2365,2536.157000,2644.270000,108.113000,3.025410,ok
10,True,189,8,0x0619d4d1900c2365,2536.153000,2644.266000,108.113000,3.025414,ok
10,True,190,8,0x0619d4d1900c2365,2536.284000,2645.891000,109.607000,3.023556,ok
10,True,191,8,0x0619d4d1900c2365,2536.279000,2645.772000,109.493000,3.023692,ok
10,True,192,8,0x0619d4d1900c2365,2541.308000,2650.453000,109.145000,3.018352,ok
10,True,193,8,0x0619d4d1900c2365,2541.306000,2650.449000,109.143000,3.018357,ok
10,True,194,8,0x0619d4d1900c2365,2544.432000,2652.982000,108.550000,3.015475,ok
10,True,195,8,0x0619d4d1900c2365,2544.432000,2652.981000,108.549000,3.015476,ok
10,True,196,8,0x0619d4d1900c2365,2539.937000,2647.785000,107.848000,3.021393,ok
10,True,197,8,0x0619d4d1900c2365,2540.041000,2647.783000,107.742000,3.021396,ok
10,True,198,8,0x0619d4d1900c2365,2540.921000,2648.787000,107.866000,3.020250,ok
10,True,199,8,0x0619d4d1900c2365,2540.920000,2648.783000,107.863000,3.020255,ok
