trial_index,measured_for_timing,completion_index,n_tokens_generated,generated_token_hash,ttft_ms,total_ms,total_minus_ttft_ms,tokens_per_second,status
0,False,0,8,0x0619d4d1900c2365,53.051000,156.935000,103.884000,50.976519,ok
0,False,1,8,0x0619d4d1900c2365,53.044000,156.793000,103.749000,51.022686,ok
0,False,2,8,0x0619d4d1900c2365,208.231000,318.663000,110.432000,25.104891,ok
0,False,3,8,0x0619d4d1900c2365,206.592000,318.663000,112.071000,25.104891,ok
0,False,4,8,0x0619d4d1900c2365,368.899000,462.749000,93.850000,17.287990,ok
0,False,5,8,0x0619d4d1900c2365,368.872000,462.749000,93.877000,17.287990,ok
0,False,6,8,0x0619d4d1900c2365,513.878000,606.591000,92.713000,13.188458,ok
0,False,7,8,0x0619d4d1900c2365,513.878000,606.591000,92.713000,13.188458,ok
0,False,8,8,0x0619d4d1900c2365,657.547000,752.027000,94.480000,10.637916,ok
0,False,9,8,0x0619d4d1900c2365,657.643000,752.027000,94.384000,10.637916,ok
0,False,10,8,0x0619d4d1900c2365,802.726000,898.047000,95.321000,8.908220,ok
0,False,11,8,0x0619d4d1900c2365,802.826000,898.046000,95.220000,8.908230,ok
0,False,12,8,0x0619d4d1900c2365,949.663000,1044.802000,95.139000,7.656953,ok
0,False,13,8,0x0619d4d1900c2365,949.663000,1044.801000,95.138000,7.656961,ok
0,False,14,8,0x0619d4d1900c2365,1096.142000,1191.531000,95.389000,6.714051,ok
0,False,15,8,0x0619d4d1900c2365,1096.141000,1191.531000,95.390000,6.714051,ok
0,False,16,8,0x0619d4d1900c2365,1242.866000,1337.966000,95.100000,5.979225,ok
0,False,17,8,0x0619d4d1900c2365,1242.866000,1337.966000,95.100000,5.979225,ok
0,False,18,8,0x0619d4d1900c2365,1389.407000,1483.662000,94.255000,5.392064,ok
0,False,19,8,0x0619d4d1900c2365,1389.407000,1483.660000,94.253000,5.392071,ok
0,False,20,8,0x0619d4d1900c2365,1535.382000,1630.554000,95.172000,4.906308,ok
0,False,21,8,0x0619d4d1900c2365,1535.378000,1630.556000,95.178000,4.906302,ok
0,False,22,8,0x0619d4d1900c2365,1682.105000,1776.699000,94.594000,4.502732,ok
0,False,23,8,0x0619d4d1900c2365,1682.108000,1776.699000,94.591000,4.502732,ok
0,False,24,8,0x0619d4d1900c2365,1828.654000,1925.723000,97.069000,4.154284,ok
0,False,25,8,0x0619d4d1900c2365,1828.654000,1925.723000,97.069000,4.154284,ok
0,False,26,8,0x0619d4d1900c2365,1977.841000,2073.003000,95.162000,3.859136,ok
0,False,27,8,0x0619d4d1900c2365,1977.841000,2073.003000,95.162000,3.859136,ok
0,False,28,8,0x0619d4d1900c2365,2124.515000,2222.895000,98.380000,3.598910,ok
0,False,29,8,0x0619d4d1900c2365,2124.516000,2222.981000,98.465000,3.598771,ok
0,False,30,8,0x0619d4d1900c2365,2274.329000,2373.186000,98.857000,3.370996,ok
0,False,31,8,0x0619d4d1900c2365,2274.415000,2373.186000,98.771000,3.370996,ok
0,False,32,8,0x0619d4d1900c2365,2267.078000,2364.759000,97.681000,3.383009,ok
0,False,33,8,0x0619d4d1900c2365,2267.074000,2364.661000,97.587000,3.383149,ok
0,False,34,8,0x0619d4d1900c2365,2255.568000,2356.738000,101.170000,3.394522,ok
0,False,35,8,0x0619d4d1900c2365,2255.567000,2356.629000,101.062000,3.394679,ok
0,False,36,8,0x0619d4d1900c2365,2263.445000,2370.169000,106.724000,3.375287,ok
0,False,37,8,0x0619d4d1900c2365,2263.534000,2370.284000,106.750000,3.375123,ok
0,False,38,8,0x0619d4d1900c2365,2276.983000,2375.484000,98.501000,3.367735,ok
0,False,39,8,0x0619d4d1900c2365,2276.980000,2375.480000,98.500000,3.367740,ok
0,False,40,8,0x0619d4d1900c2365,2285.052000,2389.266000,104.214000,3.348309,ok
0,False,41,8,0x0619d4d1900c2365,2285.049000,2389.163000,104.114000,3.348453,ok
0,False,42,8,0x0619d4d1900c2365,2297.801000,2399.918000,102.117000,3.333447,ok
0,False,43,8,0x0619d4d1900c2365,2297.798000,2399.914000,102.116000,3.333453,ok
0,False,44,8,0x0619d4d1900c2365,2307.586000,2411.273000,103.687000,3.317750,ok
0,False,45,8,0x0619d4d1900c2365,2307.584000,2411.183000,103.599000,3.317873,ok
0,False,46,8,0x0619d4d1900c2365,2320.229000,2426.221000,105.992000,3.297309,ok
0,False,47,8,0x0619d4d1900c2365,2320.343000,2426.318000,105.975000,3.297177,ok
0,False,48,8,0x0619d4d1900c2365,2334.530000,2441.262000,106.732000,3.276994,ok
0,False,49,8,0x0619d4d1900c2365,2334.527000,2441.349000,106.822000,3.276877,ok
0,False,50,8,0x0619d4d1900c2365,2349.552000,2453.569000,104.017000,3.260556,ok
0,False,51,8,0x0619d4d1900c2365,2349.549000,2453.677000,104.128000,3.260413,ok
0,False,52,8,0x0619d4d1900c2365,2362.120000,2472.194000,110.074000,3.235992,ok
0,False,53,8,0x0619d4d1900c2365,2362.118000,2472.296000,110.178000,3.235858,ok
0,False,54,8,0x0619d4d1900c2365,2379.265000,2493.893000,114.628000,3.207836,ok
0,False,55,8,0x0619d4d1900c2365,2379.008000,2493.779000,114.771000,3.207983,ok
0,False,56,8,0x0619d4d1900c2365,2400.660000,2501.913000,101.253000,3.197553,ok
0,False,57,8,0x0619d4d1900c2365,2400.669000,2501.911000,101.242000,3.197556,ok
0,False,58,8,0x0619d4d1900c2365,2409.609000,2512.328000,102.719000,3.184298,ok
0,False,59,8,0x0619d4d1900c2365,2409.597000,2512.317000,102.720000,3.184312,ok
0,False,60,8,0x0619d4d1900c2365,2417.816000,2519.750000,101.934000,3.174918,ok
0,False,61,8,0x0619d4d1900c2365,2417.812000,2519.746000,101.934000,3.174923,ok
0,False,62,8,0x0619d4d1900c2365,2424.659000,2528.069000,103.410000,3.164471,ok
0,False,63,8,0x0619d4d1900c2365,2424.654000,2527.949000,103.295000,3.164621,ok
0,False,64,8,0x0619d4d1900c2365,2432.938000,2534.250000,101.312000,3.156752,ok
0,False,65,8,0x0619d4d1900c2365,2432.932000,2534.244000,101.312000,3.156760,ok
0,False,66,8,0x0619d4d1900c2365,2436.150000,2539.340000,103.190000,3.150425,ok
0,False,67,8,0x0619d4d1900c2365,2436.146000,2539.337000,103.191000,3.150429,ok
0,False,68,8,0x0619d4d1900c2365,2434.984000,2544.815000,109.831000,3.143647,ok
0,False,69,8,0x0619d4d1900c2365,2434.982000,2544.932000,109.950000,3.143502,ok
0,False,70,8,0x0619d4d1900c2365,2450.409000,2551.482000,101.073000,3.135433,ok
0,False,71,8,0x0619d4d1900c2365,2450.405000,2551.478000,101.073000,3.135438,ok
0,False,72,8,0x0619d4d1900c2365,2446.582000,2547.633000,101.051000,3.140170,ok
0,False,73,8,0x0619d4d1900c2365,2446.581000,2547.631000,101.050000,3.140172,ok
0,False,74,8,0x0619d4d1900c2365,2444.266000,2553.609000,109.343000,3.132821,ok
0,False,75,8,0x0619d4d1900c2365,2444.262000,2553.705000,109.443000,3.132703,ok
0,False,76,8,0x0619d4d1900c2365,2448.696000,2554.398000,105.702000,3.131853,ok
0,False,77,8,0x0619d4d1900c2365,2448.692000,2554.497000,105.805000,3.131732,ok
0,False,78,8,0x0619d4d1900c2365,2446.091000,2546.381000,100.290000,3.141714,ok
0,False,79,8,0x0619d4d1900c2365,2446.088000,2546.378000,100.290000,3.141717,ok
0,False,80,8,0x0619d4d1900c2365,2439.306000,2542.929000,103.623000,3.145979,ok
0,False,81,8,0x0619d4d1900c2365,2439.645000,2543.026000,103.381000,3.145859,ok
0,False,82,8,0x0619d4d1900c2365,2438.051000,2547.786000,109.735000,3.139981,ok
0,False,83,8,0x0619d4d1900c2365,2437.938000,2547.668000,109.730000,3.140127,ok
0,False,84,8,0x0619d4d1900c2365,2438.062000,2545.150000,107.088000,3.143233,ok
0,False,85,8,0x0619d4d1900c2365,2438.063000,2545.252000,107.189000,3.143107,ok
0,False,86,8,0x0619d4d1900c2365,2429.296000,2534.465000,105.169000,3.156485,ok
0,False,87,8,0x0619d4d1900c2365,2429.293000,2534.463000,105.170000,3.156487,ok
0,False,88,8,0x0619d4d1900c2365,2432.455000,2532.644000,100.189000,3.158754,ok
0,False,89,8,0x0619d4d1900c2365,2432.451000,2532.641000,100.190000,3.158758,ok
0,False,90,8,0x0619d4d1900c2365,2428.491000,2535.933000,107.442000,3.154657,ok
0,False,91,8,0x0619d4d1900c2365,2428.588000,2536.033000,107.445000,3.154533,ok
0,False,92,8,0x0619d4d1900c2365,2431.442000,2534.096000,102.654000,3.156944,ok
0,False,93,8,0x0619d4d1900c2365,2431.438000,2534.091000,102.653000,3.156951,ok
0,False,94,8,0x0619d4d1900c2365,2429.477000,2531.786000,102.309000,3.159825,ok
0,False,95,8,0x0619d4d1900c2365,2429.474000,2531.681000,102.207000,3.159956,ok
0,False,96,8,0x0619d4d1900c2365,2430.095000,2529.886000,99.791000,3.162198,ok
0,False,97,8,0x0619d4d1900c2365,2430.091000,2529.883000,99.792000,3.162202,ok
0,False,98,8,0x0619d4d1900c2365,2426.397000,2526.114000,99.717000,3.166920,ok
0,False,99,8,0x0619d4d1900c2365,2426.397000,2526.113000,99.716000,3.166921,ok
0,False,100,8,0x0619d4d1900c2365,2415.394000,2524.973000,109.579000,3.168351,ok
0,False,101,8,0x0619d4d1900c2365,2415.391000,2524.872000,109.481000,3.168477,ok
0,False,102,8,0x0619d4d1900c2365,2422.602000,2527.078000,104.476000,3.165712,ok
0,False,103,8,0x0619d4d1900c2365,2422.600000,2527.192000,104.592000,3.165569,ok
0,False,104,8,0x0619d4d1900c2365,2425.215000,2525.043000,99.828000,3.168263,ok
0,False,105,8,0x0619d4d1900c2365,2425.212000,2524.938000,99.726000,3.168395,ok
0,False,106,8,0x0619d4d1900c2365,2416.144000,2527.083000,110.939000,3.165705,ok
0,False,107,8,0x0619d4d1900c2365,2416.141000,2527.080000,110.939000,3.165709,ok
0,False,108,8,0x0619d4d1900c2365,2421.575000,2521.141000,99.566000,3.173166,ok
0,False,109,8,0x0619d4d1900c2365,2421.467000,2521.137000,99.670000,3.173171,ok
0,False,110,8,0x0619d4d1900c2365,2422.527000,2528.985000,106.458000,3.163324,ok
0,False,111,8,0x0619d4d1900c2365,2422.525000,2529.093000,106.568000,3.163189,ok
0,False,112,8,0x0619d4d1900c2365,2424.256000,2525.659000,101.403000,3.167490,ok
0,False,113,8,0x0619d4d1900c2365,2424.255000,2525.766000,101.511000,3.167356,ok
0,False,114,8,0x0619d4d1900c2365,2415.118000,2514.563000,99.445000,3.181467,ok
0,False,115,8,0x0619d4d1900c2365,2415.115000,2514.561000,99.446000,3.181470,ok
0,False,116,8,0x0619d4d1900c2365,2407.177000,2506.164000,98.987000,3.192129,ok
0,False,117,8,0x0619d4d1900c2365,2407.083000,2506.161000,99.078000,3.192133,ok
0,False,118,8,0x0619d4d1900c2365,2401.315000,2504.216000,102.901000,3.194613,ok
0,False,119,8,0x0619d4d1900c2365,2401.198000,2504.117000,102.919000,3.194739,ok
0,False,120,8,0x0619d4d1900c2365,2401.603000,2503.275000,101.672000,3.195813,ok
0,False,121,8,0x0619d4d1900c2365,2401.585000,2503.175000,101.590000,3.195941,ok
0,False,122,8,0x0619d4d1900c2365,2396.794000,2496.102000,99.308000,3.204997,ok
0,False,123,8,0x0619d4d1900c2365,2395.521000,2494.830000,99.309000,3.206631,ok
0,False,124,8,0x0619d4d1900c2365,2393.071000,2495.671000,102.600000,3.205551,ok
0,False,125,8,0x0619d4d1900c2365,2393.068000,2495.769000,102.701000,3.205425,ok
0,False,126,8,0x0619d4d1900c2365,2392.891000,2494.291000,101.400000,3.207324,ok
0,False,127,8,0x0619d4d1900c2365,2392.888000,2494.288000,101.400000,3.207328,ok
0,False,128,8,0x0619d4d1900c2365,2394.475000,2494.268000,99.793000,3.207354,ok
0,False,129,8,0x0619d4d1900c2365,2394.473000,2494.266000,99.793000,3.207356,ok
0,False,130,8,0x0619d4d1900c2365,2394.818000,2494.296000,99.478000,3.207318,ok
0,False,131,8,0x0619d4d1900c2365,2394.818000,2494.202000,99.384000,3.207439,ok
0,False,132,8,0x0619d4d1900c2365,2383.471000,2482.608000,99.137000,3.222418,ok
0,False,133,8,0x0619d4d1900c2365,2383.387000,2482.605000,99.218000,3.222422,ok
0,False,134,8,0x0619d4d1900c2365,2377.726000,2485.162000,107.436000,3.219106,ok
0,False,135,8,0x0619d4d1900c2365,2377.391000,2485.284000,107.893000,3.218948,ok
0,False,136,8,0x0619d4d1900c2365,2385.303000,2491.078000,105.775000,3.211461,ok
0,False,137,8,0x0619d4d1900c2365,2385.386000,2491.061000,105.675000,3.211483,ok
0,False,138,8,0x0619d4d1900c2365,2381.198000,2489.327000,108.129000,3.213720,ok
0,False,139,8,0x0619d4d1900c2365,2381.197000,2489.053000,107.856000,3.214074,ok
0,False,140,8,0x0619d4d1900c2365,2388.855000,2501.179000,112.324000,3.198492,ok
0,False,141,8,0x0619d4d1900c2365,2389.273000,2501.294000,112.021000,3.198345,ok
0,False,142,8,0x0619d4d1900c2365,2394.642000,2494.463000,99.821000,3.207103,ok
0,False,143,8,0x0619d4d1900c2365,2394.532000,2494.460000,99.928000,3.207107,ok
0,False,144,8,0x0619d4d1900c2365,2393.750000,2494.911000,101.161000,3.206527,ok
0,False,145,8,0x0619d4d1900c2365,2393.746000,2494.906000,101.160000,3.206534,ok
0,False,146,8,0x0619d4d1900c2365,2396.740000,2497.127000,100.387000,3.203682,ok
0,False,147,8,0x0619d4d1900c2365,2396.740000,2497.232000,100.492000,3.203547,ok
0,False,148,8,0x0619d4d1900c2365,2397.663000,2500.553000,102.890000,3.199292,ok
0,False,149,8,0x0619d4d1900c2365,2397.657000,2500.322000,102.665000,3.199588,ok
0,False,150,8,0x0619d4d1900c2365,2397.604000,2506.227000,108.623000,3.192049,ok
0,False,151,8,0x0619d4d1900c2365,2397.824000,2506.319000,108.495000,3.191932,ok
0,False,152,8,0x0619d4d1900c2365,2406.427000,2507.140000,100.713000,3.190887,ok
0,False,153,8,0x0619d4d1900c2365,2406.425000,2507.137000,100.712000,3.190891,ok
0,False,154,8,0x0619d4d1900c2365,2408.158000,2510.084000,101.926000,3.187144,ok
0,False,155,8,0x0619d4d1900c2365,2408.155000,2510.081000,101.926000,3.187148,ok
0,False,156,8,0x0619d4d1900c2365,2407.876000,2507.863000,99.987000,3.189967,ok
0,False,157,8,0x0619d4d1900c2365,2407.873000,2507.860000,99.987000,3.189971,ok
0,False,158,8,0x0619d4d1900c2365,2406.359000,2506.889000,100.530000,3.191206,ok
0,False,159,8,0x0619d4d1900c2365,2406.599000,2506.885000,100.286000,3.191211,ok
0,False,160,8,0x0619d4d1900c2365,2407.868000,2517.658000,109.790000,3.177556,ok
0,False,161,8,0x0619d4d1900c2365,2407.865000,2517.749000,109.884000,3.177441,ok
0,False,162,8,0x0619d4d1900c2365,2416.831000,2519.915000,103.084000,3.174710,ok
0,False,163,8,0x0619d4d1900c2365,2416.830000,2519.912000,103.082000,3.174714,ok
0,False,164,8,0x0619d4d1900c2365,2421.463000,2520.673000,99.210000,3.173756,ok
0,False,165,8,0x0619d4d1900c2365,2421.493000,2520.669000,99.176000,3.173761,ok
0,False,166,8,0x0619d4d1900c2365,2412.787000,2516.229000,103.442000,3.179361,ok
0,False,167,8,0x0619d4d1900c2365,2412.783000,2516.119000,103.336000,3.179500,ok
0,False,168,8,0x0619d4d1900c2365,2410.249000,2517.459000,107.210000,3.177807,ok
0,False,169,8,0x0619d4d1900c2365,2410.248000,2517.372000,107.124000,3.177917,ok
0,False,170,8,0x0619d4d1900c2365,2408.461000,2509.314000,100.853000,3.188122,ok
0,False,171,8,0x0619d4d1900c2365,2408.458000,2509.416000,100.958000,3.187993,ok
0,False,172,8,0x0619d4d1900c2365,2397.231000,2499.518000,102.287000,3.200617,ok
0,False,173,8,0x0619d4d1900c2365,2397.226000,2499.504000,102.278000,3.200635,ok
0,False,174,8,0x0619d4d1900c2365,2398.970000,2499.250000,100.280000,3.200960,ok
0,False,175,8,0x0619d4d1900c2365,2398.936000,2499.246000,100.310000,3.200965,ok
0,False,176,8,0x0619d4d1900c2365,2398.163000,2501.470000,103.307000,3.198120,ok
0,False,177,8,0x0619d4d1900c2365,2398.274000,2501.469000,103.195000,3.198121,ok
0,False,178,8,0x0619d4d1900c2365,2400.420000,2503.848000,103.428000,3.195082,ok
0,False,179,8,0x0619d4d1900c2365,2400.416000,2503.944000,103.528000,3.194960,ok
0,False,180,8,0x0619d4d1900c2365,2399.598000,2501.979000,102.381000,3.197469,ok
0,False,181,8,0x0619d4d1900c2365,2399.710000,2502.066000,102.356000,3.197358,ok
0,False,182,8,0x0619d4d1900c2365,2393.300000,2494.636000,101.336000,3.206881,ok
0,False,183,8,0x0619d4d1900c2365,2393.296000,2494.536000,101.240000,3.207009,ok
0,False,184,8,0x0619d4d1900c2365,2393.652000,2492.959000,99.307000,3.209038,ok
0,False,185,8,0x0619d4d1900c2365,2393.650000,2492.957000,99.307000,3.209041,ok
0,False,186,8,0x0619d4d1900c2365,2389.590000,2492.979000,103.389000,3.209012,ok
0,False,187,8,0x0619d4d1900c2365,2389.586000,2493.091000,103.505000,3.208868,ok
0,False,188,8,0x0619d4d1900c2365,2393.584000,2500.980000,107.396000,3.198746,ok
0,False,189,8,0x0619d4d1900c2365,2393.580000,2500.946000,107.366000,3.198790,ok
0,False,190,8,0x0619d4d1900c2365,2400.420000,2505.862000,105.442000,3.192514,ok
0,False,191,8,0x0619d4d1900c2365,2400.315000,2505.768000,105.453000,3.192634,ok
0,False,192,8,0x0619d4d1900c2365,2395.436000,2495.467000,100.031000,3.205813,ok
0,False,193,8,0x0619d4d1900c2365,2394.156000,2494.186000,100.030000,3.207459,ok
0,False,194,8,0x0619d4d1900c2365,2391.951000,2494.324000,102.373000,3.207282,ok
0,False,195,8,0x0619d4d1900c2365,2391.948000,2494.321000,102.373000,3.207286,ok
0,False,196,8,0x0619d4d1900c2365,2395.751000,2496.743000,100.992000,3.204174,ok
0,False,197,8,0x0619d4d1900c2365,2395.747000,2496.741000,100.994000,3.204177,ok
0,False,198,8,0x0619d4d1900c2365,2392.714000,2492.721000,100.007000,3.209344,ok
0,False,199,8,0x0619d4d1900c2365,2392.712000,2492.718000,100.006000,3.209348,ok
1,False,0,8,0x0619d4d1900c2365,60.443000,155.551000,95.108000,51.430078,ok
1,False,1,8,0x0619d4d1900c2365,60.430000,155.539000,95.109000,51.434045,ok
1,False,2,8,0x0619d4d1900c2365,206.297000,300.835000,94.538000,26.592650,ok
1,False,3,8,0x0619d4d1900c2365,206.503000,300.835000,94.332000,26.592650,ok
1,False,4,8,0x0619d4d1900c2365,352.164000,447.732000,95.568000,17.867832,ok
1,False,5,8,0x0619d4d1900c2365,352.166000,447.732000,95.566000,17.867832,ok
1,False,6,8,0x0619d4d1900c2365,499.353000,621.917000,122.564000,12.863453,ok
1,False,7,8,0x0619d4d1900c2365,501.339000,623.867000,122.528000,12.823246,ok
1,False,8,8,0x0619d4d1900c2365,673.435000,796.289000,122.854000,10.046604,ok
1,False,9,8,0x0619d4d1900c2365,675.800000,798.073000,122.273000,10.024146,ok
1,False,10,8,0x0619d4d1900c2365,847.778000,970.773000,122.995000,8.240855,ok
1,False,11,8,0x0619d4d1900c2365,850.470000,972.543000,122.073000,8.225857,ok
1,False,12,8,0x0619d4d1900c2365,1022.752000,1144.945000,122.193000,6.987235,ok
1,False,13,8,0x0619d4d1900c2365,1025.170000,1145.038000,119.868000,6.986668,ok
1,False,14,8,0x0619d4d1900c2365,1197.674000,1295.397000,97.723000,6.175713,ok
1,False,15,8,0x0619d4d1900c2365,1197.674000,1295.397000,97.723000,6.175713,ok
1,False,16,8,0x0619d4d1900c2365,1348.520000,1446.735000,98.215000,5.529693,ok
1,False,17,8,0x0619d4d1900c2365,1348.520000,1446.734000,98.214000,5.529697,ok
1,False,18,8,0x0619d4d1900c2365,1499.906000,1596.860000,96.954000,5.009832,ok
1,False,19,8,0x0619d4d1900c2365,1500.009000,1596.859000,96.850000,5.009835,ok
1,False,20,8,0x0619d4d1900c2365,1649.959000,1747.644000,97.685000,4.577591,ok
1,False,21,8,0x0619d4d1900c2365,1649.959000,1747.644000,97.685000,4.577591,ok
1,False,22,8,0x0619d4d1900c2365,1800.320000,1898.815000,98.495000,4.213154,ok
1,False,23,8,0x0619d4d1900c2365,1800.320000,1898.815000,98.495000,4.213154,ok
1,False,24,8,0x0619d4d1900c2365,1951.168000,2051.173000,100.005000,3.900207,ok
1,False,25,8,0x0619d4d1900c2365,1951.168000,2051.175000,100.007000,3.900204,ok
1,False,26,8,0x0619d4d1900c2365,2106.597000,2207.891000,101.294000,3.623367,ok
1,False,27,8,0x0619d4d1900c2365,2106.597000,2207.891000,101.294000,3.623367,ok
1,False,28,8,0x0619d4d1900c2365,2262.891000,2366.615000,103.724000,3.380355,ok
1,False,29,8,0x0619d4d1900c2365,2262.889000,2366.615000,103.726000,3.380355,ok
1,False,30,8,0x0619d4d1900c2365,2421.688000,2526.009000,104.321000,3.167051,ok
1,False,31,8,0x0619d4d1900c2365,2421.694000,2526.128000,104.434000,3.166902,ok
1,False,32,8,0x0619d4d1900c2365,2424.386000,2536.852000,112.466000,3.153515,ok
1,False,33,8,0x0619d4d1900c2365,2424.499000,2536.846000,112.347000,3.153522,ok
1,False,34,8,0x0619d4d1900c2365,2446.827000,2549.000000,102.173000,3.138486,ok
1,False,35,8,0x0619d4d1900c2365,2446.758000,2548.934000,102.176000,3.138567,ok
1,False,36,8,0x0619d4d1900c2365,2459.003000,2561.509000,102.506000,3.123159,ok
1,False,37,8,0x0619d4d1900c2365,2458.997000,2561.505000,102.508000,3.123164,ok
1,False,38,8,0x0619d4d1900c2365,2442.340000,2551.992000,109.652000,3.134806,ok
1,False,39,8,0x0619d4d1900c2365,2440.965000,2550.627000,109.662000,3.136484,ok
1,False,40,8,0x0619d4d1900c2365,2433.408000,2539.600000,106.192000,3.150102,ok
1,False,41,8,0x0619d4d1900c2365,2430.943000,2537.133000,106.190000,3.153165,ok
1,False,42,8,0x0619d4d1900c2365,2419.413000,2530.478000,111.065000,3.161458,ok
1,False,43,8,0x0619d4d1900c2365,2418.161000,2529.026000,110.865000,3.163273,ok
1,False,44,8,0x0619d4d1900c2365,2411.109000,2512.843000,101.734000,3.183645,ok
1,False,45,8,0x0619d4d1900c2365,2411.105000,2512.840000,101.735000,3.183649,ok
1,False,46,8,0x0619d4d1900c2365,2418.408000,2519.978000,101.570000,3.174631,ok
1,False,47,8,0x0619d4d1900c2365,2418.411000,2519.973000,101.562000,3.174637,ok
1,False,48,8,0x0619d4d1900c2365,2425.877000,2531.784000,105.907000,3.159827,ok
1,False,49,8,0x0619d4d1900c2365,2425.876000,2531.782000,105.906000,3.159830,ok
1,False,50,8,0x0619d4d1900c2365,2436.209000,2544.145000,107.936000,3.144475,ok
1,False,51,8,0x0619d4d1900c2365,2436.205000,2544.234000,108.029000,3.144365,ok
1,False,52,8,0x0619d4d1900c2365,2448.017000,2554.146000,106.129000,3.132162,ok
1,False,53,8,0x0619d4d1900c2365,2448.015000,2554.026000,106.011000,3.132310,ok
1,False,54,8,0x0619d4d1900c2365,2457.828000,2560.591000,102.763000,3.124279,ok
1,False,55,8,0x0619d4d1900c2365,2457.823000,2560.584000,102.761000,3.124287,ok
1,False,56,8,0x0619d4d1900c2365,2462.345000,2564.729000,102.384000,3.119238,ok
1,False,57,8,0x0619d4d1900c2365,2462.341000,2564.724000,102.383000,3.119244,ok
1,False,58,8,0x0619d4d1900c2365,2463.079000,2567.370000,104.291000,3.116029,ok
1,False,59,8,0x0619d4d1900c2365,2463.075000,2567.366000,104.291000,3.116034,ok
1,False,60,8,0x0619d4d1900c2365,2464.081000,2571.401000,107.320000,3.111144,ok
1,False,61,8,0x0619d4d1900c2365,2464.078000,2571.290000,107.212000,3.111279,ok
1,False,62,8,0x0619d4d1900c2365,2466.045000,2568.051000,102.006000,3.115203,ok
1,False,63,8,0x0619d4d1900c2365,2466.042000,2568.142000,102.100000,3.115093,ok
1,False,64,8,0x0619d4d1900c2365,2454.978000,2557.055000,102.077000,3.128599,ok
1,False,65,8,0x0619d4d1900c2365,2454.968000,2557.171000,102.203000,3.128457,ok
1,False,66,8,0x0619d4d1900c2365,2453.548000,2556.070000,102.522000,3.129805,ok
1,False,67,8,0x0619d4d1900c2365,2453.444000,2556.065000,102.621000,3.129811,ok
1,False,68,8,0x0619d4d1900c2365,2451.843000,2554.755000,102.912000,3.131416,ok
1,False,69,8,0x0619d4d1900c2365,2451.839000,2554.751000,102.912000,3.131421,ok
1,False,70,8,0x0619d4d1900c2365,2444.853000,2547.378000,102.525000,3.140484,ok
1,False,71,8,0x0619d4d1900c2365,2444.852000,2547.494000,102.642000,3.140341,ok
1,False,72,8,0x0619d4d1900c2365,2438.813000,2543.878000,105.065000,3.144805,ok
1,False,73,8,0x0619d4d1900c2365,2439.076000,2543.872000,104.796000,3.144812,ok
1,False,74,8,0x0619d4d1900c2365,2431.958000,2533.659000,101.701000,3.157489,ok
1,False,75,8,0x0619d4d1900c2365,2431.958000,2533.659000,101.701000,3.157489,ok
1,False,76,8,0x0619d4d1900c2365,2432.234000,2535.586000,103.352000,3.155089,ok
1,False,77,8,0x0619d4d1900c2365,2432.233000,2535.585000,103.352000,3.155090,ok
1,False,78,8,0x0619d4d1900c2365,2432.314000,2536.922000,104.608000,3.153428,ok
1,False,79,8,0x0619d4d1900c2365,2432.287000,2537.018000,104.731000,3.153308,ok
1,False,80,8,0x0619d4d1900c2365,2428.969000,2530.811000,101.842000,3.161042,ok
1,False,81,8,0x0619d4d1900c2365,2428.968000,2530.810000,101.842000,3.161043,ok
1,False,82,8,0x0619d4d1900c2365,2421.585000,2523.439000,101.854000,3.170277,ok
1,False,83,8,0x0619d4d1900c2365,2421.580000,2523.433000,101.853000,3.170284,ok
1,False,84,8,0x0619d4d1900c2365,2418.597000,2524.002000,105.405000,3.169570,ok
1,False,85,8,0x0619d4d1900c2365,2418.592000,2523.999000,105.407000,3.169573,ok
1,False,86,8,0x0619d4d1900c2365,2423.102000,2535.188000,112.086000,3.155585,ok
1,False,87,8,0x0619d4d1900c2365,2421.154000,2535.082000,113.928000,3.155716,ok
1,False,88,8,0x0619d4d1900c2365,2433.852000,2535.290000,101.438000,3.155458,ok
1,False,89,8,0x0619d4d1900c2365,2433.851000,2535.242000,101.391000,3.155517,ok
1,False,90,8,0x0619d4d1900c2365,2430.555000,2531.893000,101.338000,3.159691,ok
1,False,91,8,0x0619d4d1900c2365,2430.553000,2531.892000,101.339000,3.159692,ok
1,False,92,8,0x0619d4d1900c2365,2423.075000,2525.894000,102.819000,3.167195,ok
1,False,93,8,0x0619d4d1900c2365,2423.071000,2525.889000,102.818000,3.167202,ok
1,False,94,8,0x0619d4d1900c2365,2424.890000,2529.483000,104.593000,3.162702,ok
1,False,95,8,0x0619d4d1900c2365,2424.889000,2529.478000,104.589000,3.162708,ok
1,False,96,8,0x0619d4d1900c2365,2428.569000,2529.887000,101.318000,3.162197,ok
1,False,97,8,0x0619d4d1900c2365,2428.569000,2529.887000,101.318000,3.162197,ok
1,False,98,8,0x0619d4d1900c2365,2427.062000,2528.305000,101.243000,3.164175,ok
1,False,99,8,0x0619d4d1900c2365,2427.058000,2528.301000,101.243000,3.164180,ok
1,False,100,8,0x0619d4d1900c2365,2426.594000,2527.952000,101.358000,3.164617,ok
1,False,101,8,0x0619d4d1900c2365,2426.591000,2527.951000,101.360000,3.164618,ok
1,False,102,8,0x0619d4d1900c2365,2424.710000,2531.231000,106.521000,3.160518,ok
1,False,103,8,0x0619d4d1900c2365,2424.707000,2531.327000,106.620000,3.160398,ok
1,False,104,8,0x0619d4d1900c2365,2425.443000,2529.912000,104.469000,3.162165,ok
1,False,105,8,0x0619d4d1900c2365,2425.440000,2529.809000,104.369000,3.162294,ok
1,False,106,8,0x0619d4d1900c2365,2429.268000,2533.934000,104.666000,3.157146,ok
1,False,107,8,0x0619d4d1900c2365,2429.267000,2533.737000,104.470000,3.157392,ok
1,False,108,8,0x0619d4d1900c2365,2429.552000,2532.248000,102.696000,3.159248,ok
1,False,109,8,0x0619d4d1900c2365,2429.551000,2532.344000,102.793000,3.159128,ok
1,False,110,8,0x0619d4d1900c2365,2427.569000,2530.998000,103.429000,3.160809,ok
1,False,111,8,0x0619d4d1900c2365,2427.683000,2530.997000,103.314000,3.160810,ok
1,False,112,8,0x0619d4d1900c2365,2429.785000,2541.771000,111.986000,3.147412,ok
1,False,113,8,0x0619d4d1900c2365,2429.784000,2541.659000,111.875000,3.147550,ok
1,False,114,8,0x0619d4d1900c2365,2438.462000,2539.905000,101.443000,3.149724,ok
1,False,115,8,0x0619d4d1900c2365,2438.468000,2539.904000,101.436000,3.149725,ok
1,False,116,8,0x0619d4d1900c2365,2433.658000,2536.276000,102.618000,3.154231,ok
1,False,117,8,0x0619d4d1900c2365,2433.769000,2536.272000,102.503000,3.154236,ok
1,False,118,8,0x0619d4d1900c2365,2422.698000,2525.827000,103.129000,3.167279,ok
1,False,119,8,0x0619d4d1900c2365,2422.786000,2525.725000,102.939000,3.167407,ok
1,False,120,8,0x0619d4d1900c2365,2422.995000,2526.490000,103.495000,3.166448,ok
1,False,121,8,0x0619d4d1900c2365,2422.991000,2526.487000,103.496000,3.166452,ok
1,False,122,8,0x0619d4d1900c2365,2425.595000,2528.641000,103.046000,3.163755,ok
1,False,123,8,0x0619d4d1900c2365,2425.594000,2528.638000,103.044000,3.163759,ok
1,False,124,8,0x0619d4d1900c2365,2427.567000,2533.027000,105.460000,3.158277,ok
1,False,125,8,0x0619d4d1900c2365,2427.562000,2532.925000,105.363000,3.158404,ok
1,False,126,8,0x0619d4d1900c2365,2427.329000,2528.811000,101.482000,3.163542,ok
1,False,127,8,0x0619d4d1900c2365,2427.328000,2528.810000,101.482000,3.163543,ok
1,False,128,8,0x0619d4d1900c2365,2425.822000,2529.851000,104.029000,3.162242,ok
1,False,129,8,0x0619d4d1900c2365,2426.057000,2529.842000,103.785000,3.162253,ok
1,False,130,8,0x0619d4d1900c2365,2429.291000,2536.046000,106.755000,3.154517,ok
1,False,131,8,0x0619d4d1900c2365,2428.968000,2536.045000,107.077000,3.154518,ok
1,False,132,8,0x0619d4d1900c2365,2434.840000,2539.665000,104.825000,3.150022,ok
1,False,133,8,0x0619d4d1900c2365,2434.954000,2539.766000,104.812000,3.149896,ok
1,False,134,8,0x0619d4d1900c2365,2433.193000,2534.557000,101.364000,3.156370,ok
1,False,135,8,0x0619d4d1900c2365,2433.191000,2534.555000,101.364000,3.156373,ok
1,False,136,8,0x0619d4d1900c2365,2431.900000,2532.858000,100.958000,3.158487,ok
1,False,137,8,0x0619d4d1900c2365,2431.897000,2532.854000,100.957000,3.158492,ok
1,False,138,8,0x0619d4d1900c2365,2430.064000,2538.917000,108.853000,3.150950,ok
1,False,139,8,0x0619d4d1900c2365,2430.063000,2538.743000,108.680000,3.151166,ok
1,False,140,8,0x0619d4d1900c2365,2435.256000,2547.727000,112.471000,3.140054,ok
1,False,141,8,0x0619d4d1900c2365,2435.736000,2547.632000,111.896000,3.140171,ok
1,False,142,8,0x0619d4d1900c2365,2443.912000,2546.865000,102.953000,3.141117,ok
1,False,143,8,0x0619d4d1900c2365,2443.909000,2546.861000,102.952000,3.141122,ok
1,False,144,8,0x0619d4d1900c2365,2436.037000,2537.842000,101.805000,3.152284,ok
1,False,145,8,0x0619d4d1900c2365,2436.035000,2537.842000,101.807000,3.152284,ok
1,False,146,8,0x0619d4d1900c2365,2437.685000,2540.953000,103.268000,3.148425,ok
1,False,147,8,0x0619d4d1900c2365,2437.760000,2541.065000,103.305000,3.148286,ok
1,False,148,8,0x0619d4d1900c2365,2438.438000,2540.829000,102.391000,3.148579,ok
1,False,149,8,0x0619d4d1900c2365,2438.433000,2540.826000,102.393000,3.148582,ok
1,False,150,8,0x0619d4d1900c2365,2438.584000,2541.508000,102.924000,3.147737,ok
1,False,151,8,0x0619d4d1900c2365,2438.580000,2541.411000,102.831000,3.147858,ok
1,False,152,8,0x0619d4d1900c2365,2437.790000,2539.365000,101.575000,3.150394,ok
1,False,153,8,0x0619d4d1900c2365,2437.786000,2539.361000,101.575000,3.150399,ok
1,False,154,8,0x0619d4d1900c2365,2435.622000,2537.462000,101.840000,3.152757,ok
1,False,155,8,0x0619d4d1900c2365,2435.529000,2537.456000,101.927000,3.152764,ok
1,False,156,8,0x0619d4d1900c2365,2433.418000,2539.275000,105.857000,3.150506,ok
1,False,157,8,0x0619d4d1900c2365,2433.419000,2539.273000,105.854000,3.150508,ok
1,False,158,8,0x0619d4d1900c2365,2438.473000,2540.706000,102.233000,3.148731,ok
1,False,159,8,0x0619d4d1900c2365,2438.471000,2540.703000,102.232000,3.148735,ok
1,False,160,8,0x0619d4d1900c2365,2436.632000,2537.922000,101.290000,3.152185,ok
1,False,161,8,0x0619d4d1900c2365,2436.631000,2537.917000,101.286000,3.152191,ok
1,False,162,8,0x0619d4d1900c2365,2430.076000,2533.286000,103.210000,3.157954,ok
1,False,163,8,0x0619d4d1900c2365,2429.963000,2533.281000,103.318000,3.157960,ok
1,False,164,8,0x0619d4d1900c2365,2427.842000,2535.656000,107.814000,3.155002,ok
1,False,165,8,0x0619d4d1900c2365,2427.840000,2535.745000,107.905000,3.154891,ok
1,False,166,8,0x0619d4d1900c2365,2435.442000,2558.065000,122.623000,3.127364,ok
1,False,167,8,0x0619d4d1900c2365,2435.843000,2560.213000,124.370000,3.124740,ok
1,False,168,8,0x0619d4d1900c2365,2455.591000,2580.018000,124.427000,3.100754,ok
1,False,169,8,0x0619d4d1900c2365,2458.112000,2581.380000,123.268000,3.099118,ok
1,False,170,8,0x0619d4d1900c2365,2469.185000,2582.944000,113.759000,3.097241,ok
1,False,171,8,0x0619d4d1900c2365,2470.753000,2582.942000,112.189000,3.097243,ok
1,False,172,8,0x0619d4d1900c2365,2472.784000,2574.044000,101.260000,3.107950,ok
1,False,173,8,0x0619d4d1900c2365,2472.782000,2574.042000,101.260000,3.107952,ok
1,False,174,8,0x0619d4d1900c2365,2470.782000,2573.233000,102.451000,3.108930,ok
1,False,175,8,0x0619d4d1900c2365,2470.888000,2573.229000,102.341000,3.108934,ok
1,False,176,8,0x0619d4d1900c2365,2471.679000,2576.741000,105.062000,3.104697,ok
1,False,177,8,0x0619d4d1900c2365,2471.677000,2576.737000,105.060000,3.104702,ok
1,False,178,8,0x0619d4d1900c2365,2474.662000,2581.321000,106.659000,3.099188,ok
1,False,179,8,0x0619d4d1900c2365,2473.389000,2580.153000,106.764000,3.100591,ok
1,False,180,8,0x0619d4d1900c2365,2478.197000,2580.617000,102.420000,3.100034,ok
1,False,181,8,0x0619d4d1900c2365,2478.198000,2580.616000,102.418000,3.100035,ok
1,False,182,8,0x0619d4d1900c2365,2476.821000,2578.372000,101.551000,3.102733,ok
1,False,183,8,0x0619d4d1900c2365,2476.820000,2578.369000,101.549000,3.102737,ok
1,False,184,8,0x0619d4d1900c2365,2477.231000,2580.680000,103.449000,3.099958,ok
1,False,185,8,0x0619d4d1900c2365,2477.132000,2580.677000,103.545000,3.099962,ok
1,False,186,8,0x0619d4d1900c2365,2479.286000,2584.089000,104.803000,3.095869,ok
1,False,187,8,0x0619d4d1900c2365,2479.285000,2584.088000,104.803000,3.095870,ok
1,False,188,8,0x0619d4d1900c2365,2476.412000,2579.244000,102.832000,3.101684,ok
1,False,189,8,0x0619d4d1900c2365,2476.204000,2579.335000,103.131000,3.101575,ok
1,False,190,8,0x0619d4d1900c2365,2477.441000,2579.496000,102.055000,3.101381,ok
1,False,191,8,0x0619d4d1900c2365,2477.437000,2579.402000,101.965000,3.101494,ok
1,False,192,8,0x0619d4d1900c2365,2477.406000,2583.790000,106.384000,3.096227,ok
1,False,193,8,0x0619d4d1900c2365,2477.483000,2583.787000,106.304000,3.096230,ok
1,False,194,8,0x0619d4d1900c2365,2480.997000,2585.451000,104.454000,3.094238,ok
1,False,195,8,0x0619d4d1900c2365,2481.082000,2585.447000,104.365000,3.094243,ok
1,False,196,8,0x0619d4d1900c2365,2478.672000,2580.834000,102.162000,3.099773,ok
1,False,197,8,0x0619d4d1900c2365,2478.670000,2580.831000,102.161000,3.099777,ok
1,False,198,8,0x0619d4d1900c2365,2459.756000,2561.250000,101.494000,3.123475,ok
1,False,199,8,0x0619d4d1900c2365,2457.175000,2558.686000,101.511000,3.126605,ok
2,False,0,8,0x0619d4d1900c2365,52.842000,138.350000,85.508000,57.824359,ok
2,False,1,8,0x0619d4d1900c2365,52.832000,138.340000,85.508000,57.828538,ok
2,False,2,8,0x0619d4d1900c2365,185.426000,272.840000,87.414000,29.321214,ok
2,False,3,8,0x0619d4d1900c2365,185.542000,272.839000,87.297000,29.321321,ok
2,False,4,8,0x0619d4d1900c2365,320.450000,410.256000,89.806000,19.500020,ok
2,False,5,8,0x0619d4d1900c2365,320.450000,410.255000,89.805000,19.500067,ok
2,False,6,8,0x0619d4d1900c2365,459.328000,549.237000,89.909000,14.565661,ok
2,False,7,8,0x0619d4d1900c2365,459.328000,549.237000,89.909000,14.565661,ok
2,False,8,8,0x0619d4d1900c2365,598.090000,688.251000,90.161000,11.623666,ok
2,False,9,8,0x0619d4d1900c2365,598.090000,688.251000,90.161000,11.623666,ok
2,False,10,8,0x0619d4d1900c2365,738.054000,829.064000,91.010000,9.649436,ok
2,False,11,8,0x0619d4d1900c2365,737.936000,829.065000,91.129000,9.649424,ok
2,False,12,8,0x0619d4d1900c2365,878.458000,970.103000,91.645000,8.246547,ok
2,False,13,8,0x0619d4d1900c2365,878.371000,970.103000,91.732000,8.246547,ok
2,False,14,8,0x0619d4d1900c2365,1019.662000,1111.121000,91.459000,7.199936,ok
2,False,15,8,0x0619d4d1900c2365,1019.672000,1111.121000,91.449000,7.199936,ok
2,False,16,8,0x0619d4d1900c2365,1161.080000,1252.868000,91.788000,6.385349,ok
2,False,17,8,0x0619d4d1900c2365,1161.159000,1252.868000,91.709000,6.385349,ok
2,False,18,8,0x0619d4d1900c2365,1303.140000,1394.677000,91.537000,5.736095,ok
2,False,19,8,0x0619d4d1900c2365,1303.140000,1394.677000,91.537000,5.736095,ok
2,False,20,8,0x0619d4d1900c2365,1445.123000,1537.010000,91.887000,5.204911,ok
2,False,21,8,0x0619d4d1900c2365,1445.123000,1537.011000,91.888000,5.204907,ok
2,False,22,8,0x0619d4d1900c2365,1587.027000,1679.150000,92.123000,4.764315,ok
2,False,23,8,0x0619d4d1900c2365,1587.014000,1679.144000,92.130000,4.764332,ok
2,False,24,8,0x0619d4d1900c2365,1729.447000,1823.001000,93.554000,4.388368,ok
2,False,25,8,0x0619d4d1900c2365,1729.447000,1823.000000,93.553000,4.388371,ok
2,False,26,8,0x0619d4d1900c2365,1873.715000,1966.966000,93.251000,4.067178,ok
2,False,27,8,0x0619d4d1900c2365,1873.715000,1966.973000,93.258000,4.067163,ok
2,False,28,8,0x0619d4d1900c2365,2018.359000,2111.040000,92.681000,3.789601,ok
2,False,29,8,0x0619d4d1900c2365,2018.359000,2111.038000,92.679000,3.789605,ok
2,False,30,8,0x0619d4d1900c2365,2161.818000,2255.588000,93.770000,3.546747,ok
2,False,31,8,0x0619d4d1900c2365,2161.818000,2255.588000,93.770000,3.546747,ok
2,False,32,8,0x0619d4d1900c2365,2167.650000,2261.100000,93.450000,3.538101,ok
2,False,33,8,0x0619d4d1900c2365,2167.639000,2261.093000,93.454000,3.538112,ok
2,False,34,8,0x0619d4d1900c2365,2177.508000,2270.780000,93.272000,3.523019,ok
2,False,35,8,0x0619d4d1900c2365,2177.507000,2270.881000,93.374000,3.522862,ok
2,False,36,8,0x0619d4d1900c2365,2183.320000,2276.070000,92.750000,3.514830,ok
2,False,37,8,0x0619d4d1900c2365,2183.234000,2276.065000,92.831000,3.514838,ok
2,False,38,8,0x0619d4d1900c2365,2188.346000,2281.661000,93.315000,3.506218,ok
2,False,39,8,0x0619d4d1900c2365,2188.339000,2281.653000,93.314000,3.506230,ok
2,False,40,8,0x0619d4d1900c2365,2193.212000,2286.441000,93.229000,3.498888,ok
2,False,41,8,0x0619d4d1900c2365,2193.203000,2286.438000,93.235000,3.498892,ok
2,False,42,8,0x0619d4d1900c2365,2196.326000,2290.188000,93.862000,3.493163,ok
2,False,43,8,0x0619d4d1900c2365,2196.427000,2290.183000,93.756000,3.493171,ok
2,False,44,8,0x0619d4d1900c2365,2200.869000,2294.489000,93.620000,3.486615,ok
2,False,45,8,0x0619d4d1900c2365,2200.866000,2294.486000,93.620000,3.486620,ok
2,False,46,8,0x0619d4d1900c2365,2203.712000,2297.664000,93.952000,3.481797,ok
2,False,47,8,0x0619d4d1900c2365,2203.707000,2297.748000,94.041000,3.481670,ok
2,False,48,8,0x0619d4d1900c2365,2207.417000,2300.930000,93.513000,3.476855,ok
2,False,49,8,0x0619d4d1900c2365,2207.414000,2300.928000,93.514000,3.476858,ok
2,False,50,8,0x0619d4d1900c2365,2209.510000,2303.178000,93.668000,3.473461,ok
2,False,51,8,0x0619d4d1900c2365,2209.508000,2303.175000,93.667000,3.473466,ok
2,False,52,8,0x0619d4d1900c2365,2212.680000,2311.534000,98.854000,3.460905,ok
2,False,53,8,0x0619d4d1900c2365,2212.678000,2312.275000,99.597000,3.459796,ok
2,False,54,8,0x0619d4d1900c2365,2219.064000,2320.070000,101.006000,3.448172,ok
2,False,55,8,0x0619d4d1900c2365,2219.963000,2320.069000,100.106000,3.448173,ok
2,False,56,8,0x0619d4d1900c2365,2262.621000,2394.738000,132.117000,3.340658,ok
2,False,57,8,0x0619d4d1900c2365,2262.139000,2395.845000,133.706000,3.339114,ok
2,False,58,8,0x0619d4d1900c2365,2310.146000,2431.060000,120.914000,3.290746,ok
2,False,59,8,0x0619d4d1900c2365,2309.352000,2431.059000,121.707000,3.290747,ok
2,False,60,8,0x0619d4d1900c2365,2337.978000,2432.927000,94.949000,3.288220,ok
2,False,61,8,0x0619d4d1900c2365,2338.064000,2432.923000,94.859000,3.288226,ok
2,False,62,8,0x0619d4d1900c2365,2339.460000,2433.959000,94.499000,3.286826,ok
2,False,63,8,0x0619d4d1900c2365,2339.458000,2433.957000,94.499000,3.286829,ok
2,False,64,8,0x0619d4d1900c2365,2341.590000,2436.021000,94.431000,3.284044,ok
2,False,65,8,0x0619d4d1900c2365,2341.585000,2436.123000,94.538000,3.283906,ok
2,False,66,8,0x0619d4d1900c2365,2343.406000,2438.055000,94.649000,3.281304,ok
2,False,67,8,0x0619d4d1900c2365,2343.402000,2438.051000,94.649000,3.281310,ok
2,False,68,8,0x0619d4d1900c2365,2346.593000,2440.953000,94.360000,3.277408,ok
2,False,69,8,0x0619d4d1900c2365,2346.580000,2440.940000,94.360000,3.277426,ok
2,False,70,8,0x0619d4d1900c2365,2348.249000,2442.983000,94.734000,3.274685,ok
2,False,71,8,0x0619d4d1900c2365,2348.245000,2442.979000,94.734000,3.274690,ok
2,False,72,8,0x0619d4d1900c2365,2349.521000,2443.989000,94.468000,3.273337,ok
2,False,73,8,0x0619d4d1900c2365,2349.491000,2443.958000,94.467000,3.273379,ok
2,False,74,8,0x0619d4d1900c2365,2350.968000,2445.393000,94.425000,3.271458,ok
2,False,75,8,0x0619d4d1900c2365,2350.867000,2445.495000,94.628000,3.271321,ok
2,False,76,8,0x0619d4d1900c2365,2352.041000,2446.434000,94.393000,3.270066,ok
2,False,77,8,0x0619d4d1900c2365,2352.037000,2446.428000,94.391000,3.270074,ok
2,False,78,8,0x0619d4d1900c2365,2352.923000,2447.287000,94.364000,3.268926,ok
2,False,79,8,0x0619d4d1900c2365,2352.920000,2447.337000,94.417000,3.268859,ok
2,False,80,8,0x0619d4d1900c2365,2355.396000,2465.353000,109.957000,3.244971,ok
2,False,81,8,0x0619d4d1900c2365,2355.395000,2465.270000,109.875000,3.245081,ok
2,False,82,8,0x0619d4d1900c2365,2371.390000,2466.543000,95.153000,3.243406,ok
2,False,83,8,0x0619d4d1900c2365,2371.387000,2466.540000,95.153000,3.243410,ok
2,False,84,8,0x0619d4d1900c2365,2368.025000,2464.136000,96.111000,3.246574,ok
2,False,85,8,0x0619d4d1900c2365,2367.900000,2464.134000,96.234000,3.246577,ok
2,False,86,8,0x0619d4d1900c2365,2365.020000,2461.451000,96.431000,3.250115,ok
2,False,87,8,0x0619d4d1900c2365,2365.018000,2461.361000,96.343000,3.250234,ok
2,False,88,8,0x0619d4d1900c2365,2293.620000,2388.256000,94.636000,3.349725,ok
2,False,89,8,0x0619d4d1900c2365,2292.357000,2386.994000,94.637000,3.351496,ok
2,False,90,8,0x0619d4d1900c2365,2259.594000,2355.977000,96.383000,3.395619,ok
2,False,91,8,0x0619d4d1900c2365,2259.591000,2355.973000,96.382000,3.395625,ok
2,False,92,8,0x0619d4d1900c2365,2261.821000,2359.259000,97.438000,3.390895,ok
2,False,93,8,0x0619d4d1900c2365,2261.819000,2359.167000,97.348000,3.391027,ok
2,False,94,8,0x0619d4d1900c2365,2263.576000,2358.061000,94.485000,3.392618,ok
2,False,95,8,0x0619d4d1900c2365,2263.574000,2358.057000,94.483000,3.392624,ok
2,False,96,8,0x0619d4d1900c2365,2265.074000,2366.036000,100.962000,3.381183,ok
2,False,97,8,0x0619d4d1900c2365,2264.969000,2366.135000,101.166000,3.381041,ok
2,False,98,8,0x0619d4d1900c2365,2271.134000,2373.634000,102.500000,3.370360,ok
2,False,99,8,0x0619d4d1900c2365,2271.078000,2373.526000,102.448000,3.370513,ok
2,False,100,8,0x0619d4d1900c2365,2279.986000,2381.212000,101.226000,3.359634,ok
2,False,101,8,0x0619d4d1900c2365,2279.984000,2381.300000,101.316000,3.359510,ok
2,False,102,8,0x0619d4d1900c2365,2287.571000,2386.303000,98.732000,3.352466,ok
2,False,103,8,0x0619d4d1900c2365,2287.568000,2386.300000,98.732000,3.352470,ok
2,False,104,8,0x0619d4d1900c2365,2294.021000,2392.119000,98.098000,3.344315,ok
2,False,105,8,0x0619d4d1900c2365,2294.017000,2392.107000,98.090000,3.344332,ok
2,False,106,8,0x0619d4d1900c2365,2299.006000,2401.055000,102.049000,3.331869,ok
2,False,107,8,0x0619d4d1900c2365,2299.002000,2401.053000,102.051000,3.331871,ok
2,False,108,8,0x0619d4d1900c2365,2309.215000,2411.088000,101.873000,3.318004,ok
2,False,109,8,0x0619d4d1900c2365,2309.212000,2411.085000,101.873000,3.318008,ok
2,False,110,8,0x0619d4d1900c2365,2318.744000,2418.705000,99.961000,3.307555,ok
2,False,111,8,0x0619d4d1900c2365,2318.741000,2418.701000,99.960000,3.307561,ok
2,False,112,8,0x0619d4d1900c2365,2310.528000,2413.509000,102.981000,3.314676,ok
2,False,113,8,0x0619d4d1900c2365,2310.593000,2413.593000,103.000000,3.314560,ok
2,False,114,8,0x0619d4d1900c2365,2320.984000,2421.977000,100.993000,3.303087,ok
2,False,115,8,0x0619d4d1900c2365,2320.983000,2421.974000,100.991000,3.303091,ok
2,False,116,8,0x0619d4d1900c2365,2328.138000,2428.573000,100.435000,3.294116,ok
2,False,117,8,0x0619d4d1900c2365,2328.137000,2428.657000,100.520000,3.294002,ok
2,False,118,8,0x0619d4d1900c2365,2333.903000,2434.117000,100.214000,3.286613,ok
2,False,119,8,0x0619d4d1900c2365,2333.898000,2434.114000,100.216000,3.286617,ok
2,False,120,8,0x0619d4d1900c2365,2341.401000,2441.543000,100.142000,3.276616,ok
2,False,121,8,0x0619d4d1900c2365,2341.348000,2441.540000,100.192000,3.276620,ok
2,False,122,8,0x0619d4d1900c2365,2347.246000,2452.878000,105.632000,3.261475,ok
2,False,123,8,0x0619d4d1900c2365,2347.244000,2452.788000,105.544000,3.261595,ok
2,False,124,8,0x0619d4d1900c2365,2358.186000,2460.561000,102.375000,3.251291,ok
2,False,125,8,0x0619d4d1900c2365,2358.184000,2460.646000,102.462000,3.251179,ok
2,False,126,8,0x0619d4d1900c2365,2367.799000,2467.476000,99.677000,3.242179,ok
2,False,127,8,0x0619d4d1900c2365,2367.796000,2467.474000,99.678000,3.242182,ok
2,False,128,8,0x0619d4d1900c2365,2368.707000,2469.136000,100.429000,3.240000,ok
2,False,129,8,0x0619d4d1900c2365,2367.422000,2467.854000,100.432000,3.241683,ok
2,False,130,8,0x0619d4d1900c2365,2367.815000,2472.112000,104.297000,3.236099,ok
2,False,131,8,0x0619d4d1900c2365,2367.812000,2472.105000,104.293000,3.236108,ok
2,False,132,8,0x0619d4d1900c2365,2372.788000,2474.010000,101.222000,3.233617,ok
2,False,133,8,0x0619d4d1900c2365,2371.505000,2472.727000,101.222000,3.235294,ok
2,False,134,8,0x0619d4d1900c2365,2374.995000,2474.907000,99.912000,3.232445,ok
2,False,135,8,0x0619d4d1900c2365,2374.991000,2474.903000,99.912000,3.232450,ok
2,False,136,8,0x0619d4d1900c2365,2377.811000,2480.179000,102.368000,3.225574,ok
2,False,137,8,0x0619d4d1900c2365,2377.694000,2480.174000,102.480000,3.225580,ok
2,False,138,8,0x0619d4d1900c2365,2377.194000,2480.361000,103.167000,3.225337,ok
2,False,139,8,0x0619d4d1900c2365,2377.189000,2480.357000,103.168000,3.225342,ok
2,False,140,8,0x0619d4d1900c2365,2378.963000,2481.855000,102.892000,3.223395,ok
2,False,141,8,0x0619d4d1900c2365,2378.959000,2481.937000,102.978000,3.223289,ok
2,False,142,8,0x0619d4d1900c2365,2382.021000,2481.925000,99.904000,3.223304,ok
2,False,143,8,0x0619d4d1900c2365,2382.017000,2481.921000,99.904000,3.223310,ok
2,False,144,8,0x0619d4d1900c2365,2378.873000,2481.474000,102.601000,3.223890,ok
2,False,145,8,0x0619d4d1900c2365,2378.872000,2481.596000,102.724000,3.223732,ok
2,False,146,8,0x0619d4d1900c2365,2380.383000,2481.322000,100.939000,3.224088,ok
2,False,147,8,0x0619d4d1900c2365,2380.473000,2481.318000,100.845000,3.224093,ok
2,False,148,8,0x0619d4d1900c2365,2381.426000,2484.359000,102.933000,3.220147,ok
2,False,149,8,0x0619d4d1900c2365,2381.423000,2484.443000,103.020000,3.220038,ok
2,False,150,8,0x0619d4d1900c2365,2384.564000,2488.347000,103.783000,3.214986,ok
2,False,151,8,0x0619d4d1900c2365,2384.562000,2488.430000,103.868000,3.214878,ok
2,False,152,8,0x0619d4d1900c2365,2388.217000,2487.692000,99.475000,3.215832,ok
2,False,153,8,0x0619d4d1900c2365,2388.213000,2487.689000,99.476000,3.215836,ok
2,False,154,8,0x0619d4d1900c2365,2382.208000,2486.254000,104.046000,3.217692,ok
2,False,155,8,0x0619d4d1900c2365,2382.333000,2486.253000,103.920000,3.217693,ok
2,False,156,8,0x0619d4d1900c2365,2383.195000,2486.869000,103.674000,3.216896,ok
2,False,157,8,0x0619d4d1900c2365,2383.192000,2486.955000,103.763000,3.216785,ok
2,False,158,8,0x0619d4d1900c2365,2387.776000,2487.891000,100.115000,3.215575,ok
2,False,159,8,0x0619d4d1900c2365,2387.776000,2487.984000,100.208000,3.215455,ok
2,False,160,8,0x0619d4d1900c2365,2386.460000,2485.728000,99.268000,3.218373,ok
2,False,161,8,0x0619d4d1900c2365,2386.457000,2485.725000,99.268000,3.218377,ok
2,False,162,8,0x0619d4d1900c2365,2381.242000,2483.786000,102.544000,3.220889,ok
2,False,163,8,0x0619d4d1900c2365,2381.166000,2483.786000,102.620000,3.220889,ok
2,False,164,8,0x0619d4d1900c2365,2382.794000,2485.204000,102.410000,3.219052,ok
2,False,165,8,0x0619d4d1900c2365,2382.792000,2485.202000,102.410000,3.219054,ok
2,False,166,8,0x0619d4d1900c2365,2385.587000,2509.508000,123.921000,3.187876,ok
2,False,167,8,0x0619d4d1900c2365,2385.590000,2511.584000,125.994000,3.185241,ok
2,False,168,8,0x0619d4d1900c2365,2412.030000,2522.333000,110.303000,3.171667,ok
2,False,169,8,0x0619d4d1900c2365,2414.550000,2522.312000,107.762000,3.171693,ok
2,False,170,8,0x0619d4d1900c2365,2420.729000,2521.247000,100.518000,3.173033,ok
2,False,171,8,0x0619d4d1900c2365,2420.725000,2521.144000,100.419000,3.173163,ok
2,False,172,8,0x0619d4d1900c2365,2417.010000,2516.943000,99.933000,3.178459,ok
2,False,173,8,0x0619d4d1900c2365,2417.006000,2516.940000,99.934000,3.178463,ok
2,False,174,8,0x0619d4d1900c2365,2417.403000,2519.229000,101.826000,3.175575,ok
2,False,175,8,0x0619d4d1900c2365,2417.499000,2519.227000,101.728000,3.175577,ok
2,False,176,8,0x0619d4d1900c2365,2417.017000,2517.053000,100.036000,3.178320,ok
2,False,177,8,0x0619d4d1900c2365,2417.013000,2516.945000,99.932000,3.178456,ok
2,False,178,8,0x0619d4d1900c2365,2415.378000,2515.467000,100.089000,3.180324,ok
2,False,179,8,0x0619d4d1900c2365,2415.374000,2515.463000,100.089000,3.180329,ok
2,False,180,8,0x0619d4d1900c2365,2411.289000,2518.547000,107.258000,3.176435,ok
2,False,181,8,0x0619d4d1900c2365,2411.709000,2518.634000,106.925000,3.176325,ok
2,False,182,8,0x0619d4d1900c2365,2413.886000,2516.981000,103.095000,3.178411,ok
2,False,183,8,0x0619d4d1900c2365,2413.882000,2516.979000,103.097000,3.178413,ok
2,False,184,8,0x0619d4d1900c2365,2417.838000,2518.404000,100.566000,3.176615,ok
2,False,185,8,0x0619d4d1900c2365,2417.833000,2518.521000,100.688000,3.176467,ok
2,False,186,8,0x0619d4d1900c2365,2413.065000,2514.452000,101.387000,3.181608,ok
2,False,187,8,0x0619d4d1900c2365,2413.059000,2514.334000,101.275000,3.181757,ok
2,False,188,8,0x0619d4d1900c2365,2410.052000,2514.938000,104.886000,3.180993,ok
2,False,189,8,0x0619d4d1900c2365,2410.211000,2515.032000,104.821000,3.180874,ok
2,False,190,8,0x0619d4d1900c2365,2415.648000,2532.177000,116.529000,3.159337,ok
2,False,191,8,0x0619d4d1900c2365,2415.645000,2532.081000,116.436000,3.159457,ok
2,False,192,8,0x0619d4d1900c2365,2431.205000,2532.973000,101.768000,3.158344,ok
2,False,193,8,0x0619d4d1900c2365,2431.203000,2532.878000,101.675000,3.158462,ok
2,False,194,8,0x0619d4d1900c2365,2430.227000,2529.728000,99.501000,3.162395,ok
2,False,195,8,0x0619d4d1900c2365,2430.228000,2529.726000,99.498000,3.162398,ok
2,False,196,8,0x0619d4d1900c2365,2426.629000,2526.149000,99.520000,3.166876,ok
2,False,197,8,0x0619d4d1900c2365,2426.625000,2526.146000,99.521000,3.166880,ok
2,False,198,8,0x0619d4d1900c2365,2401.589000,2506.907000,105.318000,3.191183,ok
2,False,199,8,0x0619d4d1900c2365,2400.323000,2505.544000,105.221000,3.192919,ok
3,False,0,8,0x0619d4d1900c2365,53.297000,144.684000,91.387000,55.292914,ok
3,False,1,8,0x0619d4d1900c2365,53.286000,144.673000,91.387000,55.297118,ok
3,False,2,8,0x0619d4d1900c2365,195.216000,293.593000,98.377000,27.248606,ok
3,False,3,8,0x0619d4d1900c2365,195.410000,293.592000,98.182000,27.248699,ok
3,False,4,8,0x0619d4d1900c2365,345.328000,440.716000,95.388000,18.152279,ok
3,False,5,8,0x0619d4d1900c2365,345.323000,440.801000,95.478000,18.148779,ok
3,False,6,8,0x0619d4d1900c2365,493.324000,588.699000,95.375000,13.589288,ok
3,False,7,8,0x0619d4d1900c2365,493.328000,588.699000,95.371000,13.589288,ok
3,False,8,8,0x0619d4d1900c2365,641.415000,743.633000,102.218000,10.757995,ok
3,False,9,8,0x0619d4d1900c2365,641.517000,743.731000,102.214000,10.756577,ok
3,False,10,8,0x0619d4d1900c2365,796.360000,896.994000,100.634000,8.918677,ok
3,False,11,8,0x0619d4d1900c2365,796.464000,896.994000,100.530000,8.918677,ok
3,False,12,8,0x0619d4d1900c2365,951.257000,1048.012000,96.755000,7.633500,ok
3,False,13,8,0x0619d4d1900c2365,951.248000,1048.016000,96.768000,7.633471,ok
3,False,14,8,0x0619d4d1900c2365,1100.895000,1198.099000,97.204000,6.677245,ok
3,False,15,8,0x0619d4d1900c2365,1100.895000,1198.099000,97.204000,6.677245,ok
3,False,16,8,0x0619d4d1900c2365,1251.238000,1348.724000,97.486000,5.931532,ok
3,False,17,8,0x0619d4d1900c2365,1251.238000,1348.724000,97.486000,5.931532,ok
3,False,18,8,0x0619d4d1900c2365,1402.373000,1503.687000,101.314000,5.320256,ok
3,False,19,8,0x0619d4d1900c2365,1402.373000,1503.813000,101.440000,5.319810,ok
3,False,20,8,0x0619d4d1900c2365,1556.598000,1654.431000,97.833000,4.835499,ok
3,False,21,8,0x0619d4d1900c2365,1556.598000,1654.431000,97.833000,4.835499,ok
3,False,22,8,0x0619d4d1900c2365,1707.626000,1807.018000,99.392000,4.427183,ok
3,False,23,8,0x0619d4d1900c2365,1707.626000,1807.018000,99.392000,4.427183,ok
3,False,24,8,0x0619d4d1900c2365,1860.528000,1961.060000,100.532000,4.079426,ok
3,False,25,8,0x0619d4d1900c2365,1860.528000,1961.060000,100.532000,4.079426,ok
3,False,26,8,0x0619d4d1900c2365,2014.724000,2116.338000,101.614000,3.780115,ok
3,False,27,8,0x0619d4d1900c2365,2014.724000,2116.458000,101.734000,3.779900,ok
3,False,28,8,0x0619d4d1900c2365,2169.988000,2269.017000,99.029000,3.525756,ok
3,False,29,8,0x0619d4d1900c2365,2169.987000,2268.934000,98.947000,3.525885,ok
3,False,30,8,0x0619d4d1900c2365,2322.293000,2420.456000,98.163000,3.305162,ok
3,False,31,8,0x0619d4d1900c2365,2322.294000,2420.456000,98.162000,3.305162,ok
3,False,32,8,0x0619d4d1900c2365,2328.929000,2428.630000,99.701000,3.294038,ok
3,False,33,8,0x0619d4d1900c2365,2328.920000,2428.621000,99.701000,3.294050,ok
3,False,34,8,0x0619d4d1900c2365,2333.595000,2435.930000,102.335000,3.284167,ok
3,False,35,8,0x0619d4d1900c2365,2333.592000,2436.017000,102.425000,3.284049,ok
3,False,36,8,0x0619d4d1900c2365,2342.403000,2448.485000,106.082000,3.267327,ok
3,False,37,8,0x0619d4d1900c2365,2342.295000,2448.481000,106.186000,3.267332,ok
3,False,38,8,0x0619d4d1900c2365,2355.105000,2453.816000,98.711000,3.260228,ok
3,False,39,8,0x0619d4d1900c2365,2355.101000,2453.812000,98.711000,3.260233,ok
3,False,40,8,0x0619d4d1900c2365,2352.491000,2456.688000,104.197000,3.256417,ok
3,False,41,8,0x0619d4d1900c2365,2352.609000,2456.684000,104.075000,3.256422,ok
3,False,42,8,0x0619d4d1900c2365,2359.043000,2459.914000,100.871000,3.252146,ok
3,False,43,8,0x0619d4d1900c2365,2359.042000,2459.913000,100.871000,3.252148,ok
3,False,44,8,0x0619d4d1900c2365,2363.329000,2463.590000,100.261000,3.247294,ok
3,False,45,8,0x0619d4d1900c2365,2363.328000,2463.488000,100.160000,3.247428,ok
3,False,46,8,0x0619d4d1900c2365,2366.560000,2471.352000,104.792000,3.237095,ok
3,False,47,8,0x0619d4d1900c2365,2366.556000,2471.349000,104.793000,3.237098,ok
3,False,48,8,0x0619d4d1900c2365,2374.573000,2474.629000,100.056000,3.232808,ok
3,False,49,8,0x0619d4d1900c2365,2374.475000,2474.627000,100.152000,3.232810,ok
3,False,50,8,0x0619d4d1900c2365,2375.183000,2474.272000,99.089000,3.233274,ok
3,False,51,8,0x0619d4d1900c2365,2375.181000,2474.320000,99.139000,3.233212,ok
3,False,52,8,0x0619d4d1900c2365,2376.114000,2475.078000,98.964000,3.232221,ok
3,False,53,8,0x0619d4d1900c2365,2376.093000,2475.057000,98.964000,3.232249,ok
3,False,54,8,0x0619d4d1900c2365,2377.774000,2477.191000,99.417000,3.229464,ok
3,False,55,8,0x0619d4d1900c2365,2377.769000,2477.190000,99.421000,3.229466,ok
3,False,56,8,0x0619d4d1900c2365,2377.123000,2478.970000,101.847000,3.227147,ok
3,False,57,8,0x0619d4d1900c2365,2377.120000,2478.966000,101.846000,3.227152,ok
3,False,58,8,0x0619d4d1900c2365,2379.456000,2491.239000,111.783000,3.211254,ok
3,False,59,8,0x0619d4d1900c2365,2379.452000,2491.354000,111.902000,3.211105,ok
3,False,60,8,0x0619d4d1900c2365,2395.313000,2502.817000,107.504000,3.196398,ok
3,False,61,8,0x0619d4d1900c2365,2395.312000,2502.936000,107.624000,3.196246,ok
3,False,62,8,0x0619d4d1900c2365,2407.761000,2522.165000,114.404000,3.171878,ok
3,False,63,8,0x0619d4d1900c2365,2407.764000,2523.488000,115.724000,3.170215,ok
3,False,64,8,0x0619d4d1900c2365,2429.537000,2552.595000,123.058000,3.134066,ok
3,False,65,8,0x0619d4d1900c2365,2430.923000,2552.722000,121.799000,3.133910,ok
3,False,66,8,0x0619d4d1900c2365,2458.192000,2571.506000,113.314000,3.111017,ok
3,False,67,8,0x0619d4d1900c2365,2458.190000,2571.505000,113.315000,3.111019,ok
3,False,68,8,0x0619d4d1900c2365,2473.038000,2589.154000,116.116000,3.089812,ok
3,False,69,8,0x0619d4d1900c2365,2472.909000,2589.126000,116.217000,3.089846,ok
3,False,70,8,0x0619d4d1900c2365,2499.294000,2617.623000,118.329000,3.056208,ok
3,False,71,8,0x0619d4d1900c2365,2499.292000,2617.485000,118.193000,3.056369,ok
3,False,72,8,0x0619d4d1900c2365,2520.015000,2639.026000,119.011000,3.031421,ok
3,False,73,8,0x0619d4d1900c2365,2520.014000,2638.871000,118.857000,3.031599,ok
3,False,74,8,0x0619d4d1900c2365,2542.797000,2661.756000,118.959000,3.005535,ok
3,False,75,8,0x0619d4d1900c2365,2542.794000,2662.120000,119.326000,3.005124,ok
3,False,76,8,0x0619d4d1900c2365,2566.205000,2690.722000,124.517000,2.973180,ok
3,False,77,8,0x0619d4d1900c2365,2566.651000,2691.081000,124.430000,2.972783,ok
3,False,78,8,0x0619d4d1900c2365,2589.912000,2714.673000,124.761000,2.946948,ok
3,False,79,8,0x0619d4d1900c2365,2590.315000,2715.034000,124.719000,2.946556,ok
3,False,80,8,0x0619d4d1900c2365,2619.108000,2738.693000,119.585000,2.921101,ok
3,False,81,8,0x0619d4d1900c2365,2619.373000,2738.809000,119.436000,2.920978,ok
3,False,82,8,0x0619d4d1900c2365,2642.913000,2754.693000,111.780000,2.904135,ok
3,False,83,8,0x0619d4d1900c2365,2642.908000,2754.688000,111.780000,2.904140,ok
3,False,84,8,0x0619d4d1900c2365,2661.806000,2780.006000,118.200000,2.877692,ok
3,False,85,8,0x0619d4d1900c2365,2661.714000,2779.881000,118.167000,2.877821,ok
3,False,86,8,0x0619d4d1900c2365,2683.472000,2800.338000,116.866000,2.856798,ok
3,False,87,8,0x0619d4d1900c2365,2683.475000,2800.853000,117.378000,2.856273,ok
3,False,88,8,0x0619d4d1900c2365,2701.146000,2816.187000,115.041000,2.840720,ok
3,False,89,8,0x0619d4d1900c2365,2701.486000,2816.056000,114.570000,2.840853,ok
3,False,90,8,0x0619d4d1900c2365,2706.615000,2817.528000,110.913000,2.839368,ok
3,False,91,8,0x0619d4d1900c2365,2706.616000,2817.676000,111.060000,2.839219,ok
3,False,92,8,0x0619d4d1900c2365,2708.908000,2818.053000,109.145000,2.838839,ok
3,False,93,8,0x0619d4d1900c2365,2708.903000,2818.049000,109.146000,2.838843,ok
3,False,94,8,0x0619d4d1900c2365,2702.660000,2811.842000,109.182000,2.845110,ok
3,False,95,8,0x0619d4d1900c2365,2703.932000,2813.237000,109.305000,2.843699,ok
3,False,96,8,0x0619d4d1900c2365,2685.042000,2801.029000,115.987000,2.856093,ok
3,False,97,8,0x0619d4d1900c2365,2685.265000,2801.184000,115.919000,2.855935,ok
3,False,98,8,0x0619d4d1900c2365,2684.135000,2793.600000,109.465000,2.863688,ok
3,False,99,8,0x0619d4d1900c2365,2684.015000,2793.479000,109.464000,2.863812,ok
3,False,100,8,0x0619d4d1900c2365,2671.631000,2777.869000,106.238000,2.879905,ok
3,False,101,8,0x0619d4d1900c2365,2671.628000,2777.866000,106.238000,2.879909,ok
3,False,102,8,0x0619d4d1900c2365,2652.831000,2758.670000,105.839000,2.899948,ok
3,False,103,8,0x0619d4d1900c2365,2652.826000,2758.815000,105.989000,2.899796,ok
3,False,104,8,0x0619d4d1900c2365,2636.124000,2740.983000,104.859000,2.918661,ok
3,False,105,8,0x0619d4d1900c2365,2636.121000,2740.980000,104.859000,2.918664,ok
3,False,106,8,0x0619d4d1900c2365,2618.398000,2722.302000,103.904000,2.938689,ok
3,False,107,8,0x0619d4d1900c2365,2618.396000,2722.301000,103.905000,2.938690,ok
3,False,108,8,0x0619d4d1900c2365,2595.714000,2711.166000,115.452000,2.950760,ok
3,False,109,8,0x0619d4d1900c2365,2595.711000,2711.028000,115.317000,2.950910,ok
3,False,110,8,0x0619d4d1900c2365,2584.356000,2689.756000,105.400000,2.974247,ok
3,False,111,8,0x0619d4d1900c2365,2584.359000,2689.865000,105.506000,2.974127,ok
3,False,112,8,0x0619d4d1900c2365,2568.005000,2678.633000,110.628000,2.986598,ok
3,False,113,8,0x0619d4d1900c2365,2568.001000,2678.501000,110.500000,2.986745,ok
3,False,114,8,0x0619d4d1900c2365,2564.412000,2666.633000,102.221000,3.000038,ok
3,False,115,8,0x0619d4d1900c2365,2564.412000,2666.629000,102.217000,3.000042,ok
3,False,116,8,0x0619d4d1900c2365,2545.833000,2663.960000,118.127000,3.003048,ok
3,False,117,8,0x0619d4d1900c2365,2545.838000,2669.103000,123.265000,2.997262,ok
3,False,118,8,0x0619d4d1900c2365,2545.723000,2669.709000,123.986000,2.996581,ok
3,False,119,8,0x0619d4d1900c2365,2549.955000,2674.902000,124.947000,2.990764,ok
3,False,120,8,0x0619d4d1900c2365,2551.288000,2674.254000,122.966000,2.991488,ok
3,False,121,8,0x0619d4d1900c2365,2558.664000,2683.711000,125.047000,2.980947,ok
3,False,122,8,0x0619d4d1900c2365,2560.552000,2682.653000,122.101000,2.982123,ok
3,False,123,8,0x0619d4d1900c2365,2569.166000,2692.989000,123.823000,2.970677,ok
3,False,124,8,0x0619d4d1900c2365,2571.356000,2684.064000,112.708000,2.980555,ok
3,False,125,8,0x0619d4d1900c2365,2583.931000,2698.557000,114.626000,2.964547,ok
3,False,126,8,0x0619d4d1900c2365,2573.987000,2685.586000,111.599000,2.978866,ok
3,False,127,8,0x0619d4d1900c2365,2587.149000,2698.447000,111.298000,2.964668,ok
3,False,128,8,0x0619d4d1900c2365,2568.204000,2685.088000,116.884000,2.979418,ok
3,False,129,8,0x0619d4d1900c2365,2583.639000,2699.347000,115.708000,2.963680,ok
3,False,130,8,0x0619d4d1900c2365,2573.133000,2688.808000,115.675000,2.975296,ok
3,False,131,8,0x0619d4d1900c2365,2588.365000,2702.992000,114.627000,2.959683,ok
3,False,132,8,0x0619d4d1900c2365,2580.906000,2692.351000,111.445000,2.971381,ok
3,False,133,8,0x0619d4d1900c2365,2596.225000,2706.836000,110.611000,2.955480,ok
3,False,134,8,0x0619d4d1900c2365,2586.791000,2698.549000,111.758000,2.964556,ok
3,False,135,8,0x0619d4d1900c2365,2599.945000,2711.887000,111.942000,2.949975,ok
3,False,136,8,0x0619d4d1900c2365,2591.150000,2705.570000,114.420000,2.956863,ok
3,False,137,8,0x0619d4d1900c2365,2605.969000,2722.927000,116.958000,2.938015,ok
3,False,138,8,0x0619d4d1900c2365,2602.836000,2716.286000,113.450000,2.945198,ok
3,False,139,8,0x0619d4d1900c2365,2618.290000,2730.739000,112.449000,2.929610,ok
3,False,140,8,0x0619d4d1900c2365,2599.490000,2712.276000,112.786000,2.949552,ok
3,False,141,8,0x0619d4d1900c2365,2614.126000,2726.662000,112.536000,2.933990,ok
3,False,142,8,0x0619d4d1900c2365,2606.464000,2714.679000,108.215000,2.946941,ok
3,False,143,8,0x0619d4d1900c2365,2620.281000,2727.898000,107.617000,2.932661,ok
3,False,144,8,0x0619d4d1900c2365,2602.513000,2709.058000,106.545000,2.953056,ok
3,False,145,8,0x0619d4d1900c2365,2617.192000,2723.511000,106.319000,2.937385,ok
3,False,146,8,0x0619d4d1900c2365,2607.353000,2710.906000,103.553000,2.951043,ok
3,False,147,8,0x0619d4d1900c2365,2622.000000,2725.537000,103.537000,2.935201,ok
3,False,148,8,0x0619d4d1900c2365,2592.278000,2707.395000,115.117000,2.954870,ok
3,False,149,8,0x0619d4d1900c2365,2600.748000,2715.843000,115.095000,2.945678,ok
3,False,150,8,0x0619d4d1900c2365,2583.906000,2698.084000,114.178000,2.965067,ok
3,False,151,8,0x0619d4d1900c2365,2590.928000,2705.097000,114.169000,2.957380,ok
3,False,152,8,0x0619d4d1900c2365,2575.929000,2689.740000,113.811000,2.974265,ok
3,False,153,8,0x0619d4d1900c2365,2581.740000,2695.471000,113.731000,2.967941,ok
3,False,154,8,0x0619d4d1900c2365,2569.474000,2688.319000,118.845000,2.975837,ok
3,False,155,8,0x0619d4d1900c2365,2573.206000,2691.655000,118.449000,2.972149,ok
3,False,156,8,0x0619d4d1900c2365,2577.278000,2687.847000,110.569000,2.976360,ok
3,False,157,8,0x0619d4d1900c2365,2576.923000,2687.021000,110.098000,2.977275,ok
3,False,158,8,0x0619d4d1900c2365,2576.157000,2689.267000,113.110000,2.974788,ok
3,False,159,8,0x0619d4d1900c2365,2575.656000,2688.655000,112.999000,2.975465,ok
3,False,160,8,0x0619d4d1900c2365,2573.416000,2679.148000,105.732000,2.986024,ok
3,False,161,8,0x0619d4d1900c2365,2572.729000,2678.451000,105.722000,2.986801,ok
3,False,162,8,0x0619d4d1900c2365,2563.902000,2670.635000,106.733000,2.995542,ok
3,False,163,8,0x0619d4d1900c2365,2563.864000,2670.318000,106.454000,2.995898,ok
3,False,164,8,0x0619d4d1900c2365,2559.186000,2668.969000,109.783000,2.997412,ok
3,False,165,8,0x0619d4d1900c2365,2559.874000,2669.451000,109.577000,2.996871,ok
3,False,166,8,0x0619d4d1900c2365,2557.347000,2672.751000,115.404000,2.993171,ok
3,False,167,8,0x0619d4d1900c2365,2557.821000,2673.383000,115.562000,2.992463,ok
3,False,168,8,0x0619d4d1900c2365,2559.862000,2680.544000,120.682000,2.984469,ok
3,False,169,8,0x0619d4d1900c2365,2557.220000,2677.671000,120.451000,2.987671,ok
3,False,170,8,0x0619d4d1900c2365,2566.363000,2687.234000,120.871000,2.977039,ok
3,False,171,8,0x0619d4d1900c2365,2566.470000,2687.068000,120.598000,2.977223,ok
3,False,172,8,0x0619d4d1900c2365,2574.233000,2690.240000,116.007000,2.973712,ok
3,False,173,8,0x0619d4d1900c2365,2574.085000,2689.601000,115.516000,2.974419,ok
3,False,174,8,0x0619d4d1900c2365,2582.046000,2702.354000,120.308000,2.960382,ok
3,False,175,8,0x0619d4d1900c2365,2582.891000,2703.130000,120.239000,2.959532,ok
3,False,176,8,0x0619d4d1900c2365,2595.689000,2712.009000,116.320000,2.949843,ok
3,False,177,8,0x0619d4d1900c2365,2596.910000,2712.642000,115.732000,2.949154,ok
3,False,178,8,0x0619d4d1900c2365,2608.116000,2728.640000,120.524000,2.931863,ok
3,False,179,8,0x0619d4d1900c2365,2609.281000,2729.519000,120.238000,2.930919,ok
3,False,180,8,0x0619d4d1900c2365,2613.647000,2728.813000,115.166000,2.931678,ok
3,False,181,8,0x0619d4d1900c2365,2614.547000,2729.615000,115.068000,2.930816,ok
3,False,182,8,0x0619d4d1900c2365,2615.119000,2728.745000,113.626000,2.931751,ok
3,False,183,8,0x0619d4d1900c2365,2614.979000,2728.056000,113.077000,2.932491,ok
3,False,184,8,0x0619d4d1900c2365,2615.246000,2726.875000,111.629000,2.933761,ok
3,False,185,8,0x0619d4d1900c2365,2614.624000,2726.385000,111.761000,2.934288,ok
3,False,186,8,0x0619d4d1900c2365,2607.489000,2722.143000,114.654000,2.938861,ok
3,False,187,8,0x0619d4d1900c2365,2608.490000,2722.767000,114.277000,2.938188,ok
3,False,188,8,0x0619d4d1900c2365,2612.365000,2729.061000,116.696000,2.931411,ok
3,False,189,8,0x0619d4d1900c2365,2612.433000,2728.630000,116.197000,2.931874,ok
3,False,190,8,0x0619d4d1900c2365,2615.250000,2731.508000,116.258000,2.928785,ok
3,False,191,8,0x0619d4d1900c2365,2615.993000,2732.413000,116.420000,2.927815,ok
3,False,192,8,0x0619d4d1900c2365,2625.364000,2744.231000,118.867000,2.915206,ok
3,False,193,8,0x0619d4d1900c2365,2626.339000,2744.853000,118.514000,2.914546,ok
3,False,194,8,0x0619d4d1900c2365,2637.870000,2757.048000,119.178000,2.901654,ok
3,False,195,8,0x0619d4d1900c2365,2638.907000,2757.700000,118.793000,2.900968,ok
3,False,196,8,0x0619d4d1900c2365,2647.438000,2768.099000,120.661000,2.890070,ok
3,False,197,8,0x0619d4d1900c2365,2647.397000,2767.659000,120.262000,2.890530,ok
3,False,198,8,0x0619d4d1900c2365,2652.536000,2766.699000,114.163000,2.891532,ok
3,False,199,8,0x0619d4d1900c2365,2652.289000,2765.680000,113.391000,2.892598,ok
4,False,0,8,0x0619d4d1900c2365,58.053000,145.517000,87.464000,54.976395,ok
4,False,1,8,0x0619d4d1900c2365,58.041000,145.504000,87.463000,54.981306,ok
4,False,2,8,0x0619d4d1900c2365,194.536000,285.710000,91.174000,28.000420,ok
4,False,3,8,0x0619d4d1900c2365,194.691000,285.708000,91.017000,28.000616,ok
4,False,4,8,0x0619d4d1900c2365,335.450000,427.340000,91.890000,18.720457,ok
4,False,5,8,0x0619d4d1900c2365,335.450000,427.340000,91.890000,18.720457,ok
4,False,6,8,0x0619d4d1900c2365,478.672000,601.221000,122.549000,13.306255,ok
4,False,7,8,0x0619d4d1900c2365,482.423000,604.528000,122.105000,13.233465,ok
4,False,8,8,0x0619d4d1900c2365,652.608000,775.086000,122.478000,10.321435,ok
4,False,9,8,0x0619d4d1900c2365,655.296000,776.852000,121.556000,10.297972,ok
4,False,10,8,0x0619d4d1900c2365,826.286000,940.610000,114.324000,8.505119,ok
4,False,11,8,0x0619d4d1900c2365,828.116000,940.610000,112.494000,8.505119,ok
4,False,12,8,0x0619d4d1900c2365,992.473000,1087.826000,95.353000,7.354117,ok
4,False,13,8,0x0619d4d1900c2365,992.473000,1087.826000,95.353000,7.354117,ok
4,False,14,8,0x0619d4d1900c2365,1139.440000,1236.320000,96.880000,6.470817,ok
4,False,15,8,0x0619d4d1900c2365,1139.440000,1236.239000,96.799000,6.471241,ok
4,False,16,8,0x0619d4d1900c2365,1287.774000,1383.002000,95.228000,5.784518,ok
4,False,17,8,0x0619d4d1900c2365,1287.774000,1382.999000,95.225000,5.784531,ok
4,False,18,8,0x0619d4d1900c2365,1434.926000,1531.464000,96.538000,5.223760,ok
4,False,19,8,0x0619d4d1900c2365,1435.008000,1531.464000,96.456000,5.223760,ok
4,False,20,8,0x0619d4d1900c2365,1583.127000,1679.091000,95.964000,4.764483,ok
4,False,21,8,0x0619d4d1900c2365,1583.127000,1679.005000,95.878000,4.764727,ok
4,False,22,8,0x0619d4d1900c2365,1730.755000,1825.561000,94.806000,4.382215,ok
4,False,23,8,0x0619d4d1900c2365,1730.755000,1825.560000,94.805000,4.382217,ok
4,False,24,8,0x0619d4d1900c2365,1877.491000,1972.527000,95.036000,4.055711,ok
4,False,25,8,0x0619d4d1900c2365,1877.491000,1972.527000,95.036000,4.055711,ok
4,False,26,8,0x0619d4d1900c2365,2024.380000,2120.589000,96.209000,3.772537,ok
4,False,27,8,0x0619d4d1900c2365,2024.380000,2120.588000,96.208000,3.772539,ok
4,False,28,8,0x0619d4d1900c2365,2172.622000,2268.087000,95.465000,3.527202,ok
4,False,29,8,0x0619d4d1900c2365,2172.622000,2268.087000,95.465000,3.527202,ok
4,False,30,8,0x0619d4d1900c2365,2320.139000,2417.279000,97.140000,3.309506,ok
4,False,31,8,0x0619d4d1900c2365,2320.139000,2417.279000,97.140000,3.309506,ok
4,False,32,8,0x0619d4d1900c2365,2322.575000,2424.286000,101.711000,3.299941,ok
4,False,33,8,0x0619d4d1900c2365,2322.635000,2424.269000,101.634000,3.299964,ok
4,False,34,8,0x0619d4d1900c2365,2335.751000,2433.232000,97.481000,3.287808,ok
4,False,35,8,0x0619d4d1900c2365,2335.828000,2433.228000,97.400000,3.287814,ok
4,False,36,8,0x0619d4d1900c2365,2343.620000,2440.975000,97.355000,3.277379,ok
4,False,37,8,0x0619d4d1900c2365,2343.707000,2440.971000,97.264000,3.277384,ok
4,False,38,8,0x0619d4d1900c2365,2319.704000,2415.143000,95.439000,3.312433,ok
4,False,39,8,0x0619d4d1900c2365,2317.159000,2412.598000,95.439000,3.315927,ok
4,False,40,8,0x0619d4d1900c2365,2293.460000,2398.341000,104.881000,3.335639,ok
4,False,41,8,0x0619d4d1900c2365,2292.102000,2396.937000,104.835000,3.337593,ok
4,False,42,8,0x0619d4d1900c2365,2285.135000,2381.559000,96.424000,3.359144,ok
4,False,43,8,0x0619d4d1900c2365,2285.135000,2381.558000,96.423000,3.359146,ok
4,False,44,8,0x0619d4d1900c2365,2285.892000,2385.826000,99.934000,3.353136,ok
4,False,45,8,0x0619d4d1900c2365,2286.215000,2385.916000,99.701000,3.353010,ok
4,False,46,8,0x0619d4d1900c2365,2289.902000,2385.351000,95.449000,3.353804,ok
4,False,47,8,0x0619d4d1900c2365,2289.898000,2385.345000,95.447000,3.353813,ok
4,False,48,8,0x0619d4d1900c2365,2291.709000,2390.124000,98.415000,3.347107,ok
4,False,49,8,0x0619d4d1900c2365,2291.707000,2390.123000,98.416000,3.347108,ok
4,False,50,8,0x0619d4d1900c2365,2294.125000,2395.195000,101.070000,3.340020,ok
4,False,51,8,0x0619d4d1900c2365,2294.124000,2395.094000,100.970000,3.340161,ok
4,False,52,8,0x0619d4d1900c2365,2299.377000,2397.135000,97.758000,3.337317,ok
4,False,53,8,0x0619d4d1900c2365,2299.375000,2397.131000,97.756000,3.337323,ok
4,False,54,8,0x0619d4d1900c2365,2304.322000,2402.711000,98.389000,3.329572,ok
4,False,55,8,0x0619d4d1900c2365,2304.318000,2402.709000,98.391000,3.329575,ok
4,False,56,8,0x0619d4d1900c2365,2308.263000,2414.982000,106.719000,3.312654,ok
4,False,57,8,0x0619d4d1900c2365,2308.262000,2415.088000,106.826000,3.312509,ok
4,False,58,8,0x0619d4d1900c2365,2318.518000,2419.973000,101.455000,3.305822,ok
4,False,59,8,0x0619d4d1900c2365,2318.515000,2419.969000,101.454000,3.305827,ok
4,False,60,8,0x0619d4d1900c2365,2326.195000,2424.878000,98.683000,3.299135,ok
4,False,61,8,0x0619d4d1900c2365,2326.193000,2424.873000,98.680000,3.299142,ok
4,False,62,8,0x0619d4d1900c2365,2330.032000,2429.556000,99.524000,3.292783,ok
4,False,63,8,0x0619d4d1900c2365,2330.031000,2429.552000,99.521000,3.292788,ok
4,False,64,8,0x0619d4d1900c2365,2329.770000,2439.731000,109.961000,3.279050,ok
4,False,65,8,0x0619d4d1900c2365,2329.768000,2439.630000,109.862000,3.279186,ok
4,False,66,8,0x0619d4d1900c2365,2343.554000,2445.162000,101.608000,3.271767,ok
4,False,67,8,0x0619d4d1900c2365,2343.573000,2445.158000,101.585000,3.271772,ok
4,False,68,8,0x0619d4d1900c2365,2348.759000,2448.453000,99.694000,3.267369,ok
4,False,69,8,0x0619d4d1900c2365,2348.756000,2448.538000,99.782000,3.267256,ok
4,False,70,8,0x0619d4d1900c2365,2354.575000,2460.221000,105.646000,3.251740,ok
4,False,71,8,0x0619d4d1900c2365,2354.572000,2460.722000,106.150000,3.251078,ok
4,False,72,8,0x0619d4d1900c2365,2357.511000,2476.231000,118.720000,3.230716,ok
4,False,73,8,0x0619d4d1900c2365,2359.552000,2476.231000,116.679000,3.230716,ok
4,False,74,8,0x0619d4d1900c2365,2382.262000,2490.682000,108.420000,3.211972,ok
4,False,75,8,0x0619d4d1900c2365,2382.258000,2490.583000,108.325000,3.212099,ok
4,False,76,8,0x0619d4d1900c2365,2392.990000,2495.458000,102.468000,3.205824,ok
4,False,77,8,0x0619d4d1900c2365,2392.987000,2495.454000,102.467000,3.205829,ok
4,False,78,8,0x0619d4d1900c2365,2403.005000,2505.729000,102.724000,3.192684,ok
4,False,79,8,0x0619d4d1900c2365,2403.001000,2505.726000,102.725000,3.192687,ok
4,False,80,8,0x0619d4d1900c2365,2408.664000,2518.413000,109.749000,3.176604,ok
4,False,81,8,0x0619d4d1900c2365,2408.660000,2518.515000,109.855000,3.176475,ok
4,False,82,8,0x0619d4d1900c2365,2419.207000,2533.415000,114.208000,3.157793,ok
4,False,83,8,0x0619d4d1900c2365,2419.328000,2533.527000,114.199000,3.157653,ok
4,False,84,8,0x0619d4d1900c2365,2436.811000,2539.278000,102.467000,3.150502,ok
4,False,85,8,0x0619d4d1900c2365,2436.807000,2539.275000,102.468000,3.150506,ok
4,False,86,8,0x0619d4d1900c2365,2443.149000,2546.087000,102.938000,3.142076,ok
4,False,87,8,0x0619d4d1900c2365,2443.143000,2546.022000,102.879000,3.142157,ok
4,False,88,8,0x0619d4d1900c2365,2441.856000,2543.057000,101.201000,3.145820,ok
4,False,89,8,0x0619d4d1900c2365,2441.852000,2543.053000,101.201000,3.145825,ok
4,False,90,8,0x0619d4d1900c2365,2443.929000,2548.508000,104.579000,3.139092,ok
4,False,91,8,0x0619d4d1900c2365,2443.927000,2548.392000,104.465000,3.139234,ok
4,False,92,8,0x0619d4d1900c2365,2450.677000,2554.277000,103.600000,3.132002,ok
4,False,93,8,0x0619d4d1900c2365,2450.676000,2554.273000,103.597000,3.132007,ok
4,False,94,8,0x0619d4d1900c2365,2456.465000,2563.059000,106.594000,3.121270,ok
4,False,95,8,0x0619d4d1900c2365,2456.464000,2563.184000,106.720000,3.121118,ok
4,False,96,8,0x0619d4d1900c2365,2452.790000,2553.977000,101.187000,3.132370,ok
4,False,97,8,0x0619d4d1900c2365,2452.786000,2553.972000,101.186000,3.132376,ok
4,False,98,8,0x0619d4d1900c2365,2455.199000,2567.611000,112.412000,3.115737,ok
4,False,99,8,0x0619d4d1900c2365,2454.850000,2567.610000,112.760000,3.115738,ok
4,False,100,8,0x0619d4d1900c2365,2468.532000,2580.993000,112.461000,3.099582,ok
4,False,101,8,0x0619d4d1900c2365,2468.636000,2581.113000,112.477000,3.099438,ok
4,False,102,8,0x0619d4d1900c2365,2475.405000,2581.482000,106.077000,3.098995,ok
4,False,103,8,0x0619d4d1900c2365,2474.140000,2580.112000,105.972000,3.100641,ok
4,False,104,8,0x0619d4d1900c2365,2463.058000,2566.973000,103.915000,3.116511,ok
4,False,105,8,0x0619d4d1900c2365,2463.046000,2567.055000,104.009000,3.116412,ok
4,False,106,8,0x0619d4d1900c2365,2458.754000,2559.827000,101.073000,3.125211,ok
4,False,107,8,0x0619d4d1900c2365,2458.750000,2559.820000,101.070000,3.125220,ok
4,False,108,8,0x0619d4d1900c2365,2457.122000,2559.175000,102.053000,3.126007,ok
4,False,109,8,0x0619d4d1900c2365,2457.118000,2559.172000,102.054000,3.126011,ok
4,False,110,8,0x0619d4d1900c2365,2455.871000,2566.765000,110.894000,3.116764,ok
4,False,111,8,0x0619d4d1900c2365,2455.869000,2566.875000,111.006000,3.116630,ok
4,False,112,8,0x0619d4d1900c2365,2457.108000,2563.459000,106.351000,3.120783,ok
4,False,113,8,0x0619d4d1900c2365,2457.105000,2563.559000,106.454000,3.120662,ok
4,False,114,8,0x0619d4d1900c2365,2449.796000,2551.982000,102.186000,3.134818,ok
4,False,115,8,0x0619d4d1900c2365,2449.793000,2551.879000,102.086000,3.134945,ok
4,False,116,8,0x0619d4d1900c2365,2448.832000,2550.065000,101.233000,3.137175,ok
4,False,117,8,0x0619d4d1900c2365,2448.829000,2550.060000,101.231000,3.137181,ok
4,False,118,8,0x0619d4d1900c2365,2446.628000,2555.752000,109.124000,3.130194,ok
4,False,119,8,0x0619d4d1900c2365,2446.695000,2555.843000,109.148000,3.130083,ok
4,False,120,8,0x0619d4d1900c2365,2453.030000,2561.507000,108.477000,3.123161,ok
4,False,121,8,0x0619d4d1900c2365,2453.027000,2561.613000,108.586000,3.123032,ok
4,False,122,8,0x0619d4d1900c2365,2457.218000,2561.837000,104.619000,3.122759,ok
4,False,123,8,0x0619d4d1900c2365,2457.217000,2561.931000,104.714000,3.122645,ok
4,False,124,8,0x0619d4d1900c2365,2457.704000,2575.816000,118.112000,3.105812,ok
4,False,125,8,0x0619d4d1900c2365,2457.778000,2575.812000,118.034000,3.105817,ok
4,False,126,8,0x0619d4d1900c2365,2469.662000,2570.971000,101.309000,3.111665,ok
4,False,127,8,0x0619d4d1900c2365,2469.660000,2570.970000,101.310000,3.111666,ok
4,False,128,8,0x0619d4d1900c2365,2469.077000,2578.776000,109.699000,3.102247,ok
4,False,129,8,0x0619d4d1900c2365,2469.264000,2578.882000,109.618000,3.102119,ok
4,False,130,8,0x0619d4d1900c2365,2466.856000,2570.373000,103.517000,3.112389,ok
4,False,131,8,0x0619d4d1900c2365,2466.856000,2570.374000,103.518000,3.112388,ok
4,False,132,8,0x0619d4d1900c2365,2457.475000,2561.022000,103.547000,3.123753,ok
4,False,133,8,0x0619d4d1900c2365,2457.474000,2560.927000,103.453000,3.123869,ok
4,False,134,8,0x0619d4d1900c2365,2454.511000,2555.173000,100.662000,3.130903,ok
4,False,135,8,0x0619d4d1900c2365,2454.508000,2555.170000,100.662000,3.130907,ok
4,False,136,8,0x0619d4d1900c2365,2451.003000,2555.767000,104.764000,3.130176,ok
4,False,137,8,0x0619d4d1900c2365,2451.000000,2555.876000,104.876000,3.130042,ok
4,False,138,8,0x0619d4d1900c2365,2454.151000,2561.102000,106.951000,3.123655,ok
4,False,139,8,0x0619d4d1900c2365,2454.151000,2561.098000,106.947000,3.123660,ok
4,False,140,8,0x0619d4d1900c2365,2459.978000,2568.218000,108.240000,3.115000,ok
4,False,141,8,0x0619d4d1900c2365,2459.979000,2568.104000,108.125000,3.115139,ok
4,False,142,8,0x0619d4d1900c2365,2456.512000,2557.777000,101.265000,3.127716,ok
4,False,143,8,0x0619d4d1900c2365,2456.509000,2557.688000,101.179000,3.127825,ok
4,False,144,8,0x0619d4d1900c2365,2451.105000,2552.031000,100.926000,3.134758,ok
4,False,145,8,0x0619d4d1900c2365,2451.071000,2551.997000,100.926000,3.134800,ok
4,False,146,8,0x0619d4d1900c2365,2449.738000,2560.329000,110.591000,3.124598,ok
4,False,147,8,0x0619d4d1900c2365,2449.513000,2560.323000,110.810000,3.124606,ok
4,False,148,8,0x0619d4d1900c2365,2460.591000,2569.064000,108.473000,3.113975,ok
4,False,149,8,0x0619d4d1900c2365,2460.590000,2568.949000,108.359000,3.114114,ok
4,False,150,8,0x0619d4d1900c2365,2458.784000,2573.257000,114.473000,3.108901,ok
4,False,151,8,0x0619d4d1900c2365,2458.782000,2573.370000,114.588000,3.108764,ok
4,False,152,8,0x0619d4d1900c2365,2463.348000,2565.464000,102.116000,3.118344,ok
4,False,153,8,0x0619d4d1900c2365,2463.248000,2565.460000,102.212000,3.118349,ok
4,False,154,8,0x0619d4d1900c2365,2461.257000,2565.522000,104.265000,3.118274,ok
4,False,155,8,0x0619d4d1900c2365,2461.360000,2565.395000,104.035000,3.118428,ok
4,False,156,8,0x0619d4d1900c2365,2446.630000,2553.040000,106.410000,3.133519,ok
4,False,157,8,0x0619d4d1900c2365,2446.515000,2552.945000,106.430000,3.133636,ok
4,False,158,8,0x0619d4d1900c2365,2452.444000,2558.669000,106.225000,3.126626,ok
4,False,159,8,0x0619d4d1900c2365,2452.444000,2558.580000,106.136000,3.126734,ok
4,False,160,8,0x0619d4d1900c2365,2448.942000,2551.402000,102.460000,3.135531,ok
4,False,161,8,0x0619d4d1900c2365,2448.939000,2551.514000,102.575000,3.135393,ok
4,False,162,8,0x0619d4d1900c2365,2446.961000,2552.005000,105.044000,3.134790,ok
4,False,163,8,0x0619d4d1900c2365,2446.959000,2552.110000,105.151000,3.134661,ok
4,False,164,8,0x0619d4d1900c2365,2448.762000,2548.900000,100.138000,3.138609,ok
4,False,165,8,0x0619d4d1900c2365,2448.759000,2548.897000,100.138000,3.138613,ok
4,False,166,8,0x0619d4d1900c2365,2448.846000,2552.226000,103.380000,3.134519,ok
4,False,167,8,0x0619d4d1900c2365,2448.841000,2552.221000,103.380000,3.134525,ok
4,False,168,8,0x0619d4d1900c2365,2446.170000,2549.609000,103.439000,3.137736,ok
4,False,169,8,0x0619d4d1900c2365,2446.165000,2549.514000,103.349000,3.137853,ok
4,False,170,8,0x0619d4d1900c2365,2442.844000,2550.050000,107.206000,3.137193,ok
4,False,171,8,0x0619d4d1900c2365,2442.841000,2549.929000,107.088000,3.137342,ok
4,False,172,8,0x0619d4d1900c2365,2441.979000,2542.925000,100.946000,3.145983,ok
4,False,173,8,0x0619d4d1900c2365,2441.975000,2542.921000,100.946000,3.145988,ok
4,False,174,8,0x0619d4d1900c2365,2441.179000,2541.548000,100.369000,3.147688,ok
4,False,175,8,0x0619d4d1900c2365,2441.178000,2541.545000,100.367000,3.147692,ok
4,False,176,8,0x0619d4d1900c2365,2441.693000,2546.972000,105.279000,3.140985,ok
4,False,177,8,0x0619d4d1900c2365,2441.689000,2546.825000,105.136000,3.141166,ok
4,False,178,8,0x0619d4d1900c2365,2435.519000,2544.838000,109.319000,3.143619,ok
4,False,179,8,0x0619d4d1900c2365,2435.515000,2544.731000,109.216000,3.143751,ok
4,False,180,8,0x0619d4d1900c2365,2435.506000,2535.976000,100.470000,3.154604,ok
4,False,181,8,0x0619d4d1900c2365,2435.504000,2535.973000,100.469000,3.154608,ok
4,False,182,8,0x0619d4d1900c2365,2421.161000,2522.132000,100.971000,3.171920,ok
4,False,183,8,0x0619d4d1900c2365,2421.055000,2522.126000,101.071000,3.171927,ok
4,False,184,8,0x0619d4d1900c2365,2421.835000,2530.790000,108.955000,3.161068,ok
4,False,185,8,0x0619d4d1900c2365,2421.841000,2530.663000,108.822000,3.161227,ok
4,False,186,8,0x0619d4d1900c2365,2424.842000,2527.617000,102.775000,3.165036,ok
4,False,187,8,0x0619d4d1900c2365,2424.838000,2527.717000,102.879000,3.164911,ok
4,False,188,8,0x0619d4d1900c2365,2436.676000,2564.251000,127.575000,3.119819,ok
4,False,189,8,0x0619d4d1900c2365,2434.916000,2564.410000,129.494000,3.119626,ok
4,False,190,8,0x0619d4d1900c2365,2458.848000,2561.460000,102.612000,3.123219,ok
4,False,191,8,0x0619d4d1900c2365,2458.795000,2561.460000,102.665000,3.123219,ok
4,False,192,8,0x0619d4d1900c2365,2458.343000,2558.945000,100.602000,3.126288,ok
4,False,193,8,0x0619d4d1900c2365,2458.339000,2558.941000,100.602000,3.126293,ok
4,False,194,8,0x0619d4d1900c2365,2454.654000,2555.369000,100.715000,3.130663,ok
4,False,195,8,0x0619d4d1900c2365,2454.653000,2555.368000,100.715000,3.130665,ok
4,False,196,8,0x0619d4d1900c2365,2454.735000,2557.145000,102.410000,3.128489,ok
4,False,197,8,0x0619d4d1900c2365,2454.731000,2557.233000,102.502000,3.128381,ok
4,False,198,8,0x0619d4d1900c2365,2453.510000,2553.706000,100.196000,3.132702,ok
4,False,199,8,0x0619d4d1900c2365,2453.510000,2553.705000,100.195000,3.132703,ok
5,False,0,8,0x0619d4d1900c2365,48.288000,129.605000,81.317000,61.726014,ok
5,False,1,8,0x0619d4d1900c2365,48.280000,129.598000,81.318000,61.729348,ok
5,False,2,8,0x0619d4d1900c2365,173.072000,258.307000,85.235000,30.970899,ok
5,False,3,8,0x0619d4d1900c2365,172.394000,258.307000,85.913000,30.970899,ok
5,False,4,8,0x0619d4d1900c2365,301.603000,383.851000,82.248000,20.841420,ok
5,False,5,8,0x0619d4d1900c2365,301.556000,383.851000,82.295000,20.841420,ok
5,False,6,8,0x0619d4d1900c2365,427.764000,510.387000,82.623000,15.674380,ok
5,False,7,8,0x0619d4d1900c2365,427.764000,510.387000,82.623000,15.674380,ok
5,False,8,8,0x0619d4d1900c2365,554.428000,636.540000,82.112000,12.567945,ok
5,False,9,8,0x0619d4d1900c2365,554.427000,636.540000,82.113000,12.567945,ok
5,False,10,8,0x0619d4d1900c2365,681.185000,764.249000,83.064000,10.467793,ok
5,False,11,8,0x0619d4d1900c2365,681.185000,764.249000,83.064000,10.467793,ok
5,False,12,8,0x0619d4d1900c2365,807.678000,889.798000,82.120000,8.990805,ok
5,False,13,8,0x0619d4d1900c2365,807.678000,889.798000,82.120000,8.990805,ok
5,False,14,8,0x0619d4d1900c2365,933.550000,1022.667000,89.117000,7.822683,ok
5,False,15,8,0x0619d4d1900c2365,933.566000,1022.666000,89.100000,7.822691,ok
5,False,16,8,0x0619d4d1900c2365,1066.663000,1148.816000,82.153000,6.963691,ok
5,False,17,8,0x0619d4d1900c2365,1066.662000,1148.816000,82.154000,6.963691,ok
5,False,18,8,0x0619d4d1900c2365,1193.157000,1283.358000,90.201000,6.233646,ok
5,False,19,8,0x0619d4d1900c2365,1192.909000,1283.358000,90.449000,6.233646,ok
5,False,20,8,0x0619d4d1900c2365,1327.241000,1410.176000,82.935000,5.673051,ok
5,False,21,8,0x0619d4d1900c2365,1327.392000,1410.176000,82.784000,5.673051,ok
5,False,22,8,0x0619d4d1900c2365,1454.588000,1536.774000,82.186000,5.205710,ok
5,False,23,8,0x0619d4d1900c2365,1454.588000,1536.777000,82.189000,5.205700,ok
5,False,24,8,0x0619d4d1900c2365,1581.150000,1663.113000,81.963000,4.810256,ok
5,False,25,8,0x0619d4d1900c2365,1581.148000,1663.113000,81.965000,4.810256,ok
5,False,26,8,0x0619d4d1900c2365,1708.202000,1791.162000,82.960000,4.466374,ok
5,False,27,8,0x0619d4d1900c2365,1708.202000,1791.164000,82.962000,4.466369,ok
5,False,28,8,0x0619d4d1900c2365,1836.128000,1918.432000,82.304000,4.170072,ok
5,False,29,8,0x0619d4d1900c2365,1836.128000,1918.432000,82.304000,4.170072,ok
5,False,30,8,0x0619d4d1900c2365,1963.282000,2055.234000,91.952000,3.892501,ok
5,False,31,8,0x0619d4d1900c2365,1963.229000,2055.235000,92.006000,3.892499,ok
5,False,32,8,0x0619d4d1900c2365,1969.636000,2052.173000,82.537000,3.898307,ok
5,False,33,8,0x0619d4d1900c2365,1969.603000,2052.139000,82.536000,3.898371,ok
5,False,34,8,0x0619d4d1900c2365,1967.842000,2050.809000,82.967000,3.900900,ok
5,False,35,8,0x0619d4d1900c2365,1967.839000,2050.806000,82.967000,3.900905,ok
5,False,36,8,0x0619d4d1900c2365,1970.606000,2052.973000,82.367000,3.896788,ok
5,False,37,8,0x0619d4d1900c2365,1970.592000,2052.970000,82.378000,3.896793,ok
5,False,38,8,0x0619d4d1900c2365,1971.031000,2055.289000,84.258000,3.892397,ok
5,False,39,8,0x0619d4d1900c2365,1971.027000,2055.285000,84.258000,3.892404,ok
5,False,40,8,0x0619d4d1900c2365,1974.352000,2056.339000,81.987000,3.890409,ok
5,False,41,8,0x0619d4d1900c2365,1974.347000,2056.336000,81.989000,3.890415,ok
5,False,42,8,0x0619d4d1900c2365,1973.320000,2057.486000,84.166000,3.888240,ok
5,False,43,8,0x0619d4d1900c2365,1973.419000,2057.483000,84.064000,3.888246,ok
5,False,44,8,0x0619d4d1900c2365,1977.076000,2078.725000,101.649000,3.848513,ok
5,False,45,8,0x0619d4d1900c2365,1977.071000,2079.591000,102.520000,3.846910,ok
5,False,46,8,0x0619d4d1900c2365,1997.782000,2094.914000,97.132000,3.818773,ok
5,False,47,8,0x0619d4d1900c2365,1997.776000,2094.850000,97.074000,3.818889,ok
5,False,48,8,0x0619d4d1900c2365,2013.544000,2100.838000,87.294000,3.808004,ok
5,False,49,8,0x0619d4d1900c2365,2013.278000,2100.838000,87.560000,3.808004,ok
5,False,50,8,0x0619d4d1900c2365,2011.479000,2123.111000,111.632000,3.768055,ok
5,False,51,8,0x0619d4d1900c2365,2011.114000,2123.108000,111.994000,3.768061,ok
5,False,52,8,0x0619d4d1900c2365,2040.770000,2205.402000,164.632000,3.627457,ok
5,False,53,8,0x0619d4d1900c2365,2040.693000,2208.220000,167.527000,3.622827,ok
5,False,54,8,0x0619d4d1900c2365,2127.811000,2246.225000,118.414000,3.561531,ok
5,False,55,8,0x0619d4d1900c2365,2129.030000,2246.162000,117.132000,3.561631,ok
5,False,56,8,0x0619d4d1900c2365,2168.547000,2293.456000,124.909000,3.488186,ok
5,False,57,8,0x0619d4d1900c2365,2169.453000,2293.861000,124.408000,3.487570,ok
5,False,58,8,0x0619d4d1900c2365,2215.539000,2340.825000,125.286000,3.417598,ok
5,False,59,8,0x0619d4d1900c2365,2217.161000,2342.154000,124.993000,3.415659,ok
5,False,60,8,0x0619d4d1900c2365,2262.995000,2385.224000,122.229000,3.353983,ok
5,False,61,8,0x0619d4d1900c2365,2265.387000,2390.722000,125.335000,3.346269,ok
5,False,62,8,0x0619d4d1900c2365,2299.903000,2414.635000,114.732000,3.313130,ok
5,False,63,8,0x0619d4d1900c2365,2306.956000,2419.847000,112.891000,3.305994,ok
5,False,64,8,0x0619d4d1900c2365,2341.554000,2434.853000,93.299000,3.285619,ok
5,False,65,8,0x0619d4d1900c2365,2341.804000,2434.794000,92.990000,3.285699,ok
5,False,66,8,0x0619d4d1900c2365,2352.271000,2436.601000,84.330000,3.283262,ok
5,False,67,8,0x0619d4d1900c2365,2352.347000,2436.598000,84.251000,3.283266,ok
5,False,68,8,0x0619d4d1900c2365,2355.412000,2442.830000,87.418000,3.274890,ok
5,False,69,8,0x0619d4d1900c2365,2354.905000,2442.827000,87.922000,3.274894,ok
5,False,70,8,0x0619d4d1900c2365,2368.422000,2487.064000,118.642000,3.216644,ok
5,False,71,8,0x0619d4d1900c2365,2372.113000,2495.085000,122.972000,3.206304,ok
5,False,72,8,0x0619d4d1900c2365,2406.399000,2522.849000,116.450000,3.171018,ok
5,False,73,8,0x0619d4d1900c2365,2415.669000,2535.779000,120.110000,3.154849,ok
5,False,74,8,0x0619d4d1900c2365,2439.444000,2528.366000,88.922000,3.164099,ok
5,False,75,8,0x0619d4d1900c2365,2452.435000,2541.550000,89.115000,3.147685,ok
5,False,76,8,0x0619d4d1900c2365,2427.035000,2515.136000,88.101000,3.180743,ok
5,False,77,8,0x0619d4d1900c2365,2439.320000,2527.048000,87.728000,3.165749,ok
5,False,78,8,0x0619d4d1900c2365,2412.306000,2502.587000,90.281000,3.196692,ok
5,False,79,8,0x0619d4d1900c2365,2425.515000,2515.905000,90.390000,3.179770,ok
5,False,80,8,0x0619d4d1900c2365,2415.766000,2500.820000,85.054000,3.198951,ok
5,False,81,8,0x0619d4d1900c2365,2429.273000,2514.131000,84.858000,3.182014,ok
5,False,82,8,0x0619d4d1900c2365,2389.921000,2478.015000,88.094000,3.228390,ok
5,False,83,8,0x0619d4d1900c2365,2403.838000,2491.326000,87.488000,3.211141,ok
5,False,84,8,0x0619d4d1900c2365,2315.017000,2402.606000,87.589000,3.329718,ok
5,False,85,8,0x0619d4d1900c2365,2325.913000,2413.837000,87.924000,3.314225,ok
5,False,86,8,0x0619d4d1900c2365,2280.990000,2366.690000,85.700000,3.380248,ok
5,False,87,8,0x0619d4d1900c2365,2294.661000,2379.803000,85.142000,3.361623,ok
5,False,88,8,0x0619d4d1900c2365,2238.657000,2324.372000,85.715000,3.441790,ok
5,False,89,8,0x0619d4d1900c2365,2252.043000,2337.680000,85.637000,3.422196,ok
5,False,90,8,0x0619d4d1900c2365,2219.438000,2313.722000,94.284000,3.457632,ok
5,False,91,8,0x0619d4d1900c2365,2231.559000,2325.589000,94.030000,3.439989,ok
5,False,92,8,0x0619d4d1900c2365,2186.418000,2273.964000,87.546000,3.518086,ok
5,False,93,8,0x0619d4d1900c2365,2194.971000,2282.449000,87.478000,3.505007,ok
5,False,94,8,0x0619d4d1900c2365,2155.177000,2243.207000,88.030000,3.566323,ok
5,False,95,8,0x0619d4d1900c2365,2163.523000,2251.635000,88.112000,3.552974,ok
5,False,96,8,0x0619d4d1900c2365,2141.163000,2228.141000,86.978000,3.590437,ok
5,False,97,8,0x0619d4d1900c2365,2155.022000,2241.441000,86.419000,3.569133,ok
5,False,98,8,0x0619d4d1900c2365,2144.737000,2241.061000,96.324000,3.569738,ok
5,False,99,8,0x0619d4d1900c2365,2157.740000,2254.436000,96.696000,3.548559,ok
5,False,100,8,0x0619d4d1900c2365,2154.268000,2243.858000,89.590000,3.565288,ok
5,False,101,8,0x0619d4d1900c2365,2167.769000,2257.385000,89.616000,3.543924,ok
5,False,102,8,0x0619d4d1900c2365,2116.628000,2207.938000,91.310000,3.623290,ok
5,False,103,8,0x0619d4d1900c2365,2122.465000,2213.604000,91.139000,3.614016,ok
5,False,104,8,0x0619d4d1900c2365,2092.911000,2182.632000,89.721000,3.665300,ok
5,False,105,8,0x0619d4d1900c2365,2094.227000,2183.797000,89.570000,3.663344,ok
5,False,106,8,0x0619d4d1900c2365,2095.188000,2184.108000,88.920000,3.662823,ok
5,False,107,8,0x0619d4d1900c2365,2094.977000,2183.550000,88.573000,3.663759,ok
5,False,108,8,0x0619d4d1900c2365,2096.871000,2187.134000,90.263000,3.657755,ok
5,False,109,8,0x0619d4d1900c2365,2096.681000,2186.458000,89.777000,3.658886,ok
5,False,110,8,0x0619d4d1900c2365,2096.657000,2187.019000,90.362000,3.657947,ok
5,False,111,8,0x0619d4d1900c2365,2097.437000,2187.788000,90.351000,3.656661,ok
5,False,112,8,0x0619d4d1900c2365,2102.963000,2206.623000,103.660000,3.625449,ok
5,False,113,8,0x0619d4d1900c2365,2103.549000,2207.470000,103.921000,3.624058,ok
5,False,114,8,0x0619d4d1900c2365,2120.161000,2225.911000,105.750000,3.594034,ok
5,False,115,8,0x0619d4d1900c2365,2119.748000,2227.254000,107.506000,3.591867,ok
5,False,116,8,0x0619d4d1900c2365,2138.089000,2253.979000,115.890000,3.549279,ok
5,False,117,8,0x0619d4d1900c2365,2141.118000,2254.911000,113.793000,3.547812,ok
5,False,118,8,0x0619d4d1900c2365,2169.951000,2258.649000,88.698000,3.541940,ok
5,False,119,8,0x0619d4d1900c2365,2169.730000,2257.841000,88.111000,3.543208,ok
5,False,120,8,0x0619d4d1900c2365,2173.372000,2260.101000,86.729000,3.539665,ok
5,False,121,8,0x0619d4d1900c2365,2174.494000,2260.512000,86.018000,3.539021,ok
5,False,122,8,0x0619d4d1900c2365,2142.421000,2236.581000,94.160000,3.576888,ok
5,False,123,8,0x0619d4d1900c2365,2142.667000,2237.349000,94.682000,3.575660,ok
5,False,124,8,0x0619d4d1900c2365,2150.567000,2240.599000,90.032000,3.570474,ok
5,False,125,8,0x0619d4d1900c2365,2149.839000,2240.188000,90.349000,3.571129,ok
5,False,126,8,0x0619d4d1900c2365,2152.834000,2241.850000,89.016000,3.568481,ok
5,False,127,8,0x0619d4d1900c2365,2154.242000,2268.075000,113.833000,3.527220,ok
5,False,128,8,0x0619d4d1900c2365,2181.901000,2296.107000,114.206000,3.484158,ok
5,False,129,8,0x0619d4d1900c2365,2184.475000,2292.410000,107.935000,3.489777,ok
5,False,130,8,0x0619d4d1900c2365,2204.826000,2327.743000,122.917000,3.436806,ok
5,False,131,8,0x0619d4d1900c2365,2198.207000,2320.632000,122.425000,3.447337,ok
5,False,132,8,0x0619d4d1900c2365,2239.045000,2360.362000,121.317000,3.389311,ok
5,False,133,8,0x0619d4d1900c2365,2231.430000,2352.224000,120.794000,3.401037,ok
5,False,134,8,0x0619d4d1900c2365,2269.708000,2382.647000,112.939000,3.357610,ok
5,False,135,8,0x0619d4d1900c2365,2264.007000,2373.629000,109.622000,3.370367,ok
5,False,136,8,0x0619d4d1900c2365,2298.746000,2407.705000,108.959000,3.322666,ok
5,False,137,8,0x0619d4d1900c2365,2289.200000,2403.480000,114.280000,3.328507,ok
5,False,138,8,0x0619d4d1900c2365,2324.433000,2445.287000,120.854000,3.271600,ok
5,False,139,8,0x0619d4d1900c2365,2320.780000,2441.777000,120.997000,3.276302,ok
5,False,140,8,0x0619d4d1900c2365,2355.858000,2478.471000,122.613000,3.227796,ok
5,False,141,8,0x0619d4d1900c2365,2352.061000,2471.838000,119.777000,3.236458,ok
5,False,142,8,0x0619d4d1900c2365,2387.804000,2508.755000,120.951000,3.188833,ok
5,False,143,8,0x0619d4d1900c2365,2382.496000,2502.939000,120.443000,3.196242,ok
5,False,144,8,0x0619d4d1900c2365,2404.683000,2526.031000,121.348000,3.167024,ok
5,False,145,8,0x0619d4d1900c2365,2399.929000,2520.670000,120.741000,3.173759,ok
5,False,146,8,0x0619d4d1900c2365,2421.832000,2542.464000,120.632000,3.146554,ok
5,False,147,8,0x0619d4d1900c2365,2414.065000,2534.695000,120.630000,3.156198,ok
5,False,148,8,0x0619d4d1900c2365,2426.511000,2546.928000,120.417000,3.141039,ok
5,False,149,8,0x0619d4d1900c2365,2420.831000,2541.363000,120.532000,3.147917,ok
5,False,150,8,0x0619d4d1900c2365,2456.410000,2576.732000,120.322000,3.104708,ok
5,False,151,8,0x0619d4d1900c2365,2453.033000,2573.105000,120.072000,3.109084,ok
5,False,152,8,0x0619d4d1900c2365,2489.993000,2609.668000,119.675000,3.065524,ok
5,False,153,8,0x0619d4d1900c2365,2487.137000,2607.032000,119.895000,3.068624,ok
5,False,154,8,0x0619d4d1900c2365,2516.260000,2635.106000,118.846000,3.035931,ok
5,False,155,8,0x0619d4d1900c2365,2513.162000,2632.361000,119.199000,3.039097,ok
5,False,156,8,0x0619d4d1900c2365,2543.870000,2653.842000,109.972000,3.014497,ok
5,False,157,8,0x0619d4d1900c2365,2542.142000,2653.368000,111.226000,3.015036,ok
5,False,158,8,0x0619d4d1900c2365,2564.198000,2656.896000,92.698000,3.011032,ok
5,False,159,8,0x0619d4d1900c2365,2540.364000,2633.093000,92.729000,3.038252,ok
5,False,160,8,0x0619d4d1900c2365,2517.329000,2605.533000,88.204000,3.070389,ok
5,False,161,8,0x0619d4d1900c2365,2521.758000,2609.617000,87.859000,3.065584,ok
5,False,162,8,0x0619d4d1900c2365,2478.934000,2573.580000,94.646000,3.108510,ok
5,False,163,8,0x0619d4d1900c2365,2486.370000,2580.748000,94.378000,3.099876,ok
5,False,164,8,0x0619d4d1900c2365,2452.696000,2541.739000,89.043000,3.147451,ok
5,False,165,8,0x0619d4d1900c2365,2459.849000,2548.836000,88.987000,3.138688,ok
5,False,166,8,0x0619d4d1900c2365,2427.151000,2514.493000,87.342000,3.181556,ok
5,False,167,8,0x0619d4d1900c2365,2437.104000,2524.591000,87.487000,3.168830,ok
5,False,168,8,0x0619d4d1900c2365,2401.434000,2491.007000,89.573000,3.211553,ok
5,False,169,8,0x0619d4d1900c2365,2405.038000,2494.325000,89.287000,3.207281,ok
5,False,170,8,0x0619d4d1900c2365,2364.187000,2453.741000,89.554000,3.260328,ok
5,False,171,8,0x0619d4d1900c2365,2368.493000,2458.130000,89.637000,3.254506,ok
5,False,172,8,0x0619d4d1900c2365,2330.654000,2419.845000,89.191000,3.305997,ok
5,False,173,8,0x0619d4d1900c2365,2337.819000,2426.863000,89.044000,3.296437,ok
5,False,174,8,0x0619d4d1900c2365,2298.912000,2387.214000,88.302000,3.351187,ok
5,False,175,8,0x0619d4d1900c2365,2306.494000,2394.465000,87.971000,3.341039,ok
5,False,176,8,0x0619d4d1900c2365,2267.736000,2356.610000,88.874000,3.394707,ok
5,False,177,8,0x0619d4d1900c2365,2273.431000,2362.641000,89.210000,3.386041,ok
5,False,178,8,0x0619d4d1900c2365,2236.974000,2326.334000,89.360000,3.438887,ok
5,False,179,8,0x0619d4d1900c2365,2243.028000,2332.042000,89.014000,3.430470,ok
5,False,180,8,0x0619d4d1900c2365,2206.660000,2300.555000,93.895000,3.477422,ok
5,False,181,8,0x0619d4d1900c2365,2212.538000,2306.558000,94.020000,3.468371,ok
5,False,182,8,0x0619d4d1900c2365,2181.935000,2272.260000,90.325000,3.520724,ok
5,False,183,8,0x0619d4d1900c2365,2187.281000,2276.894000,89.613000,3.513558,ok
5,False,184,8,0x0619d4d1900c2365,2152.928000,2242.905000,89.977000,3.566803,ok
5,False,185,8,0x0619d4d1900c2365,2156.573000,2246.157000,89.584000,3.561639,ok
5,False,186,8,0x0619d4d1900c2365,2124.204000,2217.711000,93.507000,3.607323,ok
5,False,187,8,0x0619d4d1900c2365,2127.614000,2220.835000,93.221000,3.602249,ok
5,False,188,8,0x0619d4d1900c2365,2109.615000,2199.909000,90.294000,3.636514,ok
5,False,189,8,0x0619d4d1900c2365,2109.085000,2199.520000,90.435000,3.637157,ok
5,False,190,8,0x0619d4d1900c2365,2107.094000,2196.581000,89.487000,3.642024,ok
5,False,191,8,0x0619d4d1900c2365,2106.748000,2195.996000,89.248000,3.642994,ok
5,False,192,8,0x0619d4d1900c2365,2107.924000,2198.270000,90.346000,3.639225,ok
5,False,193,8,0x0619d4d1900c2365,2108.483000,2199.308000,90.825000,3.637508,ok
5,False,194,8,0x0619d4d1900c2365,2104.135000,2194.256000,90.121000,3.645883,ok
5,False,195,8,0x0619d4d1900c2365,2105.275000,2195.101000,89.826000,3.644479,ok
5,False,196,8,0x0619d4d1900c2365,2106.001000,2194.954000,88.953000,3.644723,ok
5,False,197,8,0x0619d4d1900c2365,2105.488000,2194.322000,88.834000,3.645773,ok
5,False,198,8,0x0619d4d1900c2365,2107.566000,2196.950000,89.384000,3.641412,ok
5,False,199,8,0x0619d4d1900c2365,2107.308000,2194.902000,87.594000,3.644810,ok
6,False,0,8,0x0619d4d1900c2365,54.616000,174.466000,119.850000,45.854207,ok
6,False,1,8,0x0619d4d1900c2365,57.679000,178.942000,121.263000,44.707224,ok
6,False,2,8,0x0619d4d1900c2365,221.690000,339.103000,117.413000,23.591652,ok
6,False,3,8,0x0619d4d1900c2365,226.930000,342.532000,115.602000,23.355482,ok
6,False,4,8,0x0619d4d1900c2365,391.844000,514.129000,122.285000,15.560297,ok
6,False,5,8,0x0619d4d1900c2365,395.342000,517.465000,122.123000,15.459983,ok
6,False,6,8,0x0619d4d1900c2365,562.170000,684.260000,122.090000,11.691462,ok
6,False,7,8,0x0619d4d1900c2365,566.123000,688.002000,121.879000,11.627873,ok
6,False,8,8,0x0619d4d1900c2365,732.378000,854.576000,122.198000,9.361368,ok
6,False,9,8,0x0619d4d1900c2365,736.735000,858.534000,121.799000,9.318210,ok
6,False,10,8,0x0619d4d1900c2365,903.045000,1027.442000,124.397000,7.786328,ok
6,False,11,8,0x0619d4d1900c2365,907.670000,1027.442000,119.772000,7.786328,ok
6,False,12,8,0x0619d4d1900c2365,1078.070000,1168.026000,89.956000,6.849163,ok
6,False,13,8,0x0619d4d1900c2365,1077.998000,1168.025000,90.027000,6.849168,ok
6,False,14,8,0x0619d4d1900c2365,1217.899000,1308.978000,91.079000,6.111638,ok
6,False,15,8,0x0619d4d1900c2365,1217.899000,1308.978000,91.079000,6.111638,ok
6,False,16,8,0x0619d4d1900c2365,1358.626000,1449.035000,90.409000,5.520916,ok
6,False,17,8,0x0619d4d1900c2365,1358.625000,1449.084000,90.459000,5.520729,ok
6,False,18,8,0x0619d4d1900c2365,1497.976000,1588.092000,90.116000,5.037492,ok
6,False,19,8,0x0619d4d1900c2365,1497.976000,1588.092000,90.116000,5.037492,ok
6,False,20,8,0x0619d4d1900c2365,1637.969000,1728.291000,90.322000,4.628850,ok
6,False,21,8,0x0619d4d1900c2365,1637.969000,1728.291000,90.322000,4.628850,ok
6,False,22,8,0x0619d4d1900c2365,1777.820000,1868.651000,90.831000,4.281163,ok
6,False,23,8,0x0619d4d1900c2365,1777.820000,1868.744000,90.924000,4.280950,ok
6,False,24,8,0x0619d4d1900c2365,1917.886000,2008.887000,91.001000,3.982305,ok
6,False,25,8,0x0619d4d1900c2365,1917.886000,2008.887000,91.001000,3.982305,ok
6,False,26,8,0x0619d4d1900c2365,2058.564000,2156.021000,97.457000,3.710539,ok
6,False,27,8,0x0619d4d1900c2365,2058.564000,2156.021000,97.457000,3.710539,ok
6,False,28,8,0x0619d4d1900c2365,2205.576000,2296.919000,91.343000,3.482926,ok
6,False,29,8,0x0619d4d1900c2365,2205.660000,2296.919000,91.259000,3.482926,ok
6,False,30,8,0x0619d4d1900c2365,2346.668000,2437.554000,90.886000,3.281979,ok
6,False,31,8,0x0619d4d1900c2365,2346.668000,2437.553000,90.885000,3.281980,ok
6,False,32,8,0x0619d4d1900c2365,2312.172000,2413.603000,101.431000,3.314547,ok
6,False,33,8,0x0619d4d1900c2365,2307.001000,2408.903000,101.902000,3.321014,ok
6,False,34,8,0x0619d4d1900c2365,2299.750000,2397.846000,98.096000,3.336328,ok
6,False,35,8,0x0619d4d1900c2365,2296.717000,2394.053000,97.336000,3.341614,ok
6,False,36,8,0x0619d4d1900c2365,2273.194000,2364.117000,90.923000,3.383927,ok
6,False,37,8,0x0619d4d1900c2365,2269.390000,2360.422000,91.032000,3.389224,ok
6,False,38,8,0x0619d4d1900c2365,2243.460000,2334.258000,90.798000,3.427213,ok
6,False,39,8,0x0619d4d1900c2365,2239.753000,2330.547000,90.794000,3.432671,ok
6,False,40,8,0x0619d4d1900c2365,2213.349000,2304.258000,90.909000,3.471833,ok
6,False,41,8,0x0619d4d1900c2365,2209.523000,2300.432000,90.909000,3.477608,ok
6,False,42,8,0x0619d4d1900c2365,2181.455000,2272.404000,90.949000,3.520501,ok
6,False,43,8,0x0619d4d1900c2365,2181.453000,2272.402000,90.949000,3.520504,ok
6,False,44,8,0x0619d4d1900c2365,2181.768000,2273.288000,91.520000,3.519132,ok
6,False,45,8,0x0619d4d1900c2365,2181.846000,2273.285000,91.439000,3.519136,ok
6,False,46,8,0x0619d4d1900c2365,2255.024000,2380.227000,125.203000,3.361024,ok
6,False,47,8,0x0619d4d1900c2365,2260.965000,2382.072000,121.107000,3.358421,ok
6,False,48,8,0x0619d4d1900c2365,2289.972000,2410.409000,120.437000,3.318939,ok
6,False,49,8,0x0619d4d1900c2365,2292.365000,2410.407000,118.042000,3.318942,ok
6,False,50,8,0x0619d4d1900c2365,2321.711000,2413.885000,92.174000,3.314160,ok
6,False,51,8,0x0619d4d1900c2365,2321.709000,2413.882000,92.173000,3.314164,ok
6,False,52,8,0x0619d4d1900c2365,2323.521000,2415.766000,92.245000,3.311579,ok
6,False,53,8,0x0619d4d1900c2365,2323.517000,2415.762000,92.245000,3.311585,ok
6,False,54,8,0x0619d4d1900c2365,2329.161000,2519.263000,190.102000,3.175532,ok
6,False,55,8,0x0619d4d1900c2365,2329.125000,2520.988000,191.863000,3.173359,ok
6,False,56,8,0x0619d4d1900c2365,2437.758000,2548.758000,111.000000,3.138784,ok
6,False,57,8,0x0619d4d1900c2365,2434.900000,2548.676000,113.776000,3.138885,ok
6,False,58,8,0x0619d4d1900c2365,2454.358000,2574.523000,120.165000,3.107372,ok
6,False,59,8,0x0619d4d1900c2365,2454.569000,2574.685000,120.116000,3.107176,ok
6,False,60,8,0x0619d4d1900c2365,2490.299000,2596.705000,106.406000,3.080827,ok
6,False,61,8,0x0619d4d1900c2365,2489.818000,2596.767000,106.949000,3.080754,ok
6,False,62,8,0x0619d4d1900c2365,2507.666000,2607.876000,100.210000,3.067631,ok
6,False,63,8,0x0619d4d1900c2365,2507.786000,2607.970000,100.184000,3.067520,ok
6,False,64,8,0x0619d4d1900c2365,2507.829000,2601.025000,93.196000,3.075711,ok
6,False,65,8,0x0619d4d1900c2365,2507.826000,2601.021000,93.195000,3.075715,ok
6,False,66,8,0x0619d4d1900c2365,2502.570000,2596.582000,94.012000,3.080973,ok
6,False,67,8,0x0619d4d1900c2365,2502.567000,2597.685000,95.118000,3.079665,ok
6,False,68,8,0x0619d4d1900c2365,2509.258000,2628.074000,118.816000,3.044054,ok
6,False,69,8,0x0619d4d1900c2365,2513.356000,2628.070000,114.714000,3.044059,ok
6,False,70,8,0x0619d4d1900c2365,2538.884000,2635.500000,96.616000,3.035477,ok
6,False,71,8,0x0619d4d1900c2365,2538.782000,2635.522000,96.740000,3.035452,ok
6,False,72,8,0x0619d4d1900c2365,2545.112000,2638.371000,93.259000,3.032174,ok
6,False,73,8,0x0619d4d1900c2365,2545.109000,2638.367000,93.258000,3.032179,ok
6,False,74,8,0x0619d4d1900c2365,2548.060000,2641.201000,93.141000,3.028925,ok
6,False,75,8,0x0619d4d1900c2365,2548.056000,2641.257000,93.201000,3.028861,ok
6,False,76,8,0x0619d4d1900c2365,2550.276000,2643.252000,92.976000,3.026575,ok
6,False,77,8,0x0619d4d1900c2365,2550.275000,2643.251000,92.976000,3.026576,ok
6,False,78,8,0x0619d4d1900c2365,2444.614000,2537.155000,92.541000,3.153138,ok
6,False,79,8,0x0619d4d1900c2365,2443.348000,2535.887000,92.539000,3.154715,ok
6,False,80,8,0x0619d4d1900c2365,2418.290000,2510.462000,92.172000,3.186664,ok
6,False,81,8,0x0619d4d1900c2365,2418.288000,2510.458000,92.170000,3.186670,ok
6,False,82,8,0x0619d4d1900c2365,2418.711000,2513.566000,94.855000,3.182729,ok
6,False,83,8,0x0619d4d1900c2365,2419.235000,2513.565000,94.330000,3.182731,ok
6,False,84,8,0x0619d4d1900c2365,2421.016000,2518.377000,97.361000,3.176649,ok
6,False,85,8,0x0619d4d1900c2365,2420.944000,2520.152000,99.208000,3.174412,ok
6,False,86,8,0x0619d4d1900c2365,2324.993000,2428.280000,103.287000,3.294513,ok
6,False,87,8,0x0619d4d1900c2365,2325.326000,2427.016000,101.690000,3.296229,ok
6,False,88,8,0x0619d4d1900c2365,2308.503000,2401.185000,92.682000,3.331688,ok
6,False,89,8,0x0619d4d1900c2365,2308.499000,2401.181000,92.682000,3.331694,ok
6,False,90,8,0x0619d4d1900c2365,2278.877000,2371.542000,92.665000,3.373333,ok
6,False,91,8,0x0619d4d1900c2365,2278.947000,2371.537000,92.590000,3.373340,ok
6,False,92,8,0x0619d4d1900c2365,2258.866000,2351.828000,92.962000,3.401609,ok
6,False,93,8,0x0619d4d1900c2365,2258.864000,2351.829000,92.965000,3.401608,ok
6,False,94,8,0x0619d4d1900c2365,2250.565000,2343.887000,93.322000,3.413134,ok
6,False,95,8,0x0619d4d1900c2365,2250.558000,2343.771000,93.213000,3.413303,ok
6,False,96,8,0x0619d4d1900c2365,2250.350000,2347.973000,97.623000,3.407194,ok
6,False,97,8,0x0619d4d1900c2365,2250.347000,2348.420000,98.073000,3.406546,ok
6,False,98,8,0x0619d4d1900c2365,2260.630000,2377.698000,117.068000,3.364599,ok
6,False,99,8,0x0619d4d1900c2365,2261.701000,2384.970000,123.269000,3.354340,ok
6,False,100,8,0x0619d4d1900c2365,2264.366000,2441.329000,176.963000,3.276904,ok
6,False,101,8,0x0619d4d1900c2365,2270.334000,2457.685000,187.351000,3.255096,ok
6,False,102,8,0x0619d4d1900c2365,2370.652000,2486.737000,116.085000,3.217067,ok
6,False,103,8,0x0619d4d1900c2365,2377.569000,2492.833000,115.264000,3.209200,ok
6,False,104,8,0x0619d4d1900c2365,2393.354000,2515.560000,122.206000,3.180206,ok
6,False,105,8,0x0619d4d1900c2365,2399.195000,2519.724000,120.529000,3.174951,ok
6,False,106,8,0x0619d4d1900c2365,2431.178000,2538.746000,107.568000,3.151162,ok
6,False,107,8,0x0619d4d1900c2365,2433.773000,2538.831000,105.058000,3.151057,ok
6,False,108,8,0x0619d4d1900c2365,2450.718000,2566.453000,115.735000,3.117143,ok
6,False,109,8,0x0619d4d1900c2365,2450.261000,2567.638000,117.377000,3.115704,ok
6,False,110,8,0x0619d4d1900c2365,2474.164000,2584.076000,109.912000,3.095884,ok
6,False,111,8,0x0619d4d1900c2365,2476.735000,2584.073000,107.338000,3.095888,ok
6,False,112,8,0x0619d4d1900c2365,2492.360000,2605.258000,112.898000,3.070713,ok
6,False,113,8,0x0619d4d1900c2365,2494.337000,2605.256000,110.919000,3.070716,ok
6,False,114,8,0x0619d4d1900c2365,2511.218000,2605.622000,94.404000,3.070284,ok
6,False,115,8,0x0619d4d1900c2365,2511.103000,2605.619000,94.516000,3.070288,ok
6,False,116,8,0x0619d4d1900c2365,2508.009000,2620.760000,112.751000,3.052550,ok
6,False,117,8,0x0619d4d1900c2365,2508.457000,2626.225000,117.768000,3.046197,ok
6,False,118,8,0x0619d4d1900c2365,2524.349000,2637.833000,113.484000,3.032792,ok
6,False,119,8,0x0619d4d1900c2365,2521.107000,2639.248000,118.141000,3.031166,ok
6,False,120,8,0x0619d4d1900c2365,2550.270000,2662.043000,111.773000,3.005211,ok
6,False,121,8,0x0619d4d1900c2365,2549.510000,2662.049000,112.539000,3.005204,ok
6,False,122,8,0x0619d4d1900c2365,2573.761000,2685.380000,111.619000,2.979094,ok
6,False,123,8,0x0619d4d1900c2365,2572.154000,2685.992000,113.838000,2.978415,ok
6,False,124,8,0x0619d4d1900c2365,2597.724000,2717.437000,119.713000,2.943950,ok
6,False,125,8,0x0619d4d1900c2365,2599.208000,2717.756000,118.548000,2.943605,ok
6,False,126,8,0x0619d4d1900c2365,2629.994000,2747.634000,117.640000,2.911596,ok
6,False,127,8,0x0619d4d1900c2365,2633.213000,2749.793000,116.580000,2.909310,ok
6,False,128,8,0x0619d4d1900c2365,2653.172000,2776.997000,123.825000,2.880810,ok
6,False,129,8,0x0619d4d1900c2365,2656.394000,2776.999000,120.605000,2.880808,ok
6,False,130,8,0x0619d4d1900c2365,2650.126000,2762.014000,111.888000,2.896437,ok
6,False,131,8,0x0619d4d1900c2365,2655.988000,2774.657000,118.669000,2.883239,ok
6,False,132,8,0x0619d4d1900c2365,2586.779000,2702.965000,116.186000,2.959713,ok
6,False,133,8,0x0619d4d1900c2365,2576.093000,2691.531000,115.438000,2.972286,ok
6,False,134,8,0x0619d4d1900c2365,2559.932000,2676.777000,116.845000,2.988669,ok
6,False,135,8,0x0619d4d1900c2365,2561.290000,2683.338000,122.048000,2.981361,ok
6,False,136,8,0x0619d4d1900c2365,2564.983000,2682.850000,117.867000,2.981904,ok
6,False,137,8,0x0619d4d1900c2365,2567.477000,2684.527000,117.050000,2.980041,ok
6,False,138,8,0x0619d4d1900c2365,2572.130000,2693.636000,121.506000,2.969963,ok
6,False,139,8,0x0619d4d1900c2365,2580.549000,2701.419000,120.870000,2.961407,ok
6,False,140,8,0x0619d4d1900c2365,2575.013000,2695.076000,120.063000,2.968376,ok
6,False,141,8,0x0619d4d1900c2365,2582.139000,2703.615000,121.476000,2.959001,ok
6,False,142,8,0x0619d4d1900c2365,2585.594000,2698.505000,112.911000,2.964604,ok
6,False,143,8,0x0619d4d1900c2365,2596.007000,2710.356000,114.349000,2.951642,ok
6,False,144,8,0x0619d4d1900c2365,2585.664000,2690.507000,104.843000,2.973417,ok
6,False,145,8,0x0619d4d1900c2365,2600.017000,2707.361000,107.344000,2.954907,ok
6,False,146,8,0x0619d4d1900c2365,2600.901000,2716.686000,115.785000,2.944764,ok
6,False,147,8,0x0619d4d1900c2365,2616.992000,2733.228000,116.236000,2.926942,ok
6,False,148,8,0x0619d4d1900c2365,2610.062000,2721.959000,111.897000,2.939060,ok
6,False,149,8,0x0619d4d1900c2365,2619.458000,2730.701000,111.243000,2.929651,ok
6,False,150,8,0x0619d4d1900c2365,2604.452000,2703.174000,98.722000,2.959484,ok
6,False,151,8,0x0619d4d1900c2365,2617.179000,2716.928000,99.749000,2.944502,ok
6,False,152,8,0x0619d4d1900c2365,2587.715000,2703.253000,115.538000,2.959397,ok
6,False,153,8,0x0619d4d1900c2365,2603.937000,2714.034000,110.097000,2.947642,ok
6,False,154,8,0x0619d4d1900c2365,2590.676000,2710.552000,119.876000,2.951428,ok
6,False,155,8,0x0619d4d1900c2365,2601.839000,2721.849000,120.010000,2.939178,ok
6,False,156,8,0x0619d4d1900c2365,2585.506000,2687.293000,101.787000,2.976973,ok
6,False,157,8,0x0619d4d1900c2365,2598.688000,2701.242000,102.554000,2.961601,ok
6,False,158,8,0x0619d4d1900c2365,2564.161000,2665.257000,101.096000,3.001587,ok
6,False,159,8,0x0619d4d1900c2365,2577.387000,2677.938000,100.551000,2.987373,ok
6,False,160,8,0x0619d4d1900c2365,2539.327000,2634.572000,95.245000,3.036546,ok
6,False,161,8,0x0619d4d1900c2365,2552.036000,2647.101000,95.065000,3.022174,ok
6,False,162,8,0x0619d4d1900c2365,2518.404000,2613.939000,95.535000,3.060515,ok
6,False,163,8,0x0619d4d1900c2365,2527.206000,2622.721000,95.515000,3.050267,ok
6,False,164,8,0x0619d4d1900c2365,2494.726000,2589.361000,94.635000,3.089565,ok
6,False,165,8,0x0619d4d1900c2365,2505.016000,2599.390000,94.374000,3.077645,ok
6,False,166,8,0x0619d4d1900c2365,2467.241000,2562.375000,95.134000,3.122104,ok
6,False,167,8,0x0619d4d1900c2365,2479.833000,2574.951000,95.118000,3.106855,ok
6,False,168,8,0x0619d4d1900c2365,2439.815000,2534.094000,94.279000,3.156947,ok
6,False,169,8,0x0619d4d1900c2365,2447.492000,2541.549000,94.057000,3.147687,ok
6,False,170,8,0x0619d4d1900c2365,2406.463000,2502.178000,95.715000,3.197215,ok
6,False,171,8,0x0619d4d1900c2365,2412.936000,2508.358000,95.422000,3.189337,ok
6,False,172,8,0x0619d4d1900c2365,2382.671000,2476.850000,94.179000,3.229909,ok
6,False,173,8,0x0619d4d1900c2365,2386.469000,2480.547000,94.078000,3.225095,ok
6,False,174,8,0x0619d4d1900c2365,2364.042000,2460.823000,96.781000,3.250945,ok
6,False,175,8,0x0619d4d1900c2365,2365.197000,2462.032000,96.835000,3.249349,ok
6,False,176,8,0x0619d4d1900c2365,2357.103000,2470.767000,113.664000,3.237861,ok
6,False,177,8,0x0619d4d1900c2365,2355.583000,2465.089000,109.506000,3.245319,ok
6,False,178,8,0x0619d4d1900c2365,2358.682000,2477.409000,118.727000,3.229180,ok
6,False,179,8,0x0619d4d1900c2365,2348.249000,2468.517000,120.268000,3.240812,ok
6,False,180,8,0x0619d4d1900c2365,2365.827000,2560.963000,195.136000,3.123825,ok
6,False,181,8,0x0619d4d1900c2365,2361.048000,2550.950000,189.902000,3.136087,ok
6,False,182,8,0x0619d4d1900c2365,2473.188000,2597.351000,124.163000,3.080061,ok
6,False,183,8,0x0619d4d1900c2365,2463.218000,2585.897000,122.679000,3.093704,ok
6,False,184,8,0x0619d4d1900c2365,2479.208000,2601.678000,122.470000,3.074939,ok
6,False,185,8,0x0619d4d1900c2365,2473.186000,2595.625000,122.439000,3.082109,ok
6,False,186,8,0x0619d4d1900c2365,2480.392000,2604.322000,123.930000,3.071817,ok
6,False,187,8,0x0619d4d1900c2365,2472.782000,2594.413000,121.631000,3.083549,ok
6,False,188,8,0x0619d4d1900c2365,2502.533000,2621.083000,118.550000,3.052173,ok
6,False,189,8,0x0619d4d1900c2365,2491.569000,2607.236000,115.667000,3.068384,ok
6,False,190,8,0x0619d4d1900c2365,2521.294000,2616.245000,94.951000,3.057818,ok
6,False,191,8,0x0619d4d1900c2365,2507.267000,2602.218000,94.951000,3.074300,ok
6,False,192,8,0x0619d4d1900c2365,2520.774000,2614.568000,93.794000,3.059779,ok
6,False,193,8,0x0619d4d1900c2365,2506.828000,2600.619000,93.791000,3.076191,ok
6,False,194,8,0x0619d4d1900c2365,2518.808000,2612.649000,93.841000,3.062026,ok
6,False,195,8,0x0619d4d1900c2365,2504.978000,2598.732000,93.754000,3.078424,ok
6,False,196,8,0x0619d4d1900c2365,2518.829000,2613.339000,94.510000,3.061218,ok
6,False,197,8,0x0619d4d1900c2365,2505.165000,2599.488000,94.323000,3.077529,ok
6,False,198,8,0x0619d4d1900c2365,2518.509000,2613.447000,94.938000,3.061091,ok
6,False,199,8,0x0619d4d1900c2365,2504.715000,2599.653000,94.938000,3.077334,ok
7,False,0,8,0x0619d4d1900c2365,52.217000,143.325000,91.108000,55.817199,ok
7,False,1,8,0x0619d4d1900c2365,52.205000,143.313000,91.108000,55.821872,ok
7,False,2,8,0x0619d4d1900c2365,193.583000,287.919000,94.336000,27.785592,ok
7,False,3,8,0x0619d4d1900c2365,193.722000,287.918000,94.196000,27.785689,ok
7,False,4,8,0x0619d4d1900c2365,339.350000,439.067000,99.717000,18.220454,ok
7,False,5,8,0x0619d4d1900c2365,339.349000,439.066000,99.717000,18.220495,ok
7,False,6,8,0x0619d4d1900c2365,490.751000,585.175000,94.424000,13.671124,ok
7,False,7,8,0x0619d4d1900c2365,490.751000,585.175000,94.424000,13.671124,ok
7,False,8,8,0x0619d4d1900c2365,637.355000,732.257000,94.902000,10.925126,ok
7,False,9,8,0x0619d4d1900c2365,637.460000,732.257000,94.797000,10.925126,ok
7,False,10,8,0x0619d4d1900c2365,784.732000,881.278000,96.546000,9.077726,ok
7,False,11,8,0x0619d4d1900c2365,784.732000,881.279000,96.547000,9.077715,ok
7,False,12,8,0x0619d4d1900c2365,936.058000,1031.419000,95.361000,7.756305,ok
7,False,13,8,0x0619d4d1900c2365,936.053000,1031.416000,95.363000,7.756327,ok
7,False,14,8,0x0619d4d1900c2365,1084.079000,1182.600000,98.521000,6.764756,ok
7,False,15,8,0x0619d4d1900c2365,1083.962000,1182.599000,98.637000,6.764761,ok
7,False,16,8,0x0619d4d1900c2365,1235.329000,1332.440000,97.111000,6.004023,ok
7,False,17,8,0x0619d4d1900c2365,1235.328000,1332.439000,97.111000,6.004027,ok
7,False,18,8,0x0619d4d1900c2365,1387.141000,1485.793000,98.652000,5.384330,ok
7,False,19,8,0x0619d4d1900c2365,1387.140000,1485.792000,98.652000,5.384334,ok
7,False,20,8,0x0619d4d1900c2365,1538.760000,1635.876000,97.116000,4.890346,ok
7,False,21,8,0x0619d4d1900c2365,1538.760000,1635.801000,97.041000,4.890570,ok
7,False,22,8,0x0619d4d1900c2365,1688.981000,1785.666000,96.685000,4.480121,ok
7,False,23,8,0x0619d4d1900c2365,1688.981000,1785.666000,96.685000,4.480121,ok
7,False,24,8,0x0619d4d1900c2365,1838.608000,1936.177000,97.569000,4.131854,ok
7,False,25,8,0x0619d4d1900c2365,1838.608000,1936.177000,97.569000,4.131854,ok
7,False,26,8,0x0619d4d1900c2365,1989.080000,2088.017000,98.937000,3.831386,ok
7,False,27,8,0x0619d4d1900c2365,1989.080000,2088.114000,99.034000,3.831208,ok
7,False,28,8,0x0619d4d1900c2365,2140.688000,2243.848000,103.160000,3.565304,ok
7,False,29,8,0x0619d4d1900c2365,2140.691000,2243.951000,103.260000,3.565140,ok
7,False,30,8,0x0619d4d1900c2365,2296.590000,2395.395000,98.805000,3.339741,ok
7,False,31,8,0x0619d4d1900c2365,2296.590000,2395.395000,98.805000,3.339741,ok
7,False,32,8,0x0619d4d1900c2365,2304.550000,2401.455000,96.905000,3.331314,ok
7,False,33,8,0x0619d4d1900c2365,2304.543000,2401.450000,96.907000,3.331321,ok
7,False,34,8,0x0619d4d1900c2365,2310.649000,2412.504000,101.855000,3.316057,ok
7,False,35,8,0x0619d4d1900c2365,2310.733000,2412.415000,101.682000,3.316179,ok
7,False,36,8,0x0619d4d1900c2365,2313.893000,2410.678000,96.785000,3.318568,ok
7,False,37,8,0x0619d4d1900c2365,2313.889000,2410.675000,96.786000,3.318573,ok
7,False,38,8,0x0619d4d1900c2365,2318.570000,2416.025000,97.455000,3.311224,ok
7,False,39,8,0x0619d4d1900c2365,2318.569000,2416.025000,97.456000,3.311224,ok
7,False,40,8,0x0619d4d1900c2365,2322.129000,2424.861000,102.732000,3.299158,ok
7,False,41,8,0x0619d4d1900c2365,2322.125000,2424.973000,102.848000,3.299006,ok
7,False,42,8,0x0619d4d1900c2365,2328.159000,2427.456000,99.297000,3.295631,ok
7,False,43,8,0x0619d4d1900c2365,2328.148000,2427.552000,99.404000,3.295501,ok
7,False,44,8,0x0619d4d1900c2365,2330.512000,2427.586000,97.074000,3.295455,ok
7,False,45,8,0x0619d4d1900c2365,2330.503000,2427.577000,97.074000,3.295467,ok
7,False,46,8,0x0619d4d1900c2365,2330.001000,2429.018000,99.017000,3.293512,ok
7,False,47,8,0x0619d4d1900c2365,2329.705000,2429.015000,99.310000,3.293516,ok
7,False,48,8,0x0619d4d1900c2365,2333.054000,2437.535000,104.481000,3.282004,ok
7,False,49,8,0x0619d4d1900c2365,2333.053000,2437.431000,104.378000,3.282144,ok
7,False,50,8,0x0619d4d1900c2365,2337.477000,2442.480000,105.003000,3.275359,ok
7,False,51,8,0x0619d4d1900c2365,2337.473000,2442.371000,104.898000,3.275506,ok
7,False,52,8,0x0619d4d1900c2365,2349.364000,2457.518000,108.154000,3.255317,ok
7,False,53,8,0x0619d4d1900c2365,2349.361000,2457.398000,108.037000,3.255476,ok
7,False,54,8,0x0619d4d1900c2365,2362.968000,2465.475000,102.507000,3.244811,ok
7,False,55,8,0x0619d4d1900c2365,2362.964000,2465.472000,102.508000,3.244815,ok
7,False,56,8,0x0619d4d1900c2365,2371.663000,2480.426000,108.763000,3.225252,ok
7,False,57,8,0x0619d4d1900c2365,2371.534000,2480.424000,108.890000,3.225255,ok
7,False,58,8,0x0619d4d1900c2365,2385.071000,2492.433000,107.362000,3.209715,ok
7,False,59,8,0x0619d4d1900c2365,2385.034000,2492.308000,107.274000,3.209876,ok
7,False,60,8,0x0619d4d1900c2365,2393.326000,2508.495000,115.169000,3.189163,ok
7,False,61,8,0x0619d4d1900c2365,2393.439000,2508.613000,115.174000,3.189013,ok
7,False,62,8,0x0619d4d1900c2365,2414.768000,2524.265000,109.497000,3.169239,ok
7,False,63,8,0x0619d4d1900c2365,2414.765000,2524.263000,109.498000,3.169242,ok
7,False,64,8,0x0619d4d1900c2365,2430.303000,2546.299000,115.996000,3.141815,ok
7,False,65,8,0x0619d4d1900c2365,2430.180000,2546.163000,115.983000,3.141983,ok
7,False,66,8,0x0619d4d1900c2365,2448.176000,2564.782000,116.606000,3.119173,ok
7,False,67,8,0x0619d4d1900c2365,2448.273000,2564.891000,116.618000,3.119041,ok
7,False,68,8,0x0619d4d1900c2365,2472.600000,2587.732000,115.132000,3.091510,ok
7,False,69,8,0x0619d4d1900c2365,2472.598000,2587.849000,115.251000,3.091370,ok
7,False,70,8,0x0619d4d1900c2365,2494.244000,2608.075000,113.831000,3.067396,ok
7,False,71,8,0x0619d4d1900c2365,2494.243000,2607.537000,113.294000,3.068029,ok
7,False,72,8,0x0619d4d1900c2365,2507.044000,2620.782000,113.738000,3.052524,ok
7,False,73,8,0x0619d4d1900c2365,2507.425000,2620.910000,113.485000,3.052375,ok
7,False,74,8,0x0619d4d1900c2365,2525.098000,2632.785000,107.687000,3.038607,ok
7,False,75,8,0x0619d4d1900c2365,2523.815000,2631.504000,107.689000,3.040087,ok
7,False,76,8,0x0619d4d1900c2365,2539.624000,2649.261000,109.637000,3.019710,ok
7,False,77,8,0x0619d4d1900c2365,2539.620000,2649.125000,109.505000,3.019865,ok
7,False,78,8,0x0619d4d1900c2365,2551.985000,2668.168000,116.183000,2.998312,ok
7,False,79,8,0x0619d4d1900c2365,2551.981000,2668.303000,116.322000,2.998160,ok
7,False,80,8,0x0619d4d1900c2365,2566.419000,2683.278000,116.859000,2.981428,ok
7,False,81,8,0x0619d4d1900c2365,2566.415000,2683.402000,116.987000,2.981290,ok
7,False,82,8,0x0619d4d1900c2365,2580.623000,2688.896000,108.273000,2.975199,ok
7,False,83,8,0x0619d4d1900c2365,2580.619000,2688.779000,108.160000,2.975328,ok
7,False,84,8,0x0619d4d1900c2365,2580.100000,2684.360000,104.260000,2.980226,ok
7,False,85,8,0x0619d4d1900c2365,2580.094000,2684.238000,104.144000,2.980362,ok
7,False,86,8,0x0619d4d1900c2365,2582.003000,2688.182000,106.179000,2.975989,ok
7,False,87,8,0x0619d4d1900c2365,2582.000000,2688.084000,106.084000,2.976097,ok
7,False,88,8,0x0619d4d1900c2365,2578.786000,2681.256000,102.470000,2.983676,ok
7,False,89,8,0x0619d4d1900c2365,2578.785000,2681.251000,102.466000,2.983682,ok
7,False,90,8,0x0619d4d1900c2365,2573.611000,2675.615000,102.004000,2.989967,ok
7,False,91,8,0x0619d4d1900c2365,2573.608000,2675.610000,102.002000,2.989972,ok
7,False,92,8,0x0619d4d1900c2365,2561.064000,2670.126000,109.062000,2.996113,ok
7,False,93,8,0x0619d4d1900c2365,2561.063000,2670.000000,108.937000,2.996255,ok
7,False,94,8,0x0619d4d1900c2365,2558.959000,2661.641000,102.682000,3.005665,ok
7,False,95,8,0x0619d4d1900c2365,2558.956000,2661.768000,102.812000,3.005521,ok
7,False,96,8,0x0619d4d1900c2365,2544.699000,2654.198000,109.499000,3.014093,ok
7,False,97,8,0x0619d4d1900c2365,2544.693000,2654.911000,110.218000,3.013284,ok
7,False,98,8,0x0619d4d1900c2365,2535.945000,2655.597000,119.652000,3.012505,ok
7,False,99,8,0x0619d4d1900c2365,2536.848000,2655.706000,118.858000,3.012382,ok
7,False,100,8,0x0619d4d1900c2365,2539.788000,2650.449000,110.661000,3.018357,ok
7,False,101,8,0x0619d4d1900c2365,2538.518000,2649.299000,110.781000,3.019667,ok
7,False,102,8,0x0619d4d1900c2365,2533.581000,2638.814000,105.233000,3.031665,ok
7,False,103,8,0x0619d4d1900c2365,2533.583000,2638.930000,105.347000,3.031532,ok
7,False,104,8,0x0619d4d1900c2365,2524.001000,2625.097000,101.096000,3.047506,ok
7,False,105,8,0x0619d4d1900c2365,2523.999000,2625.177000,101.178000,3.047414,ok
7,False,106,8,0x0619d4d1900c2365,2516.741000,2618.944000,102.203000,3.054666,ok
7,False,107,8,0x0619d4d1900c2365,2516.737000,2618.942000,102.205000,3.054669,ok
7,False,108,8,0x0619d4d1900c2365,2507.554000,2621.123000,113.569000,3.052127,ok
7,False,109,8,0x0619d4d1900c2365,2507.447000,2620.996000,113.549000,3.052275,ok
7,False,110,8,0x0619d4d1900c2365,2503.816000,2614.287000,110.471000,3.060108,ok
7,False,111,8,0x0619d4d1900c2365,2503.813000,2614.394000,110.581000,3.059983,ok
7,False,112,8,0x0619d4d1900c2365,2496.877000,2603.727000,106.850000,3.072519,ok
7,False,113,8,0x0619d4d1900c2365,2496.872000,2603.851000,106.979000,3.072372,ok
7,False,114,8,0x0619d4d1900c2365,2492.888000,2607.585000,114.697000,3.067973,ok
7,False,115,8,0x0619d4d1900c2365,2492.884000,2607.719000,114.835000,3.067815,ok
7,False,116,8,0x0619d4d1900c2365,2501.965000,2603.935000,101.970000,3.072273,ok
7,False,117,8,0x0619d4d1900c2365,2501.967000,2604.030000,102.063000,3.072161,ok
7,False,118,8,0x0619d4d1900c2365,2495.885000,2597.991000,102.106000,3.079302,ok
7,False,119,8,0x0619d4d1900c2365,2495.955000,2597.989000,102.034000,3.079305,ok
7,False,120,8,0x0619d4d1900c2365,2495.098000,2597.380000,102.282000,3.080027,ok
7,False,121,8,0x0619d4d1900c2365,2495.094000,2597.376000,102.282000,3.080032,ok
7,False,122,8,0x0619d4d1900c2365,2494.320000,2600.570000,106.250000,3.076249,ok
7,False,123,8,0x0619d4d1900c2365,2494.320000,2600.680000,106.360000,3.076119,ok
7,False,124,8,0x0619d4d1900c2365,2488.161000,2597.872000,109.711000,3.079443,ok
7,False,125,8,0x0619d4d1900c2365,2488.157000,2597.764000,109.607000,3.079572,ok
7,False,126,8,0x0619d4d1900c2365,2493.498000,2596.863000,103.365000,3.080640,ok
7,False,127,8,0x0619d4d1900c2365,2493.495000,2596.773000,103.278000,3.080747,ok
7,False,128,8,0x0619d4d1900c2365,2485.312000,2595.656000,110.344000,3.082073,ok
7,False,129,8,0x0619d4d1900c2365,2485.316000,2595.775000,110.459000,3.081931,ok
7,False,130,8,0x0619d4d1900c2365,2474.527000,2583.447000,108.920000,3.096638,ok
7,False,131,8,0x0619d4d1900c2365,2474.523000,2583.536000,109.013000,3.096531,ok
7,False,132,8,0x0619d4d1900c2365,2472.737000,2579.694000,106.957000,3.101143,ok
7,False,133,8,0x0619d4d1900c2365,2472.735000,2579.782000,107.047000,3.101037,ok
7,False,134,8,0x0619d4d1900c2365,2474.835000,2575.691000,100.856000,3.105963,ok
7,False,135,8,0x0619d4d1900c2365,2473.560000,2574.416000,100.856000,3.107501,ok
7,False,136,8,0x0619d4d1900c2365,2474.210000,2576.421000,102.211000,3.105083,ok
7,False,137,8,0x0619d4d1900c2365,2474.291000,2576.416000,102.125000,3.105089,ok
7,False,138,8,0x0619d4d1900c2365,2474.348000,2577.004000,102.656000,3.104380,ok
7,False,139,8,0x0619d4d1900c2365,2474.344000,2576.682000,102.338000,3.104768,ok
7,False,140,8,0x0619d4d1900c2365,2464.309000,2570.807000,106.498000,3.111863,ok
7,False,141,8,0x0619d4d1900c2365,2464.592000,2570.706000,106.114000,3.111986,ok
7,False,142,8,0x0619d4d1900c2365,2459.149000,2564.167000,105.018000,3.119922,ok
7,False,143,8,0x0619d4d1900c2365,2459.144000,2564.163000,105.019000,3.119926,ok
7,False,144,8,0x0619d4d1900c2365,2456.095000,2563.610000,107.515000,3.120599,ok
7,False,145,8,0x0619d4d1900c2365,2455.989000,2563.509000,107.520000,3.120722,ok
7,False,146,8,0x0619d4d1900c2365,2448.652000,2550.834000,102.182000,3.136229,ok
7,False,147,8,0x0619d4d1900c2365,2448.766000,2550.830000,102.064000,3.136234,ok
7,False,148,8,0x0619d4d1900c2365,2449.697000,2552.464000,102.767000,3.134226,ok
7,False,149,8,0x0619d4d1900c2365,2449.695000,2552.462000,102.767000,3.134229,ok
7,False,150,8,0x0619d4d1900c2365,2450.708000,2559.298000,108.590000,3.125857,ok
7,False,151,8,0x0619d4d1900c2365,2451.079000,2559.375000,108.296000,3.125763,ok
7,False,152,8,0x0619d4d1900c2365,2455.619000,2559.969000,104.350000,3.125038,ok
7,False,153,8,0x0619d4d1900c2365,2455.616000,2559.964000,104.348000,3.125044,ok
7,False,154,8,0x0619d4d1900c2365,2454.547000,2559.184000,104.637000,3.125996,ok
7,False,155,8,0x0619d4d1900c2365,2454.546000,2559.298000,104.752000,3.125857,ok
7,False,156,8,0x0619d4d1900c2365,2450.418000,2556.805000,106.387000,3.128905,ok
7,False,157,8,0x0619d4d1900c2365,2450.417000,2556.911000,106.494000,3.128775,ok
7,False,158,8,0x0619d4d1900c2365,2453.717000,2557.256000,103.539000,3.128353,ok
7,False,159,8,0x0619d4d1900c2365,2453.717000,2557.151000,103.434000,3.128482,ok
7,False,160,8,0x0619d4d1900c2365,2447.668000,2548.961000,101.293000,3.138534,ok
7,False,161,8,0x0619d4d1900c2365,2446.387000,2547.679000,101.292000,3.140113,ok
7,False,162,8,0x0619d4d1900c2365,2439.843000,2541.275000,101.432000,3.148026,ok
7,False,163,8,0x0619d4d1900c2365,2439.830000,2541.261000,101.431000,3.148043,ok
7,False,164,8,0x0619d4d1900c2365,2434.888000,2537.691000,102.803000,3.152472,ok
7,False,165,8,0x0619d4d1900c2365,2434.886000,2537.687000,102.801000,3.152477,ok
7,False,166,8,0x0619d4d1900c2365,2437.191000,2544.091000,106.900000,3.144542,ok
7,False,167,8,0x0619d4d1900c2365,2437.814000,2544.086000,106.272000,3.144548,ok
7,False,168,8,0x0619d4d1900c2365,2441.132000,2549.245000,108.113000,3.138184,ok
7,False,169,8,0x0619d4d1900c2365,2441.222000,2549.244000,108.022000,3.138185,ok
7,False,170,8,0x0619d4d1900c2365,2447.011000,2548.339000,101.328000,3.139300,ok
7,False,171,8,0x0619d4d1900c2365,2446.994000,2548.322000,101.328000,3.139321,ok
7,False,172,8,0x0619d4d1900c2365,2440.607000,2542.934000,102.327000,3.145972,ok
7,False,173,8,0x0619d4d1900c2365,2440.487000,2542.930000,102.443000,3.145977,ok
7,False,174,8,0x0619d4d1900c2365,2438.034000,2543.782000,105.748000,3.144924,ok
7,False,175,8,0x0619d4d1900c2365,2438.031000,2543.776000,105.745000,3.144931,ok
7,False,176,8,0x0619d4d1900c2365,2438.572000,2551.057000,112.485000,3.135955,ok
7,False,177,8,0x0619d4d1900c2365,2438.568000,2550.963000,112.395000,3.136071,ok
7,False,178,8,0x0619d4d1900c2365,2447.688000,2558.716000,111.028000,3.126568,ok
7,False,179,8,0x0619d4d1900c2365,2447.505000,2558.602000,111.097000,3.126707,ok
7,False,180,8,0x0619d4d1900c2365,2456.435000,2558.306000,101.871000,3.127069,ok
7,False,181,8,0x0619d4d1900c2365,2456.431000,2558.302000,101.871000,3.127074,ok
7,False,182,8,0x0619d4d1900c2365,2449.945000,2555.076000,105.131000,3.131022,ok
7,False,183,8,0x0619d4d1900c2365,2449.848000,2555.071000,105.223000,3.131028,ok
7,False,184,8,0x0619d4d1900c2365,2449.833000,2553.854000,104.021000,3.132520,ok
7,False,185,8,0x0619d4d1900c2365,2449.832000,2553.850000,104.018000,3.132525,ok
7,False,186,8,0x0619d4d1900c2365,2449.069000,2553.087000,104.018000,3.133462,ok
7,False,187,8,0x0619d4d1900c2365,2449.066000,2552.988000,103.922000,3.133583,ok
7,False,188,8,0x0619d4d1900c2365,2445.158000,2555.454000,110.296000,3.130559,ok
7,False,189,8,0x0619d4d1900c2365,2445.252000,2555.563000,110.311000,3.130426,ok
7,False,190,8,0x0619d4d1900c2365,2451.768000,2554.000000,102.232000,3.132341,ok
7,False,191,8,0x0619d4d1900c2365,2451.721000,2553.990000,102.269000,3.132354,ok
7,False,192,8,0x0619d4d1900c2365,2451.975000,2558.725000,106.750000,3.126557,ok
7,False,193,8,0x0619d4d1900c2365,2451.971000,2558.810000,106.839000,3.126453,ok
7,False,194,8,0x0619d4d1900c2365,2456.152000,2560.660000,104.508000,3.124195,ok
7,False,195,8,0x0619d4d1900c2365,2456.188000,2560.576000,104.388000,3.124297,ok
7,False,196,8,0x0619d4d1900c2365,2459.100000,2560.635000,101.535000,3.124225,ok
7,False,197,8,0x0619d4d1900c2365,2459.098000,2560.634000,101.536000,3.124226,ok
7,False,198,8,0x0619d4d1900c2365,2453.134000,2554.738000,101.604000,3.131437,ok
7,False,199,8,0x0619d4d1900c2365,2453.128000,2554.731000,101.603000,3.131445,ok
8,False,0,8,0x0619d4d1900c2365,52.130000,140.103000,87.973000,57.100847,ok
8,False,1,8,0x0619d4d1900c2365,52.117000,140.092000,87.975000,57.105331,ok
8,False,2,8,0x0619d4d1900c2365,188.779000,279.389000,90.610000,28.633912,ok
8,False,3,8,0x0619d4d1900c2365,188.966000,279.390000,90.424000,28.633809,ok
8,False,4,8,0x0619d4d1900c2365,328.813000,419.677000,90.864000,19.062279,ok
8,False,5,8,0x0619d4d1900c2365,328.881000,419.677000,90.796000,19.062279,ok
8,False,6,8,0x0619d4d1900c2365,469.395000,569.394000,99.999000,14.050025,ok
8,False,7,8,0x0619d4d1900c2365,469.395000,569.313000,99.918000,14.052024,ok
8,False,8,8,0x0619d4d1900c2365,619.884000,718.822000,98.938000,11.129320,ok
8,False,9,8,0x0619d4d1900c2365,619.799000,718.821000,99.022000,11.129335,ok
8,False,10,8,0x0619d4d1900c2365,768.873000,863.058000,94.185000,9.269365,ok
8,False,11,8,0x0619d4d1900c2365,768.873000,863.054000,94.181000,9.269408,ok
8,False,12,8,0x0619d4d1900c2365,913.776000,1007.855000,94.079000,7.937650,ok
8,False,13,8,0x0619d4d1900c2365,913.861000,1007.855000,93.994000,7.937650,ok
8,False,14,8,0x0619d4d1900c2365,1059.255000,1155.321000,96.066000,6.924482,ok
8,False,15,8,0x0619d4d1900c2365,1059.162000,1155.321000,96.159000,6.924482,ok
8,False,16,8,0x0619d4d1900c2365,1207.218000,1301.518000,94.300000,6.146669,ok
8,False,17,8,0x0619d4d1900c2365,1207.217000,1301.518000,94.301000,6.146669,ok
8,False,18,8,0x0619d4d1900c2365,1352.849000,1446.901000,94.052000,5.529058,ok
8,False,19,8,0x0619d4d1900c2365,1352.849000,1446.901000,94.052000,5.529058,ok
8,False,20,8,0x0619d4d1900c2365,1498.407000,1592.931000,94.524000,5.022189,ok
8,False,21,8,0x0619d4d1900c2365,1498.408000,1592.931000,94.523000,5.022189,ok
8,False,22,8,0x0619d4d1900c2365,1644.723000,1739.013000,94.290000,4.600311,ok
8,False,23,8,0x0619d4d1900c2365,1644.723000,1739.012000,94.289000,4.600313,ok
8,False,24,8,0x0619d4d1900c2365,1790.392000,1885.255000,94.863000,4.243458,ok
8,False,25,8,0x0619d4d1900c2365,1790.392000,1885.255000,94.863000,4.243458,ok
8,False,26,8,0x0619d4d1900c2365,1937.011000,2032.633000,95.622000,3.935782,ok
8,False,27,8,0x0619d4d1900c2365,1937.175000,2032.633000,95.458000,3.935782,ok
8,False,28,8,0x0619d4d1900c2365,2083.760000,2178.926000,95.166000,3.671534,ok
8,False,29,8,0x0619d4d1900c2365,2083.759000,2178.926000,95.167000,3.671534,ok
8,False,30,8,0x0619d4d1900c2365,2230.626000,2326.811000,96.185000,3.438182,ok
8,False,31,8,0x0619d4d1900c2365,2230.626000,2326.810000,96.184000,3.438184,ok
8,False,32,8,0x0619d4d1900c2365,2237.053000,2332.645000,95.592000,3.429583,ok
8,False,33,8,0x0619d4d1900c2365,2236.961000,2332.639000,95.678000,3.429592,ok
8,False,34,8,0x0619d4d1900c2365,2245.307000,2342.855000,97.548000,3.414637,ok
8,False,35,8,0x0619d4d1900c2365,2245.309000,2344.104000,98.795000,3.412818,ok
8,False,36,8,0x0619d4d1900c2365,2254.617000,2357.222000,102.605000,3.393825,ok
8,False,37,8,0x0619d4d1900c2365,2255.665000,2357.219000,101.554000,3.393830,ok
8,False,38,8,0x0619d4d1900c2365,2259.022000,2354.659000,95.637000,3.397520,ok
8,False,39,8,0x0619d4d1900c2365,2259.017000,2354.655000,95.638000,3.397525,ok
8,False,40,8,0x0619d4d1900c2365,2257.239000,2354.354000,97.115000,3.397960,ok
8,False,41,8,0x0619d4d1900c2365,2257.338000,2354.352000,97.014000,3.397963,ok
8,False,42,8,0x0619d4d1900c2365,2262.216000,2368.402000,106.186000,3.377805,ok
8,False,43,8,0x0619d4d1900c2365,2262.214000,2368.400000,106.186000,3.377808,ok
8,False,44,8,0x0619d4d1900c2365,2276.725000,2372.625000,95.900000,3.371793,ok
8,False,45,8,0x0619d4d1900c2365,2276.718000,2372.620000,95.902000,3.371800,ok
8,False,46,8,0x0619d4d1900c2365,2277.898000,2379.288000,101.390000,3.362350,ok
8,False,47,8,0x0619d4d1900c2365,2277.894000,2379.368000,101.474000,3.362237,ok
8,False,48,8,0x0619d4d1900c2365,2284.607000,2382.032000,97.425000,3.358477,ok
8,False,49,8,0x0619d4d1900c2365,2284.604000,2382.031000,97.427000,3.358479,ok
8,False,50,8,0x0619d4d1900c2365,2288.238000,2385.339000,97.101000,3.353821,ok
8,False,51,8,0x0619d4d1900c2365,2288.236000,2385.336000,97.100000,3.353825,ok
8,False,52,8,0x0619d4d1900c2365,2292.480000,2388.281000,95.801000,3.349690,ok
8,False,53,8,0x0619d4d1900c2365,2292.476000,2388.278000,95.802000,3.349694,ok
8,False,54,8,0x0619d4d1900c2365,2293.831000,2392.095000,98.264000,3.344349,ok
8,False,55,8,0x0619d4d1900c2365,2293.828000,2392.091000,98.263000,3.344354,ok
8,False,56,8,0x0619d4d1900c2365,2298.657000,2397.320000,98.663000,3.337060,ok
8,False,57,8,0x0619d4d1900c2365,2298.567000,2397.316000,98.749000,3.337065,ok
8,False,58,8,0x0619d4d1900c2365,2304.160000,2405.260000,101.100000,3.326044,ok
8,False,59,8,0x0619d4d1900c2365,2304.159000,2405.338000,101.179000,3.325936,ok
8,False,60,8,0x0619d4d1900c2365,2312.417000,2412.725000,100.308000,3.315753,ok
8,False,61,8,0x0619d4d1900c2365,2312.326000,2412.723000,100.397000,3.315756,ok
8,False,62,8,0x0619d4d1900c2365,2316.978000,2417.218000,100.240000,3.309590,ok
8,False,63,8,0x0619d4d1900c2365,2316.971000,2417.213000,100.242000,3.309597,ok
8,False,64,8,0x0619d4d1900c2365,2323.255000,2432.080000,108.825000,3.289365,ok
8,False,65,8,0x0619d4d1900c2365,2324.652000,2432.181000,107.529000,3.289229,ok
8,False,66,8,0x0619d4d1900c2365,2336.863000,2441.228000,104.365000,3.277039,ok
8,False,67,8,0x0619d4d1900c2365,2335.598000,2440.059000,104.461000,3.278609,ok
8,False,68,8,0x0619d4d1900c2365,2340.021000,2441.744000,101.723000,3.276347,ok
8,False,69,8,0x0619d4d1900c2365,2340.019000,2441.837000,101.818000,3.276222,ok
8,False,70,8,0x0619d4d1900c2365,2347.617000,2453.496000,105.879000,3.260653,ok
8,False,71,8,0x0619d4d1900c2365,2347.614000,2453.576000,105.962000,3.260547,ok
8,False,72,8,0x0619d4d1900c2365,2358.394000,2458.371000,99.977000,3.254187,ok
8,False,73,8,0x0619d4d1900c2365,2358.392000,2458.368000,99.976000,3.254191,ok
8,False,74,8,0x0619d4d1900c2365,2354.566000,2456.941000,102.375000,3.256081,ok
8,False,75,8,0x0619d4d1900c2365,2354.562000,2456.936000,102.374000,3.256088,ok
8,False,76,8,0x0619d4d1900c2365,2362.017000,2464.314000,102.297000,3.246340,ok
8,False,77,8,0x0619d4d1900c2365,2362.013000,2464.416000,102.403000,3.246205,ok
8,False,78,8,0x0619d4d1900c2365,2364.113000,2464.549000,100.436000,3.246030,ok
8,False,79,8,0x0619d4d1900c2365,2364.110000,2464.546000,100.436000,3.246034,ok
8,False,80,8,0x0619d4d1900c2365,2369.812000,2470.802000,100.990000,3.237815,ok
8,False,81,8,0x0619d4d1900c2365,2369.811000,2470.799000,100.988000,3.237819,ok
8,False,82,8,0x0619d4d1900c2365,2374.714000,2476.800000,102.086000,3.229974,ok
8,False,83,8,0x0619d4d1900c2365,2374.709000,2476.796000,102.087000,3.229979,ok
8,False,84,8,0x0619d4d1900c2365,2384.348000,2485.953000,101.605000,3.218082,ok
8,False,85,8,0x0619d4d1900c2365,2384.347000,2485.951000,101.604000,3.218084,ok
8,False,86,8,0x0619d4d1900c2365,2390.707000,2491.585000,100.878000,3.210808,ok
8,False,87,8,0x0619d4d1900c2365,2390.706000,2491.584000,100.878000,3.210809,ok
8,False,88,8,0x0619d4d1900c2365,2392.740000,2493.092000,100.352000,3.208867,ok
8,False,89,8,0x0619d4d1900c2365,2392.735000,2493.086000,100.351000,3.208874,ok
8,False,90,8,0x0619d4d1900c2365,2394.234000,2506.918000,112.684000,3.191169,ok
8,False,91,8,0x0619d4d1900c2365,2394.231000,2507.017000,112.786000,3.191043,ok
8,False,92,8,0x0619d4d1900c2365,2406.830000,2510.314000,103.484000,3.186852,ok
8,False,93,8,0x0619d4d1900c2365,2406.825000,2510.206000,103.381000,3.186989,ok
8,False,94,8,0x0619d4d1900c2365,2412.145000,2518.623000,106.478000,3.176339,ok
8,False,95,8,0x0619d4d1900c2365,2412.045000,2518.621000,106.576000,3.176341,ok
8,False,96,8,0x0619d4d1900c2365,2410.922000,2516.824000,105.902000,3.178609,ok
8,False,97,8,0x0619d4d1900c2365,2411.004000,2516.820000,105.816000,3.178614,ok
8,False,98,8,0x0619d4d1900c2365,2412.359000,2515.125000,102.766000,3.180756,ok
8,False,99,8,0x0619d4d1900c2365,2412.265000,2515.122000,102.857000,3.180760,ok
8,False,100,8,0x0619d4d1900c2365,2414.415000,2516.031000,101.616000,3.179611,ok
8,False,101,8,0x0619d4d1900c2365,2414.411000,2516.027000,101.616000,3.179616,ok
8,False,102,8,0x0619d4d1900c2365,2412.034000,2519.684000,107.650000,3.175001,ok
8,False,103,8,0x0619d4d1900c2365,2411.935000,2519.590000,107.655000,3.175120,ok
8,False,104,8,0x0619d4d1900c2365,2420.565000,2522.101000,101.536000,3.171959,ok
8,False,105,8,0x0619d4d1900c2365,2420.556000,2522.095000,101.539000,3.171966,ok
8,False,106,8,0x0619d4d1900c2365,2419.191000,2520.657000,101.466000,3.173776,ok
8,False,107,8,0x0619d4d1900c2365,2419.190000,2520.655000,101.465000,3.173778,ok
8,False,108,8,0x0619d4d1900c2365,2417.255000,2523.366000,106.111000,3.170368,ok
8,False,109,8,0x0619d4d1900c2365,2417.257000,2523.453000,106.196000,3.170259,ok
8,False,110,8,0x0619d4d1900c2365,2423.683000,2527.690000,104.007000,3.164945,ok
8,False,111,8,0x0619d4d1900c2365,2423.679000,2527.579000,103.900000,3.165084,ok
8,False,112,8,0x0619d4d1900c2365,2426.140000,2530.591000,104.451000,3.161317,ok
8,False,113,8,0x0619d4d1900c2365,2426.136000,2530.588000,104.452000,3.161321,ok
8,False,114,8,0x0619d4d1900c2365,2428.983000,2529.274000,100.291000,3.162963,ok
8,False,115,8,0x0619d4d1900c2365,2428.978000,2529.269000,100.291000,3.162969,ok
8,False,116,8,0x0619d4d1900c2365,2428.125000,2538.623000,110.498000,3.151315,ok
8,False,117,8,0x0619d4d1900c2365,2428.204000,2539.218000,111.014000,3.150576,ok
8,False,118,8,0x0619d4d1900c2365,2437.028000,2543.976000,106.948000,3.144684,ok
8,False,119,8,0x0619d4d1900c2365,2437.369000,2543.886000,106.517000,3.144795,ok
8,False,120,8,0x0619d4d1900c2365,2443.286000,2545.105000,101.819000,3.143289,ok
8,False,121,8,0x0619d4d1900c2365,2443.283000,2545.101000,101.818000,3.143294,ok
8,False,122,8,0x0619d4d1900c2365,2431.303000,2532.441000,101.138000,3.159007,ok
8,False,123,8,0x0619d4d1900c2365,2431.300000,2532.439000,101.139000,3.159010,ok
8,False,124,8,0x0619d4d1900c2365,2429.527000,2529.718000,100.191000,3.162408,ok
8,False,125,8,0x0619d4d1900c2365,2429.526000,2529.717000,100.191000,3.162409,ok
8,False,126,8,0x0619d4d1900c2365,2423.953000,2527.789000,103.836000,3.164821,ok
8,False,127,8,0x0619d4d1900c2365,2423.951000,2527.886000,103.935000,3.164700,ok
8,False,128,8,0x0619d4d1900c2365,2420.263000,2523.735000,103.472000,3.169905,ok
8,False,129,8,0x0619d4d1900c2365,2420.254000,2523.835000,103.581000,3.169779,ok
8,False,130,8,0x0619d4d1900c2365,2421.137000,2522.012000,100.875000,3.172071,ok
8,False,131,8,0x0619d4d1900c2365,2421.134000,2522.005000,100.871000,3.172079,ok
8,False,132,8,0x0619d4d1900c2365,2418.519000,2519.903000,101.384000,3.174725,ok
8,False,133,8,0x0619d4d1900c2365,2418.516000,2519.896000,101.380000,3.174734,ok
8,False,134,8,0x0619d4d1900c2365,2411.516000,2515.120000,103.604000,3.180763,ok
8,False,135,8,0x0619d4d1900c2365,2411.518000,2515.119000,103.601000,3.180764,ok
8,False,136,8,0x0619d4d1900c2365,2412.164000,2516.664000,104.500000,3.178811,ok
8,False,137,8,0x0619d4d1900c2365,2412.147000,2516.552000,104.405000,3.178953,ok
8,False,138,8,0x0619d4d1900c2365,2415.386000,2516.427000,101.041000,3.179111,ok
8,False,139,8,0x0619d4d1900c2365,2415.386000,2516.427000,101.041000,3.179111,ok
8,False,140,8,0x0619d4d1900c2365,2409.892000,2509.701000,99.809000,3.187631,ok
8,False,141,8,0x0619d4d1900c2365,2408.620000,2508.428000,99.808000,3.189248,ok
8,False,142,8,0x0619d4d1900c2365,2404.741000,2512.694000,107.953000,3.183834,ok
8,False,143,8,0x0619d4d1900c2365,2404.824000,2512.818000,107.994000,3.183677,ok
8,False,144,8,0x0619d4d1900c2365,2406.675000,2515.529000,108.854000,3.180246,ok
8,False,145,8,0x0619d4d1900c2365,2406.671000,2515.413000,108.742000,3.180392,ok
8,False,146,8,0x0619d4d1900c2365,2414.240000,2516.913000,102.673000,3.178497,ok
8,False,147,8,0x0619d4d1900c2365,2414.238000,2516.909000,102.671000,3.178502,ok
8,False,148,8,0x0619d4d1900c2365,2406.013000,2506.290000,100.277000,3.191969,ok
8,False,149,8,0x0619d4d1900c2365,2404.739000,2505.015000,100.276000,3.193594,ok
8,False,150,8,0x0619d4d1900c2365,2399.949000,2500.294000,100.345000,3.199624,ok
8,False,151,8,0x0619d4d1900c2365,2399.945000,2500.292000,100.347000,3.199626,ok
8,False,152,8,0x0619d4d1900c2365,2397.722000,2505.332000,107.610000,3.193190,ok
8,False,153,8,0x0619d4d1900c2365,2397.715000,2504.587000,106.872000,3.194139,ok
8,False,154,8,0x0619d4d1900c2365,2402.478000,2511.674000,109.196000,3.185127,ok
8,False,155,8,0x0619d4d1900c2365,2403.313000,2511.671000,108.358000,3.185131,ok
8,False,156,8,0x0619d4d1900c2365,2411.736000,2511.734000,99.998000,3.185051,ok
8,False,157,8,0x0619d4d1900c2365,2411.733000,2511.731000,99.998000,3.185054,ok
8,False,158,8,0x0619d4d1900c2365,2408.294000,2508.568000,100.274000,3.189070,ok
8,False,159,8,0x0619d4d1900c2365,2408.292000,2508.567000,100.275000,3.189072,ok
8,False,160,8,0x0619d4d1900c2365,2404.212000,2507.124000,102.912000,3.190907,ok
8,False,161,8,0x0619d4d1900c2365,2404.209000,2507.120000,102.911000,3.190912,ok
8,False,162,8,0x0619d4d1900c2365,2406.084000,2509.168000,103.084000,3.188308,ok
8,False,163,8,0x0619d4d1900c2365,2406.080000,2509.262000,103.182000,3.188188,ok
8,False,164,8,0x0619d4d1900c2365,2408.730000,2508.590000,99.860000,3.189042,ok
8,False,165,8,0x0619d4d1900c2365,2408.726000,2508.587000,99.861000,3.189046,ok
8,False,166,8,0x0619d4d1900c2365,2405.712000,2506.084000,100.372000,3.192231,ok
8,False,167,8,0x0619d4d1900c2365,2405.707000,2506.078000,100.371000,3.192239,ok
8,False,168,8,0x0619d4d1900c2365,2401.847000,2505.004000,103.157000,3.193608,ok
8,False,169,8,0x0619d4d1900c2365,2401.846000,2505.111000,103.265000,3.193471,ok
8,False,170,8,0x0619d4d1900c2365,2404.906000,2509.603000,104.697000,3.187755,ok
8,False,171,8,0x0619d4d1900c2365,2404.903000,2509.778000,104.875000,3.187533,ok
8,False,172,8,0x0619d4d1900c2365,2408.082000,2516.580000,108.498000,3.178917,ok
8,False,173,8,0x0619d4d1900c2365,2408.810000,2516.664000,107.854000,3.178811,ok
8,False,174,8,0x0619d4d1900c2365,2409.631000,2510.370000,100.739000,3.186781,ok
8,False,175,8,0x0619d4d1900c2365,2409.629000,2510.369000,100.740000,3.186783,ok
8,False,176,8,0x0619d4d1900c2365,2402.824000,2505.285000,102.461000,3.193249,ok
8,False,177,8,0x0619d4d1900c2365,2402.916000,2505.281000,102.365000,3.193255,ok
8,False,178,8,0x0619d4d1900c2365,2402.991000,2506.465000,103.474000,3.191746,ok
8,False,179,8,0x0619d4d1900c2365,2402.987000,2506.461000,103.474000,3.191751,ok
8,False,180,8,0x0619d4d1900c2365,2405.869000,2508.332000,102.463000,3.189370,ok
8,False,181,8,0x0619d4d1900c2365,2405.866000,2508.411000,102.545000,3.189270,ok
8,False,182,8,0x0619d4d1900c2365,2407.433000,2508.201000,100.768000,3.189537,ok
8,False,183,8,0x0619d4d1900c2365,2407.430000,2508.198000,100.768000,3.189541,ok
8,False,184,8,0x0619d4d1900c2365,2401.235000,2502.521000,101.286000,3.196776,ok
8,False,185,8,0x0619d4d1900c2365,2401.232000,2502.518000,101.286000,3.196780,ok
8,False,186,8,0x0619d4d1900c2365,2395.215000,2500.107000,104.892000,3.199863,ok
8,False,187,8,0x0619d4d1900c2365,2395.211000,2500.104000,104.893000,3.199867,ok
8,False,188,8,0x0619d4d1900c2365,2399.215000,2501.140000,101.925000,3.198541,ok
8,False,189,8,0x0619d4d1900c2365,2399.196000,2501.045000,101.849000,3.198663,ok
8,False,190,8,0x0619d4d1900c2365,2399.559000,2499.877000,100.318000,3.200157,ok
8,False,191,8,0x0619d4d1900c2365,2399.557000,2499.874000,100.317000,3.200161,ok
8,False,192,8,0x0619d4d1900c2365,2397.466000,2497.776000,100.310000,3.202849,ok
8,False,193,8,0x0619d4d1900c2365,2397.463000,2497.772000,100.309000,3.202854,ok
8,False,194,8,0x0619d4d1900c2365,2394.172000,2498.182000,104.010000,3.202329,ok
8,False,195,8,0x0619d4d1900c2365,2394.171000,2498.180000,104.009000,3.202331,ok
8,False,196,8,0x0619d4d1900c2365,2399.017000,2501.087000,102.070000,3.198609,ok
8,False,197,8,0x0619d4d1900c2365,2399.014000,2501.193000,102.179000,3.198474,ok
8,False,198,8,0x0619d4d1900c2365,2401.201000,2518.011000,116.810000,3.177111,ok
8,False,199,8,0x0619d4d1900c2365,2401.202000,2518.491000,117.289000,3.176505,ok
9,False,0,8,0x0619d4d1900c2365,51.693000,139.387000,87.694000,57.394162,ok
9,False,1,8,0x0619d4d1900c2365,51.678000,139.374000,87.696000,57.399515,ok
9,False,2,8,0x0619d4d1900c2365,188.022000,277.924000,89.902000,28.784848,ok
9,False,3,8,0x0619d4d1900c2365,187.936000,277.924000,89.988000,28.784848,ok
9,False,4,8,0x0619d4d1900c2365,327.698000,420.698000,93.000000,19.016016,ok
9,False,5,8,0x0619d4d1900c2365,327.698000,420.697000,92.999000,19.016061,ok
9,False,6,8,0x0619d4d1900c2365,474.857000,596.768000,121.911000,13.405545,ok
9,False,7,8,0x0619d4d1900c2365,475.453000,598.734000,123.281000,13.361526,ok
9,False,8,8,0x0619d4d1900c2365,647.531000,759.089000,111.558000,10.538949,ok
9,False,9,8,0x0619d4d1900c2365,650.051000,759.181000,109.130000,10.537672,ok
9,False,10,8,0x0619d4d1900c2365,810.712000,904.928000,94.216000,8.840482,ok
9,False,11,8,0x0619d4d1900c2365,810.712000,904.928000,94.216000,8.840482,ok
9,False,12,8,0x0619d4d1900c2365,956.613000,1052.478000,95.865000,7.601109,ok
9,False,13,8,0x0619d4d1900c2365,956.613000,1052.478000,95.865000,7.601109,ok
9,False,14,8,0x0619d4d1900c2365,1104.599000,1202.726000,98.127000,6.651557,ok
9,False,15,8,0x0619d4d1900c2365,1104.599000,1202.726000,98.127000,6.651557,ok
9,False,16,8,0x0619d4d1900c2365,1254.867000,1350.183000,95.316000,5.925123,ok
9,False,17,8,0x0619d4d1900c2365,1254.868000,1350.183000,95.315000,5.925123,ok
9,False,18,8,0x0619d4d1900c2365,1402.161000,1497.182000,95.021000,5.343372,ok
9,False,19,8,0x0619d4d1900c2365,1402.161000,1497.182000,95.021000,5.343372,ok
9,False,20,8,0x0619d4d1900c2365,1549.731000,1645.094000,95.363000,4.862944,ok
9,False,21,8,0x0619d4d1900c2365,1549.731000,1645.097000,95.366000,4.862935,ok
9,False,22,8,0x0619d4d1900c2365,1697.724000,1794.930000,97.206000,4.456998,ok
9,False,23,8,0x0619d4d1900c2365,1697.724000,1795.015000,97.291000,4.456787,ok
9,False,24,8,0x0619d4d1900c2365,1847.100000,1942.953000,95.853000,4.117444,ok
9,False,25,8,0x0619d4d1900c2365,1847.100000,1942.952000,95.852000,4.117446,ok
9,False,26,8,0x0619d4d1900c2365,1995.288000,2091.413000,96.125000,3.825165,ok
9,False,27,8,0x0619d4d1900c2365,1995.199000,2091.413000,96.214000,3.825165,ok
9,False,28,8,0x0619d4d1900c2365,2143.594000,2243.196000,99.602000,3.566340,ok
9,False,29,8,0x0619d4d1900c2365,2143.595000,2243.096000,99.501000,3.566499,ok
9,False,30,8,0x0619d4d1900c2365,2295.065000,2393.853000,98.788000,3.341893,ok
9,False,31,8,0x0619d4d1900c2365,2295.077000,2393.853000,98.776000,3.341893,ok
9,False,32,8,0x0619d4d1900c2365,2305.439000,2402.265000,96.826000,3.330190,ok
9,False,33,8,0x0619d4d1900c2365,2305.544000,2402.346000,96.802000,3.330078,ok
9,False,34,8,0x0619d4d1900c2365,2316.604000,2414.340000,97.736000,3.313535,ok
9,False,35,8,0x0619d4d1900c2365,2316.601000,2414.337000,97.736000,3.313539,ok
9,False,36,8,0x0619d4d1900c2365,2323.943000,2422.219000,98.276000,3.302757,ok
9,False,37,8,0x0619d4d1900c2365,2323.940000,2422.216000,98.276000,3.302761,ok
9,False,38,8,0x0619d4d1900c2365,2298.550000,2397.692000,99.142000,3.336542,ok
9,False,39,8,0x0619d4d1900c2365,2297.207000,2396.350000,99.143000,3.338410,ok
9,False,40,8,0x0619d4d1900c2365,2288.634000,2386.220000,97.586000,3.352583,ok
9,False,41,8,0x0619d4d1900c2365,2288.632000,2386.093000,97.461000,3.352761,ok
9,False,42,8,0x0619d4d1900c2365,2292.750000,2391.778000,99.028000,3.344792,ok
9,False,43,8,0x0619d4d1900c2365,2292.757000,2391.775000,99.018000,3.344796,ok
9,False,44,8,0x0619d4d1900c2365,2297.685000,2395.681000,97.996000,3.339343,ok
9,False,45,8,0x0619d4d1900c2365,2297.684000,2395.582000,97.898000,3.339481,ok
9,False,46,8,0x0619d4d1900c2365,2297.004000,2393.617000,96.613000,3.342222,ok
9,False,47,8,0x0619d4d1900c2365,2297.001000,2393.615000,96.614000,3.342225,ok
9,False,48,8,0x0619d4d1900c2365,2299.736000,2397.243000,97.507000,3.337167,ok
9,False,49,8,0x0619d4d1900c2365,2299.733000,2397.238000,97.505000,3.337174,ok
9,False,50,8,0x0619d4d1900c2365,2302.933000,2400.742000,97.809000,3.332303,ok
9,False,51,8,0x0619d4d1900c2365,2302.930000,2400.740000,97.810000,3.332306,ok
9,False,52,8,0x0619d4d1900c2365,2304.529000,2402.548000,98.019000,3.329798,ok
9,False,53,8,0x0619d4d1900c2365,2304.525000,2402.640000,98.115000,3.329671,ok
9,False,54,8,0x0619d4d1900c2365,2306.573000,2404.247000,97.674000,3.327445,ok
9,False,55,8,0x0619d4d1900c2365,2306.570000,2404.243000,97.673000,3.327451,ok
9,False,56,8,0x0619d4d1900c2365,2308.783000,2406.327000,97.544000,3.324569,ok
9,False,57,8,0x0619d4d1900c2365,2308.688000,2406.429000,97.741000,3.324428,ok
9,False,58,8,0x0619d4d1900c2365,2310.860000,2409.198000,98.338000,3.320607,ok
9,False,59,8,0x0619d4d1900c2365,2310.856000,2409.193000,98.337000,3.320614,ok
9,False,60,8,0x0619d4d1900c2365,2311.402000,2409.592000,98.190000,3.320064,ok
9,False,61,8,0x0619d4d1900c2365,2311.398000,2409.589000,98.191000,3.320068,ok
9,False,62,8,0x0619d4d1900c2365,2311.126000,2408.772000,97.646000,3.321194,ok
9,False,63,8,0x0619d4d1900c2365,2311.216000,2408.769000,97.553000,3.321199,ok
9,False,64,8,0x0619d4d1900c2365,2312.547000,2414.580000,102.033000,3.313206,ok
9,False,65,8,0x0619d4d1900c2365,2312.542000,2414.574000,102.032000,3.313214,ok
9,False,66,8,0x0619d4d1900c2365,2318.633000,2417.552000,98.919000,3.309133,ok
9,False,67,8,0x0619d4d1900c2365,2318.631000,2417.551000,98.920000,3.309134,ok
9,False,68,8,0x0619d4d1900c2365,2319.767000,2416.958000,97.191000,3.309946,ok
9,False,69,8,0x0619d4d1900c2365,2319.764000,2416.955000,97.191000,3.309950,ok
9,False,70,8,0x0619d4d1900c2365,2318.263000,2415.166000,96.903000,3.312402,ok
9,False,71,8,0x0619d4d1900c2365,2318.259000,2415.162000,96.903000,3.312407,ok
9,False,72,8,0x0619d4d1900c2365,2317.768000,2417.846000,100.078000,3.308730,ok
9,False,73,8,0x0619d4d1900c2365,2317.764000,2417.842000,100.078000,3.308736,ok
9,False,74,8,0x0619d4d1900c2365,2320.454000,2424.330000,103.876000,3.299881,ok
9,False,75,8,0x0619d4d1900c2365,2320.451000,2424.326000,103.875000,3.299886,ok
9,False,76,8,0x0619d4d1900c2365,2327.568000,2427.881000,100.313000,3.295054,ok
9,False,77,8,0x0619d4d1900c2365,2327.564000,2427.876000,100.312000,3.295061,ok
9,False,78,8,0x0619d4d1900c2365,2333.651000,2434.189000,100.538000,3.286516,ok
9,False,79,8,0x0619d4d1900c2365,2333.662000,2434.185000,100.523000,3.286521,ok
9,False,80,8,0x0619d4d1900c2365,2337.876000,2440.829000,102.953000,3.277575,ok
9,False,81,8,0x0619d4d1900c2365,2337.778000,2440.825000,103.047000,3.277580,ok
9,False,82,8,0x0619d4d1900c2365,2344.573000,2450.959000,106.386000,3.264028,ok
9,False,83,8,0x0619d4d1900c2365,2344.566000,2450.869000,106.303000,3.264148,ok
9,False,84,8,0x0619d4d1900c2365,2354.196000,2457.412000,103.216000,3.255457,ok
9,False,85,8,0x0619d4d1900c2365,2354.192000,2457.519000,103.327000,3.255316,ok
9,False,86,8,0x0619d4d1900c2365,2362.675000,2467.147000,104.472000,3.242612,ok
9,False,87,8,0x0619d4d1900c2365,2362.673000,2467.145000,104.472000,3.242614,ok
9,False,88,8,0x0619d4d1900c2365,2371.441000,2481.361000,109.920000,3.224037,ok
9,False,89,8,0x0619d4d1900c2365,2371.338000,2481.237000,109.899000,3.224198,ok
9,False,90,8,0x0619d4d1900c2365,2383.205000,2487.855000,104.650000,3.215621,ok
9,False,91,8,0x0619d4d1900c2365,2383.202000,2487.849000,104.647000,3.215629,ok
9,False,92,8,0x0619d4d1900c2365,2391.797000,2507.188000,115.391000,3.190826,ok
9,False,93,8,0x0619d4d1900c2365,2391.354000,2507.303000,115.949000,3.190679,ok
9,False,94,8,0x0619d4d1900c2365,2412.423000,2516.459000,104.036000,3.179070,ok
9,False,95,8,0x0619d4d1900c2365,2412.419000,2516.578000,104.159000,3.178920,ok
9,False,96,8,0x0619d4d1900c2365,2417.576000,2522.094000,104.518000,3.171967,ok
9,False,97,8,0x0619d4d1900c2365,2417.572000,2522.089000,104.517000,3.171974,ok
9,False,98,8,0x0619d4d1900c2365,2426.227000,2529.516000,103.289000,3.162660,ok
9,False,99,8,0x0619d4d1900c2365,2426.223000,2529.512000,103.289000,3.162665,ok
9,False,100,8,0x0619d4d1900c2365,2434.720000,2545.135000,110.415000,3.143252,ok
9,False,101,8,0x0619d4d1900c2365,2434.716000,2545.051000,110.335000,3.143355,ok
9,False,102,8,0x0619d4d1900c2365,2452.490000,2559.166000,106.676000,3.126018,ok
9,False,103,8,0x0619d4d1900c2365,2452.489000,2559.263000,106.774000,3.125900,ok
9,False,104,8,0x0619d4d1900c2365,2460.351000,2562.742000,102.391000,3.121656,ok
9,False,105,8,0x0619d4d1900c2365,2460.347000,2562.737000,102.390000,3.121663,ok
9,False,106,8,0x0619d4d1900c2365,2460.191000,2562.721000,102.530000,3.121682,ok
9,False,107,8,0x0619d4d1900c2365,2460.185000,2562.717000,102.532000,3.121687,ok
9,False,108,8,0x0619d4d1900c2365,2465.081000,2573.748000,108.667000,3.108307,ok
9,False,109,8,0x0619d4d1900c2365,2465.195000,2573.864000,108.669000,3.108167,ok
9,False,110,8,0x0619d4d1900c2365,2473.808000,2581.704000,107.896000,3.098729,ok
9,False,111,8,0x0619d4d1900c2365,2473.803000,2581.807000,108.004000,3.098605,ok
9,False,112,8,0x0619d4d1900c2365,2478.202000,2583.287000,105.085000,3.096830,ok
9,False,113,8,0x0619d4d1900c2365,2478.198000,2583.283000,105.085000,3.096835,ok
9,False,114,8,0x0619d4d1900c2365,2480.166000,2582.837000,102.671000,3.097369,ok
9,False,115,8,0x0619d4d1900c2365,2480.162000,2582.833000,102.671000,3.097374,ok
9,False,116,8,0x0619d4d1900c2365,2479.932000,2582.942000,103.010000,3.097243,ok
9,False,117,8,0x0619d4d1900c2365,2479.905000,2582.915000,103.010000,3.097276,ok
9,False,118,8,0x0619d4d1900c2365,2480.757000,2592.988000,112.231000,3.085244,ok
9,False,119,8,0x0619d4d1900c2365,2480.756000,2592.987000,112.231000,3.085245,ok
9,False,120,8,0x0619d4d1900c2365,2483.575000,2591.111000,107.536000,3.087479,ok
9,False,121,8,0x0619d4d1900c2365,2483.579000,2591.220000,107.641000,3.087349,ok
9,False,122,8,0x0619d4d1900c2365,2488.072000,2593.118000,105.046000,3.085089,ok
9,False,123,8,0x0619d4d1900c2365,2488.068000,2592.995000,104.927000,3.085235,ok
9,False,124,8,0x0619d4d1900c2365,2477.892000,2582.479000,104.587000,3.097799,ok
9,False,125,8,0x0619d4d1900c2365,2477.890000,2582.358000,104.468000,3.097944,ok
9,False,126,8,0x0619d4d1900c2365,2478.001000,2580.804000,102.803000,3.099809,ok
9,False,127,8,0x0619d4d1900c2365,2477.998000,2580.803000,102.805000,3.099810,ok
9,False,128,8,0x0619d4d1900c2365,2475.427000,2583.553000,108.126000,3.096511,ok
9,False,129,8,0x0619d4d1900c2365,2475.413000,2583.422000,108.009000,3.096668,ok
9,False,130,8,0x0619d4d1900c2365,2479.559000,2585.428000,105.869000,3.094265,ok
9,False,131,8,0x0619d4d1900c2365,2479.556000,2585.320000,105.764000,3.094395,ok
9,False,132,8,0x0619d4d1900c2365,2473.862000,2576.452000,102.590000,3.105045,ok
9,False,133,8,0x0619d4d1900c2365,2473.859000,2576.388000,102.529000,3.105122,ok
9,False,134,8,0x0619d4d1900c2365,2468.085000,2570.750000,102.665000,3.111932,ok
9,False,135,8,0x0619d4d1900c2365,2468.081000,2570.747000,102.666000,3.111936,ok
9,False,136,8,0x0619d4d1900c2365,2469.946000,2578.536000,108.590000,3.102536,ok
9,False,137,8,0x0619d4d1900c2365,2470.043000,2578.637000,108.594000,3.102414,ok
9,False,138,8,0x0619d4d1900c2365,2476.030000,2583.647000,107.617000,3.096398,ok
9,False,139,8,0x0619d4d1900c2365,2476.026000,2583.752000,107.726000,3.096272,ok
9,False,140,8,0x0619d4d1900c2365,2473.478000,2577.303000,103.825000,3.104020,ok
9,False,141,8,0x0619d4d1900c2365,2473.477000,2577.301000,103.824000,3.104022,ok
9,False,142,8,0x0619d4d1900c2365,2470.742000,2572.702000,101.960000,3.109571,ok
9,False,143,8,0x0619d4d1900c2365,2470.741000,2572.702000,101.961000,3.109571,ok
9,False,144,8,0x0619d4d1900c2365,2467.936000,2578.934000,110.998000,3.102057,ok
9,False,145,8,0x0619d4d1900c2365,2467.933000,2578.824000,110.891000,3.102189,ok
9,False,146,8,0x0619d4d1900c2365,2475.351000,2579.821000,104.470000,3.100990,ok
9,False,147,8,0x0619d4d1900c2365,2475.363000,2579.930000,104.567000,3.100859,ok
9,False,148,8,0x0619d4d1900c2365,2477.476000,2582.247000,104.771000,3.098077,ok
9,False,149,8,0x0619d4d1900c2365,2477.474000,2582.244000,104.770000,3.098081,ok
9,False,150,8,0x0619d4d1900c2365,2468.304000,2572.666000,104.362000,3.109615,ok
9,False,151,8,0x0619d4d1900c2365,2468.300000,2572.768000,104.468000,3.109491,ok
9,False,152,8,0x0619d4d1900c2365,2466.452000,2569.339000,102.887000,3.113641,ok
9,False,153,8,0x0619d4d1900c2365,2465.177000,2568.063000,102.886000,3.115188,ok
9,False,154,8,0x0619d4d1900c2365,2464.809000,2566.710000,101.901000,3.116830,ok
9,False,155,8,0x0619d4d1900c2365,2464.729000,2566.710000,101.981000,3.116830,ok
9,False,156,8,0x0619d4d1900c2365,2461.836000,2569.667000,107.831000,3.113244,ok
9,False,157,8,0x0619d4d1900c2365,2461.831000,2569.768000,107.937000,3.113121,ok
9,False,158,8,0x0619d4d1900c2365,2466.171000,2571.946000,105.775000,3.110485,ok
9,False,159,8,0x0619d4d1900c2365,2466.166000,2572.028000,105.862000,3.110386,ok
9,False,160,8,0x0619d4d1900c2365,2462.297000,2565.527000,103.230000,3.118268,ok
9,False,161,8,0x0619d4d1900c2365,2462.293000,2565.444000,103.151000,3.118369,ok
9,False,162,8,0x0619d4d1900c2365,2460.291000,2563.481000,103.190000,3.120757,ok
9,False,163,8,0x0619d4d1900c2365,2460.286000,2563.477000,103.191000,3.120761,ok
9,False,164,8,0x0619d4d1900c2365,2461.869000,2564.729000,102.860000,3.119238,ok
9,False,165,8,0x0619d4d1900c2365,2461.865000,2564.725000,102.860000,3.119243,ok
9,False,166,8,0x0619d4d1900c2365,2463.830000,2569.255000,105.425000,3.113743,ok
9,False,167,8,0x0619d4d1900c2365,2463.825000,2569.250000,105.425000,3.113749,ok
9,False,168,8,0x0619d4d1900c2365,2460.416000,2570.395000,109.979000,3.112362,ok
9,False,169,8,0x0619d4d1900c2365,2460.300000,2570.268000,109.968000,3.112516,ok
9,False,170,8,0x0619d4d1900c2365,2460.665000,2565.871000,105.206000,3.117850,ok
9,False,171,8,0x0619d4d1900c2365,2460.661000,2565.771000,105.110000,3.117971,ok
9,False,172,8,0x0619d4d1900c2365,2462.102000,2567.668000,105.566000,3.115668,ok
9,False,173,8,0x0619d4d1900c2365,2462.106000,2567.776000,105.670000,3.115537,ok
9,False,174,8,0x0619d4d1900c2365,2464.112000,2571.399000,107.287000,3.111147,ok
9,False,175,8,0x0619d4d1900c2365,2464.108000,2571.492000,107.384000,3.111034,ok
9,False,176,8,0x0619d4d1900c2365,2459.806000,2563.874000,104.068000,3.120278,ok
9,False,177,8,0x0619d4d1900c2365,2459.805000,2563.873000,104.068000,3.120279,ok
9,False,178,8,0x0619d4d1900c2365,2460.110000,2568.409000,108.299000,3.114769,ok
9,False,179,8,0x0619d4d1900c2365,2460.181000,2568.509000,108.328000,3.114647,ok
9,False,180,8,0x0619d4d1900c2365,2463.012000,2565.016000,102.004000,3.118889,ok
9,False,181,8,0x0619d4d1900c2365,2463.008000,2565.012000,102.004000,3.118894,ok
9,False,182,8,0x0619d4d1900c2365,2461.855000,2564.794000,102.939000,3.119159,ok
9,False,183,8,0x0619d4d1900c2365,2461.851000,2564.788000,102.937000,3.119166,ok
9,False,184,8,0x0619d4d1900c2365,2460.791000,2566.800000,106.009000,3.116721,ok
9,False,185,8,0x0619d4d1900c2365,2460.788000,2566.797000,106.009000,3.116725,ok
9,False,186,8,0x0619d4d1900c2365,2463.788000,2568.920000,105.132000,3.114149,ok
9,False,187,8,0x0619d4d1900c2365,2463.785000,2569.032000,105.247000,3.114013,ok
9,False,188,8,0x0619d4d1900c2365,2460.331000,2562.195000,101.864000,3.122323,ok
9,False,189,8,0x0619d4d1900c2365,2460.391000,2562.196000,101.805000,3.122322,ok
9,False,190,8,0x0619d4d1900c2365,2456.167000,2563.717000,107.550000,3.120469,ok
9,False,191,8,0x0619d4d1900c2365,2456.258000,2563.719000,107.461000,3.120467,ok
9,False,192,8,0x0619d4d1900c2365,2462.725000,2568.751000,106.026000,3.114354,ok
9,False,193,8,0x0619d4d1900c2365,2462.596000,2568.748000,106.152000,3.114358,ok
9,False,194,8,0x0619d4d1900c2365,2465.133000,2570.501000,105.368000,3.112234,ok
9,False,195,8,0x0619d4d1900c2365,2465.132000,2570.500000,105.368000,3.112235,ok
9,False,196,8,0x0619d4d1900c2365,2466.584000,2570.068000,103.484000,3.112758,ok
9,False,197,8,0x0619d4d1900c2365,2466.580000,2570.176000,103.596000,3.112627,ok
9,False,198,8,0x0619d4d1900c2365,2463.705000,2567.689000,103.984000,3.115642,ok
9,False,199,8,0x0619d4d1900c2365,2463.701000,2567.685000,103.984000,3.115647,ok
10,False,0,8,0x0619d4d1900c2365,53.596000,138.569000,84.973000,57.732971,ok
10,False,1,8,0x0619d4d1900c2365,53.581000,138.559000,84.978000,57.737137,ok
10,False,2,8,0x0619d4d1900c2365,186.181000,304.766000,118.585000,26.249647,ok
10,False,3,8,0x0619d4d1900c2365,185.492000,304.852000,119.360000,26.242242,ok
10,False,4,8,0x0619d4d1900c2365,353.394000,443.460000,90.066000,18.039959,ok
10,False,5,8,0x0619d4d1900c2365,353.393000,443.459000,90.066000,18.039999,ok
10,False,6,8,0x0619d4d1900c2365,492.847000,584.641000,91.794000,13.683611,ok
10,False,7,8,0x0619d4d1900c2365,493.100000,584.642000,91.542000,13.683588,ok
10,False,8,8,0x0619d4d1900c2365,633.869000,724.167000,90.298000,11.047176,ok
10,False,9,8,0x0619d4d1900c2365,633.869000,724.170000,90.301000,11.047130,ok
10,False,10,8,0x0619d4d1900c2365,773.562000,865.399000,91.837000,9.244291,ok
10,False,11,8,0x0619d4d1900c2365,773.562000,865.399000,91.837000,9.244291,ok
10,False,12,8,0x0619d4d1900c2365,915.348000,1006.401000,91.053000,7.949118,ok
10,False,13,8,0x0619d4d1900c2365,915.347000,1006.401000,91.054000,7.949118,ok
10,False,14,8,0x0619d4d1900c2365,1056.428000,1147.681000,91.253000,6.970578,ok
10,False,15,8,0x0619d4d1900c2365,1056.428000,1147.682000,91.254000,6.970572,ok
10,False,16,8,0x0619d4d1900c2365,1197.312000,1289.819000,92.507000,6.202421,ok
10,False,17,8,0x0619d4d1900c2365,1197.312000,1289.820000,92.508000,6.202416,ok
10,False,18,8,0x0619d4d1900c2365,1339.659000,1431.496000,91.837000,5.588559,ok
10,False,19,8,0x0619d4d1900c2365,1339.659000,1431.496000,91.837000,5.588559,ok
10,False,20,8,0x0619d4d1900c2365,1481.062000,1573.166000,92.104000,5.085287,ok
10,False,21,8,0x0619d4d1900c2365,1481.062000,1573.166000,92.104000,5.085287,ok
10,False,22,8,0x0619d4d1900c2365,1623.724000,1715.863000,92.139000,4.662377,ok
10,False,23,8,0x0619d4d1900c2365,1623.842000,1715.863000,92.021000,4.662377,ok
10,False,24,8,0x0619d4d1900c2365,1766.156000,1858.742000,92.586000,4.303986,ok
10,False,25,8,0x0619d4d1900c2365,1766.154000,1858.741000,92.587000,4.303989,ok
10,False,26,8,0x0619d4d1900c2365,1908.715000,2000.270000,91.555000,3.999460,ok
10,False,27,8,0x0619d4d1900c2365,1908.722000,2000.270000,91.548000,3.999460,ok
10,False,28,8,0x0619d4d1900c2365,2050.643000,2147.006000,96.363000,3.726119,ok
10,False,29,8,0x0619d4d1900c2365,2050.643000,2147.006000,96.363000,3.726119,ok
10,False,30,8,0x0619d4d1900c2365,2197.328000,2290.673000,93.345000,3.492423,ok
10,False,31,8,0x0619d4d1900c2365,2197.327000,2290.742000,93.415000,3.492318,ok
10,False,32,8,0x0619d4d1900c2365,2202.175000,2297.820000,95.645000,3.481561,ok
10,False,33,8,0x0619d4d1900c2365,2201.576000,2297.814000,96.238000,3.481570,ok
10,False,34,8,0x0619d4d1900c2365,2182.787000,2275.668000,92.881000,3.515451,ok
10,False,35,8,0x0619d4d1900c2365,2182.780000,2275.660000,92.880000,3.515464,ok
10,False,36,8,0x0619d4d1900c2365,2187.688000,2280.125000,92.437000,3.508580,ok
10,False,37,8,0x0619d4d1900c2365,2187.686000,2280.124000,92.438000,3.508581,ok
10,False,38,8,0x0619d4d1900c2365,2189.105000,2282.129000,93.024000,3.505499,ok
10,False,39,8,0x0619d4d1900c2365,2189.210000,2282.125000,92.915000,3.505505,ok
10,False,40,8,0x0619d4d1900c2365,2192.242000,2284.956000,92.714000,3.501162,ok
10,False,41,8,0x0619d4d1900c2365,2192.232000,2284.954000,92.722000,3.501165,ok
10,False,42,8,0x0619d4d1900c2365,2194.302000,2287.471000,93.169000,3.497312,ok
10,False,43,8,0x0619d4d1900c2365,2194.406000,2287.467000,93.061000,3.497318,ok
10,False,44,8,0x0619d4d1900c2365,2197.256000,2290.336000,93.080000,3.492937,ok
10,False,45,8,0x0619d4d1900c2365,2197.251000,2290.331000,93.080000,3.492945,ok
10,False,46,8,0x0619d4d1900c2365,2200.313000,2292.856000,92.543000,3.489098,ok
10,False,47,8,0x0619d4d1900c2365,2200.313000,2292.855000,92.542000,3.489100,ok
10,False,48,8,0x0619d4d1900c2365,2200.706000,2294.261000,93.555000,3.486962,ok
10,False,49,8,0x0619d4d1900c2365,2200.705000,2294.260000,93.555000,3.486963,ok
10,False,50,8,0x0619d4d1900c2365,2203.153000,2296.186000,93.033000,3.484038,ok
10,False,51,8,0x0619d4d1900c2365,2203.256000,2296.184000,92.928000,3.484041,ok
10,False,52,8,0x0619d4d1900c2365,2205.012000,2298.421000,93.409000,3.480650,ok
10,False,53,8,0x0619d4d1900c2365,2205.008000,2298.417000,93.409000,3.480656,ok
10,False,54,8,0x0619d4d1900c2365,2206.820000,2299.833000,93.013000,3.478513,ok
10,False,55,8,0x0619d4d1900c2365,2206.817000,2299.830000,93.013000,3.478518,ok
10,False,56,8,0x0619d4d1900c2365,2208.106000,2300.740000,92.634000,3.477142,ok
10,False,57,8,0x0619d4d1900c2365,2207.997000,2300.737000,92.740000,3.477147,ok
10,False,58,8,0x0619d4d1900c2365,2209.158000,2302.221000,93.063000,3.474905,ok
10,False,59,8,0x0619d4d1900c2365,2209.154000,2302.218000,93.064000,3.474910,ok
10,False,60,8,0x0619d4d1900c2365,2207.237000,2303.015000,95.778000,3.473707,ok
10,False,61,8,0x0619d4d1900c2365,2207.236000,2304.823000,97.587000,3.470982,ok
10,False,62,8,0x0619d4d1900c2365,2208.016000,2328.561000,120.545000,3.435598,ok
10,False,63,8,0x0619d4d1900c2365,2210.053000,2328.555000,118.502000,3.435607,ok
10,False,64,8,0x0619d4d1900c2365,2232.845000,2326.479000,93.634000,3.438673,ok
10,False,65,8,0x0619d4d1900c2365,2232.804000,2326.439000,93.635000,3.438732,ok
10,False,66,8,0x0619d4d1900c2365,2234.088000,2327.468000,93.380000,3.437212,ok
10,False,67,8,0x0619d4d1900c2365,2233.947000,2327.464000,93.517000,3.437218,ok
10,False,68,8,0x0619d4d1900c2365,2234.857000,2327.635000,92.778000,3.436965,ok
10,False,69,8,0x0619d4d1900c2365,2234.854000,2327.632000,92.778000,3.436969,ok
10,False,70,8,0x0619d4d1900c2365,2235.477000,2328.707000,93.230000,3.435383,ok
10,False,71,8,0x0619d4d1900c2365,2235.384000,2328.703000,93.319000,3.435389,ok
10,False,72,8,0x0619d4d1900c2365,2237.192000,2330.637000,93.445000,3.432538,ok
10,False,73,8,0x0619d4d1900c2365,2237.191000,2330.636000,93.445000,3.432539,ok
10,False,74,8,0x0619d4d1900c2365,2236.339000,2329.428000,93.089000,3.434319,ok
10,False,75,8,0x0619d4d1900c2365,2236.335000,2329.424000,93.089000,3.434325,ok
10,False,76,8,0x0619d4d1900c2365,2236.276000,2329.771000,93.495000,3.433814,ok
10,False,77,8,0x0619d4d1900c2365,2236.274000,2329.767000,93.493000,3.433820,ok
10,False,78,8,0x0619d4d1900c2365,2237.869000,2331.119000,93.250000,3.431828,ok
10,False,79,8,0x0619d4d1900c2365,2237.865000,2331.117000,93.252000,3.431831,ok
10,False,80,8,0x0619d4d1900c2365,2238.726000,2416.337000,177.611000,3.310796,ok
10,False,81,8,0x0619d4d1900c2365,2238.725000,2416.427000,177.702000,3.310673,ok
10,False,82,8,0x0619d4d1900c2365,2320.792000,2419.507000,98.715000,3.306459,ok
10,False,83,8,0x0619d4d1900c2365,2321.731000,2419.505000,97.774000,3.306461,ok
10,False,84,8,0x0619d4d1900c2365,2326.661000,2437.549000,110.888000,3.281985,ok
10,False,85,8,0x0619d4d1900c2365,2326.958000,2437.455000,110.497000,3.282112,ok
10,False,86,8,0x0619d4d1900c2365,2344.014000,2437.826000,93.812000,3.281612,ok
10,False,87,8,0x0619d4d1900c2365,2344.010000,2437.821000,93.811000,3.281619,ok
10,False,88,8,0x0619d4d1900c2365,2345.782000,2448.978000,103.196000,3.266669,ok
10,False,89,8,0x0619d4d1900c2365,2345.779000,2448.975000,103.196000,3.266673,ok
10,False,90,8,0x0619d4d1900c2365,2432.423000,2555.936000,123.513000,3.129969,ok
10,False,91,8,0x0619d4d1900c2365,2436.838000,2559.848000,123.010000,3.125186,ok
10,False,92,8,0x0619d4d1900c2365,2460.078000,2583.183000,123.105000,3.096954,ok
10,False,93,8,0x0619d4d1900c2365,2463.633000,2585.606000,121.973000,3.094052,ok
10,False,94,8,0x0619d4d1900c2365,2463.584000,2586.711000,123.127000,3.092730,ok
10,False,95,8,0x0619d4d1900c2365,2467.764000,2589.694000,121.930000,3.089168,ok
10,False,96,8,0x0619d4d1900c2365,2493.754000,2617.022000,123.268000,3.056910,ok
10,False,97,8,0x0619d4d1900c2365,2497.250000,2619.490000,122.240000,3.054030,ok
10,False,98,8,0x0619d4d1900c2365,2523.785000,2646.723000,122.938000,3.022606,ok
10,False,99,8,0x0619d4d1900c2365,2526.444000,2647.940000,121.496000,3.021216,ok
10,False,100,8,0x0619d4d1900c2365,2553.305000,2656.502000,103.197000,3.011479,ok
10,False,101,8,0x0619d4d1900c2365,2554.615000,2656.498000,101.883000,3.011484,ok
10,False,102,8,0x0619d4d1900c2365,2563.114000,2658.127000,95.013000,3.009638,ok
10,False,103,8,0x0619d4d1900c2365,2563.111000,2658.123000,95.012000,3.009643,ok
10,False,104,8,0x0619d4d1900c2365,2565.917000,2660.661000,94.744000,3.006772,ok
10,False,105,8,0x0619d4d1900c2365,2565.916000,2660.661000,94.745000,3.006772,ok
10,False,106,8,0x0619d4d1900c2365,2568.504000,2661.942000,93.438000,3.005325,ok
10,False,107,8,0x0619d4d1900c2365,2568.501000,2661.941000,93.440000,3.005326,ok
10,False,108,8,0x0619d4d1900c2365,2568.340000,2662.389000,94.049000,3.004820,ok
10,False,109,8,0x0619d4d1900c2365,2568.338000,2662.384000,94.046000,3.004826,ok
10,False,110,8,0x0619d4d1900c2365,2570.061000,2664.049000,93.988000,3.002948,ok
10,False,111,8,0x0619d4d1900c2365,2570.058000,2664.046000,93.988000,3.002951,ok
10,False,112,8,0x0619d4d1900c2365,2486.835000,2580.491000,93.656000,3.100185,ok
10,False,113,8,0x0619d4d1900c2365,2486.833000,2580.489000,93.656000,3.100188,ok
10,False,114,8,0x0619d4d1900c2365,2483.891000,2585.954000,102.063000,3.093636,ok
10,False,115,8,0x0619d4d1900c2365,2483.892000,2586.237000,102.345000,3.093297,ok
10,False,116,8,0x0619d4d1900c2365,2474.240000,2570.121000,95.881000,3.112694,ok
10,False,117,8,0x0619d4d1900c2365,2474.565000,2570.118000,95.553000,3.112698,ok
10,False,118,8,0x0619d4d1900c2365,2477.502000,2571.421000,93.919000,3.111120,ok
10,False,119,8,0x0619d4d1900c2365,2477.501000,2571.417000,93.916000,3.111125,ok
10,False,120,8,0x0619d4d1900c2365,2458.191000,2552.046000,93.855000,3.134740,ok
10,False,121,8,0x0619d4d1900c2365,2458.189000,2552.043000,93.854000,3.134743,ok
10,False,122,8,0x0619d4d1900c2365,2361.781000,2460.335000,98.554000,3.251590,ok
10,False,123,8,0x0619d4d1900c2365,2358.037000,2456.510000,98.473000,3.256653,ok
10,False,124,8,0x0619d4d1900c2365,2338.047000,2438.992000,100.945000,3.280044,ok
10,False,125,8,0x0619d4d1900c2365,2334.144000,2435.162000,101.018000,3.285202,ok
10,False,126,8,0x0619d4d1900c2365,2313.975000,2428.092000,114.117000,3.294768,ok
10,False,127,8,0x0619d4d1900c2365,2317.803000,2433.245000,115.442000,3.287791,ok
10,False,128,8,0x0619d4d1900c2365,2312.672000,2436.769000,124.097000,3.283036,ok
10,False,129,8,0x0619d4d1900c2365,2313.912000,2436.569000,122.657000,3.283305,ok
10,False,130,8,0x0619d4d1900c2365,2314.772000,2438.118000,123.346000,3.281219,ok
10,False,131,8,0x0619d4d1900c2365,2316.306000,2437.606000,121.300000,3.281909,ok
10,False,132,8,0x0619d4d1900c2365,2344.775000,2469.747000,124.972000,3.239198,ok
10,False,133,8,0x0619d4d1900c2365,2348.695000,2472.291000,123.596000,3.235865,ok
10,False,134,8,0x0619d4d1900c2365,2375.185000,2501.637000,126.452000,3.197906,ok
10,False,135,8,0x0619d4d1900c2365,2378.963000,2503.254000,124.291000,3.195840,ok
10,False,136,8,0x0619d4d1900c2365,2408.439000,2505.181000,96.742000,3.193382,ok
10,False,137,8,0x0619d4d1900c2365,2409.002000,2505.178000,96.176000,3.193386,ok
10,False,138,8,0x0619d4d1900c2365,2412.079000,2507.938000,95.859000,3.189872,ok
10,False,139,8,0x0619d4d1900c2365,2412.075000,2507.846000,95.771000,3.189989,ok
10,False,140,8,0x0619d4d1900c2365,2414.677000,2508.897000,94.220000,3.188652,ok
10,False,141,8,0x0619d4d1900c2365,2414.676000,2508.896000,94.220000,3.188653,ok
10,False,142,8,0x0619d4d1900c2365,2414.473000,2530.840000,116.367000,3.161006,ok
10,False,143,8,0x0619d4d1900c2365,2416.682000,2530.838000,114.156000,3.161008,ok
10,False,144,8,0x0619d4d1900c2365,2439.111000,2534.266000,95.155000,3.156733,ok
10,False,145,8,0x0619d4d1900c2365,2439.110000,2534.265000,95.155000,3.156734,ok
10,False,146,8,0x0619d4d1900c2365,2432.689000,2528.324000,95.635000,3.164151,ok
10,False,147,8,0x0619d4d1900c2365,2431.507000,2527.043000,95.536000,3.165755,ok
10,False,148,8,0x0619d4d1900c2365,2432.140000,2526.114000,93.974000,3.166920,ok
10,False,149,8,0x0619d4d1900c2365,2432.136000,2526.110000,93.974000,3.166925,ok
10,False,150,8,0x0619d4d1900c2365,2433.497000,2527.794000,94.297000,3.164815,ok
10,False,151,8,0x0619d4d1900c2365,2433.591000,2527.793000,94.202000,3.164816,ok
10,False,152,8,0x0619d4d1900c2365,2432.673000,2527.828000,95.155000,3.164772,ok
10,False,153,8,0x0619d4d1900c2365,2432.668000,2527.927000,95.259000,3.164648,ok
10,False,154,8,0x0619d4d1900c2365,2430.031000,2524.251000,94.220000,3.169257,ok
10,False,155,8,0x0619d4d1900c2365,2430.028000,2524.248000,94.220000,3.169261,ok
10,False,156,8,0x0619d4d1900c2365,2422.128000,2515.945000,93.817000,3.179720,ok
10,False,157,8,0x0619d4d1900c2365,2422.126000,2515.942000,93.816000,3.179724,ok
10,False,158,8,0x0619d4d1900c2365,2401.343000,2495.897000,94.554000,3.205260,ok
10,False,159,8,0x0619d4d1900c2365,2400.074000,2494.628000,94.554000,3.206891,ok
10,False,160,8,0x0619d4d1900c2365,2368.586000,2463.260000,94.674000,3.247729,ok
10,False,161,8,0x0619d4d1900c2365,2366.024000,2460.699000,94.675000,3.251109,ok
10,False,162,8,0x0619d4d1900c2365,2338.542000,2432.370000,93.828000,3.288973,ok
10,False,163,8,0x0619d4d1900c2365,2338.540000,2432.368000,93.828000,3.288976,ok
10,False,164,8,0x0619d4d1900c2365,2299.057000,2393.099000,94.042000,3.342946,ok
10,False,165,8,0x0619d4d1900c2365,2296.583000,2390.544000,93.961000,3.346519,ok
10,False,166,8,0x0619d4d1900c2365,2264.884000,2359.532000,94.648000,3.390503,ok
10,False,167,8,0x0619d4d1900c2365,2263.598000,2358.247000,94.649000,3.392350,ok
10,False,168,8,0x0619d4d1900c2365,2262.304000,2356.485000,94.181000,3.394887,ok
10,False,169,8,0x0619d4d1900c2365,2262.300000,2356.481000,94.181000,3.394893,ok
10,False,170,8,0x0619d4d1900c2365,2259.290000,2354.227000,94.937000,3.398143,ok
10,False,171,8,0x0619d4d1900c2365,2259.286000,2354.223000,94.937000,3.398149,ok
10,False,172,8,0x0619d4d1900c2365,2261.408000,2356.796000,95.388000,3.394439,ok
10,False,173,8,0x0619d4d1900c2365,2261.508000,2356.795000,95.287000,3.394440,ok
10,False,174,8,0x0619d4d1900c2365,2240.184000,2335.080000,94.896000,3.426007,ok
10,False,175,8,0x0619d4d1900c2365,2240.184000,2335.079000,94.895000,3.426008,ok
10,False,176,8,0x0619d4d1900c2365,2237.951000,2331.827000,93.876000,3.430786,ok
10,False,177,8,0x0619d4d1900c2365,2237.946000,2331.823000,93.877000,3.430792,ok
10,False,178,8,0x0619d4d1900c2365,2236.092000,2330.022000,93.930000,3.433444,ok
10,False,179,8,0x0619d4d1900c2365,2235.937000,2330.018000,94.081000,3.433450,ok
10,False,180,8,0x0619d4d1900c2365,2237.473000,2332.380000,94.907000,3.429973,ok
10,False,181,8,0x0619d4d1900c2365,2237.469000,2332.376000,94.907000,3.429979,ok
10,False,182,8,0x0619d4d1900c2365,2236.931000,2330.566000,93.635000,3.432643,ok
10,False,183,8,0x0619d4d1900c2365,2236.927000,2330.511000,93.584000,3.432724,ok
10,False,184,8,0x0619d4d1900c2365,2236.009000,2332.300000,96.291000,3.430090,ok
10,False,185,8,0x0619d4d1900c2365,2235.938000,2332.300000,96.362000,3.430090,ok
10,False,186,8,0x0619d4d1900c2365,2238.066000,2333.382000,95.316000,3.428500,ok
10,False,187,8,0x0619d4d1900c2365,2238.062000,2333.378000,95.316000,3.428506,ok
10,False,188,8,0x0619d4d1900c2365,2240.288000,2334.361000,94.073000,3.427062,ok
10,False,189,8,0x0619d4d1900c2365,2240.287000,2334.358000,94.071000,3.427066,ok
10,False,190,8,0x0619d4d1900c2365,2238.832000,2332.770000,93.938000,3.429399,ok
10,False,191,8,0x0619d4d1900c2365,2238.820000,2332.767000,93.947000,3.429404,ok
10,False,192,8,0x0619d4d1900c2365,2238.506000,2332.653000,94.147000,3.429571,ok
10,False,193,8,0x0619d4d1900c2365,2238.383000,2332.649000,94.266000,3.429577,ok
10,False,194,8,0x0619d4d1900c2365,2239.704000,2333.897000,94.193000,3.427743,ok
10,False,195,8,0x0619d4d1900c2365,2239.699000,2333.893000,94.194000,3.427749,ok
10,False,196,8,0x0619d4d1900c2365,2240.080000,2333.747000,93.667000,3.427964,ok
10,False,197,8,0x0619d4d1900c2365,2240.077000,2333.743000,93.666000,3.427970,ok
10,False,198,8,0x0619d4d1900c2365,2238.413000,2332.011000,93.598000,3.430516,ok
10,False,199,8,0x0619d4d1900c2365,2238.410000,2332.008000,93.598000,3.430520,ok
