trial_index,measured_for_timing,completion_index,n_tokens_generated,generated_token_hash,ttft_ms,total_ms,total_minus_ttft_ms,tokens_per_second,status
0,False,0,8,0x0619d4d1900c2365,52.626000,144.130000,91.504000,55.505446,ok
0,False,1,8,0x0619d4d1900c2365,52.622000,144.190000,91.568000,55.482350,ok
0,False,2,8,0x0619d4d1900c2365,193.857000,286.131000,92.274000,27.959221,ok
0,False,3,8,0x0619d4d1900c2365,193.760000,286.131000,92.371000,27.959221,ok
0,False,4,8,0x0619d4d1900c2365,337.745000,435.891000,98.146000,18.353212,ok
0,False,5,8,0x0619d4d1900c2365,337.563000,435.979000,98.416000,18.349508,ok
0,False,6,8,0x0619d4d1900c2365,487.287000,586.587000,99.300000,13.638216,ok
0,False,7,8,0x0619d4d1900c2365,487.287000,586.670000,99.383000,13.636286,ok
0,False,8,8,0x0619d4d1900c2365,638.682000,734.986000,96.304000,10.884561,ok
0,False,9,8,0x0619d4d1900c2365,638.679000,734.900000,96.221000,10.885835,ok
0,False,10,8,0x0619d4d1900c2365,787.007000,890.163000,103.156000,8.987118,ok
0,False,11,8,0x0619d4d1900c2365,786.894000,890.086000,103.192000,8.987896,ok
0,False,12,8,0x0619d4d1900c2365,942.317000,1051.415000,109.098000,7.608794,ok
0,False,13,8,0x0619d4d1900c2365,942.229000,1051.415000,109.186000,7.608794,ok
0,False,14,8,0x0619d4d1900c2365,1103.929000,1201.419000,97.490000,6.658793,ok
0,False,15,8,0x0619d4d1900c2365,1103.930000,1201.420000,97.490000,6.658787,ok
0,False,16,8,0x0619d4d1900c2365,1254.241000,1352.475000,98.234000,5.915082,ok
0,False,17,8,0x0619d4d1900c2365,1254.240000,1352.540000,98.300000,5.914797,ok
0,False,18,8,0x0619d4d1900c2365,1405.793000,1502.563000,96.770000,5.324236,ok
0,False,19,8,0x0619d4d1900c2365,1405.793000,1502.563000,96.770000,5.324236,ok
0,False,20,8,0x0619d4d1900c2365,1555.514000,1654.386000,98.872000,4.835631,ok
0,False,21,8,0x0619d4d1900c2365,1555.432000,1654.386000,98.954000,4.835631,ok
0,False,22,8,0x0619d4d1900c2365,1708.103000,1805.726000,97.623000,4.430351,ok
0,False,23,8,0x0619d4d1900c2365,1708.103000,1805.728000,97.625000,4.430346,ok
0,False,24,8,0x0619d4d1900c2365,1859.416000,1957.165000,97.749000,4.087545,ok
0,False,25,8,0x0619d4d1900c2365,1859.416000,1957.274000,97.858000,4.087317,ok
0,False,26,8,0x0619d4d1900c2365,2010.572000,2108.833000,98.261000,3.793567,ok
0,False,27,8,0x0619d4d1900c2365,2010.572000,2108.833000,98.261000,3.793567,ok
0,False,28,8,0x0619d4d1900c2365,2162.487000,2264.926000,102.439000,3.532124,ok
0,False,29,8,0x0619d4d1900c2365,2162.590000,2264.825000,102.235000,3.532282,ok
0,False,30,8,0x0619d4d1900c2365,2316.993000,2421.964000,104.971000,3.303104,ok
0,False,31,8,0x0619d4d1900c2365,2316.993000,2422.073000,105.080000,3.302956,ok
0,False,32,8,0x0619d4d1900c2365,2330.292000,2443.427000,113.135000,3.274090,ok
0,False,33,8,0x0619d4d1900c2365,2331.562000,2442.146000,110.584000,3.275807,ok
0,False,34,8,0x0619d4d1900c2365,2354.927000,2454.870000,99.943000,3.258828,ok
0,False,35,8,0x0619d4d1900c2365,2354.927000,2454.868000,99.941000,3.258831,ok
0,False,36,8,0x0619d4d1900c2365,2359.336000,2461.678000,102.342000,3.249816,ok
0,False,37,8,0x0619d4d1900c2365,2359.225000,2461.676000,102.451000,3.249818,ok
0,False,38,8,0x0619d4d1900c2365,2365.045000,2469.943000,104.898000,3.238941,ok
0,False,39,8,0x0619d4d1900c2365,2365.044000,2469.852000,104.808000,3.239060,ok
0,False,40,8,0x0619d4d1900c2365,2374.945000,2479.676000,104.731000,3.226228,ok
0,False,41,8,0x0619d4d1900c2365,2374.944000,2479.565000,104.621000,3.226372,ok
0,False,42,8,0x0619d4d1900c2365,2377.917000,2479.575000,101.658000,3.226359,ok
0,False,43,8,0x0619d4d1900c2365,2377.914000,2479.573000,101.659000,3.226362,ok
0,False,44,8,0x0619d4d1900c2365,2372.527000,2474.867000,102.340000,3.232497,ok
0,False,45,8,0x0619d4d1900c2365,2372.525000,2474.866000,102.341000,3.232498,ok
0,False,46,8,0x0619d4d1900c2365,2381.397000,2490.755000,109.358000,3.211878,ok
0,False,47,8,0x0619d4d1900c2365,2381.397000,2490.872000,109.475000,3.211727,ok
0,False,48,8,0x0619d4d1900c2365,2393.342000,2500.830000,107.488000,3.198938,ok
0,False,49,8,0x0619d4d1900c2365,2393.343000,2500.937000,107.594000,3.198801,ok
0,False,50,8,0x0619d4d1900c2365,2406.131000,2511.365000,105.234000,3.185519,ok
0,False,51,8,0x0619d4d1900c2365,2405.875000,2511.482000,105.607000,3.185370,ok
0,False,52,8,0x0619d4d1900c2365,2415.838000,2517.637000,101.799000,3.177583,ok
0,False,53,8,0x0619d4d1900c2365,2415.837000,2517.637000,101.800000,3.177583,ok
0,False,54,8,0x0619d4d1900c2365,2421.957000,2530.949000,108.992000,3.160870,ok
0,False,55,8,0x0619d4d1900c2365,2421.856000,2530.843000,108.987000,3.161002,ok
0,False,56,8,0x0619d4d1900c2365,2435.793000,2543.637000,107.844000,3.145103,ok
0,False,57,8,0x0619d4d1900c2365,2434.512000,2542.356000,107.844000,3.146688,ok
0,False,58,8,0x0619d4d1900c2365,2447.893000,2567.267000,119.374000,3.116154,ok
0,False,59,8,0x0619d4d1900c2365,2447.892000,2567.369000,119.477000,3.116030,ok
0,False,60,8,0x0619d4d1900c2365,2466.233000,2569.892000,103.659000,3.112971,ok
0,False,61,8,0x0619d4d1900c2365,2466.233000,2569.780000,103.547000,3.113107,ok
0,False,62,8,0x0619d4d1900c2365,2467.745000,2578.231000,110.486000,3.102903,ok
0,False,63,8,0x0619d4d1900c2365,2467.743000,2578.339000,110.596000,3.102773,ok
0,False,64,8,0x0619d4d1900c2365,2468.233000,2577.010000,108.777000,3.104373,ok
0,False,65,8,0x0619d4d1900c2365,2468.231000,2576.917000,108.686000,3.104485,ok
0,False,66,8,0x0619d4d1900c2365,2478.645000,2590.616000,111.971000,3.088069,ok
0,False,67,8,0x0619d4d1900c2365,2478.644000,2590.504000,111.860000,3.088202,ok
0,False,68,8,0x0619d4d1900c2365,2489.562000,2599.226000,109.664000,3.077839,ok
0,False,69,8,0x0619d4d1900c2365,2489.561000,2599.109000,109.548000,3.077978,ok
0,False,70,8,0x0619d4d1900c2365,2495.747000,2603.321000,107.574000,3.072998,ok
0,False,71,8,0x0619d4d1900c2365,2495.745000,2603.428000,107.683000,3.072872,ok
0,False,72,8,0x0619d4d1900c2365,2501.822000,2604.801000,102.979000,3.071252,ok
0,False,73,8,0x0619d4d1900c2365,2501.819000,2604.799000,102.980000,3.071254,ok
0,False,74,8,0x0619d4d1900c2365,2505.098000,2607.535000,102.437000,3.068032,ok
0,False,75,8,0x0619d4d1900c2365,2505.095000,2607.534000,102.439000,3.068033,ok
0,False,76,8,0x0619d4d1900c2365,2507.541000,2619.280000,111.739000,3.054274,ok
0,False,77,8,0x0619d4d1900c2365,2507.622000,2619.376000,111.754000,3.054163,ok
0,False,78,8,0x0619d4d1900c2365,2510.771000,2622.252000,111.481000,3.050813,ok
0,False,79,8,0x0619d4d1900c2365,2510.768000,2622.149000,111.381000,3.050933,ok
0,False,80,8,0x0619d4d1900c2365,2518.373000,2626.114000,107.741000,3.046326,ok
0,False,81,8,0x0619d4d1900c2365,2517.227000,2624.940000,107.713000,3.047689,ok
0,False,82,8,0x0619d4d1900c2365,2520.579000,2622.923000,102.344000,3.050032,ok
0,False,83,8,0x0619d4d1900c2365,2520.578000,2622.922000,102.344000,3.050034,ok
0,False,84,8,0x0619d4d1900c2365,2521.782000,2641.552000,119.770000,3.028523,ok
0,False,85,8,0x0619d4d1900c2365,2522.198000,2641.665000,119.467000,3.028393,ok
0,False,86,8,0x0619d4d1900c2365,2530.358000,2633.034000,102.676000,3.038320,ok
0,False,87,8,0x0619d4d1900c2365,2530.356000,2633.032000,102.676000,3.038322,ok
0,False,88,8,0x0619d4d1900c2365,2526.566000,2635.213000,108.647000,3.035808,ok
0,False,89,8,0x0619d4d1900c2365,2526.568000,2635.319000,108.751000,3.035686,ok
0,False,90,8,0x0619d4d1900c2365,2515.649000,2622.119000,106.470000,3.050968,ok
0,False,91,8,0x0619d4d1900c2365,2515.761000,2622.013000,106.252000,3.051091,ok
0,False,92,8,0x0619d4d1900c2365,2519.777000,2631.209000,111.432000,3.040427,ok
0,False,93,8,0x0619d4d1900c2365,2519.773000,2631.315000,111.542000,3.040305,ok
0,False,94,8,0x0619d4d1900c2365,2521.288000,2626.447000,105.159000,3.045940,ok
0,False,95,8,0x0619d4d1900c2365,2521.286000,2626.352000,105.066000,3.046050,ok
0,False,96,8,0x0619d4d1900c2365,2518.930000,2623.557000,104.627000,3.049295,ok
0,False,97,8,0x0619d4d1900c2365,2518.825000,2623.555000,104.730000,3.049298,ok
0,False,98,8,0x0619d4d1900c2365,2511.780000,2624.198000,112.418000,3.048550,ok
0,False,99,8,0x0619d4d1900c2365,2511.778000,2624.314000,112.536000,3.048416,ok
0,False,100,8,0x0619d4d1900c2365,2516.943000,2624.714000,107.771000,3.047951,ok
0,False,101,8,0x0619d4d1900c2365,2516.942000,2624.596000,107.654000,3.048088,ok
0,False,102,8,0x0619d4d1900c2365,2515.295000,2619.423000,104.128000,3.054108,ok
0,False,103,8,0x0619d4d1900c2365,2515.294000,2619.538000,104.244000,3.053974,ok
0,False,104,8,0x0619d4d1900c2365,2516.192000,2620.741000,104.549000,3.052572,ok
0,False,105,8,0x0619d4d1900c2365,2516.190000,2620.740000,104.550000,3.052573,ok
0,False,106,8,0x0619d4d1900c2365,2518.686000,2629.791000,111.105000,3.042067,ok
0,False,107,8,0x0619d4d1900c2365,2518.793000,2629.789000,110.996000,3.042069,ok
0,False,108,8,0x0619d4d1900c2365,2517.583000,2627.647000,110.064000,3.044549,ok
0,False,109,8,0x0619d4d1900c2365,2517.580000,2627.536000,109.956000,3.044678,ok
0,False,110,8,0x0619d4d1900c2365,2516.528000,2635.348000,118.820000,3.035652,ok
0,False,111,8,0x0619d4d1900c2365,2515.209000,2635.345000,120.136000,3.035656,ok
0,False,112,8,0x0619d4d1900c2365,2526.262000,2630.067000,103.805000,3.041748,ok
0,False,113,8,0x0619d4d1900c2365,2524.976000,2628.666000,103.690000,3.043369,ok
0,False,114,8,0x0619d4d1900c2365,2527.434000,2629.807000,102.373000,3.042048,ok
0,False,115,8,0x0619d4d1900c2365,2527.433000,2629.807000,102.374000,3.042048,ok
0,False,116,8,0x0619d4d1900c2365,2509.841000,2619.157000,109.316000,3.054418,ok
0,False,117,8,0x0619d4d1900c2365,2509.840000,2619.050000,109.210000,3.054543,ok
0,False,118,8,0x0619d4d1900c2365,2516.072000,2625.586000,109.514000,3.046939,ok
0,False,119,8,0x0619d4d1900c2365,2516.070000,2625.474000,109.404000,3.047069,ok
0,False,120,8,0x0619d4d1900c2365,2516.901000,2625.511000,108.610000,3.047026,ok
0,False,121,8,0x0619d4d1900c2365,2515.381000,2624.225000,108.844000,3.048519,ok
0,False,122,8,0x0619d4d1900c2365,2519.143000,2622.852000,103.709000,3.050115,ok
0,False,123,8,0x0619d4d1900c2365,2519.142000,2622.949000,103.807000,3.050002,ok
0,False,124,8,0x0619d4d1900c2365,2511.563000,2613.075000,101.512000,3.061527,ok
0,False,125,8,0x0619d4d1900c2365,2511.562000,2613.076000,101.514000,3.061526,ok
0,False,126,8,0x0619d4d1900c2365,2507.740000,2612.498000,104.758000,3.062203,ok
0,False,127,8,0x0619d4d1900c2365,2507.766000,2612.618000,104.852000,3.062063,ok
0,False,128,8,0x0619d4d1900c2365,2508.156000,2619.100000,110.944000,3.054484,ok
0,False,129,8,0x0619d4d1900c2365,2508.155000,2619.218000,111.063000,3.054347,ok
0,False,130,8,0x0619d4d1900c2365,2505.028000,2611.490000,106.462000,3.063385,ok
0,False,131,8,0x0619d4d1900c2365,2505.026000,2611.489000,106.463000,3.063386,ok
0,False,132,8,0x0619d4d1900c2365,2504.533000,2606.958000,102.425000,3.068711,ok
0,False,133,8,0x0619d4d1900c2365,2504.534000,2606.957000,102.423000,3.068712,ok
0,False,134,8,0x0619d4d1900c2365,2502.832000,2604.592000,101.760000,3.071498,ok
0,False,135,8,0x0619d4d1900c2365,2502.830000,2604.591000,101.761000,3.071500,ok
0,False,136,8,0x0619d4d1900c2365,2500.397000,2613.583000,113.186000,3.060932,ok
0,False,137,8,0x0619d4d1900c2365,2500.733000,2613.809000,113.076000,3.060667,ok
0,False,138,8,0x0619d4d1900c2365,2500.933000,2604.592000,103.659000,3.071498,ok
0,False,139,8,0x0619d4d1900c2365,2501.004000,2604.591000,103.587000,3.071500,ok
0,False,140,8,0x0619d4d1900c2365,2494.804000,2596.787000,101.983000,3.080730,ok
0,False,141,8,0x0619d4d1900c2365,2494.803000,2596.893000,102.090000,3.080604,ok
0,False,142,8,0x0619d4d1900c2365,2478.057000,2580.968000,102.911000,3.099612,ok
0,False,143,8,0x0619d4d1900c2365,2478.056000,2580.968000,102.912000,3.099612,ok
0,False,144,8,0x0619d4d1900c2365,2477.373000,2579.747000,102.374000,3.101079,ok
0,False,145,8,0x0619d4d1900c2365,2477.371000,2579.746000,102.375000,3.101080,ok
0,False,146,8,0x0619d4d1900c2365,2477.099000,2587.551000,110.452000,3.091727,ok
0,False,147,8,0x0619d4d1900c2365,2477.098000,2587.550000,110.452000,3.091728,ok
0,False,148,8,0x0619d4d1900c2365,2477.093000,2584.961000,107.868000,3.094824,ok
0,False,149,8,0x0619d4d1900c2365,2477.081000,2584.842000,107.761000,3.094967,ok
0,False,150,8,0x0619d4d1900c2365,2475.670000,2596.357000,120.687000,3.081240,ok
0,False,151,8,0x0619d4d1900c2365,2475.668000,2596.334000,120.666000,3.081268,ok
0,False,152,8,0x0619d4d1900c2365,2489.322000,2600.295000,110.973000,3.076574,ok
0,False,153,8,0x0619d4d1900c2365,2490.074000,2600.411000,110.337000,3.076437,ok
0,False,154,8,0x0619d4d1900c2365,2495.895000,2598.831000,102.936000,3.078307,ok
0,False,155,8,0x0619d4d1900c2365,2495.893000,2598.963000,103.070000,3.078151,ok
0,False,156,8,0x0619d4d1900c2365,2497.651000,2608.070000,110.419000,3.067402,ok
0,False,157,8,0x0619d4d1900c2365,2497.756000,2608.154000,110.398000,3.067304,ok
0,False,158,8,0x0619d4d1900c2365,2502.056000,2606.282000,104.226000,3.069507,ok
0,False,159,8,0x0619d4d1900c2365,2502.055000,2606.282000,104.227000,3.069507,ok
0,False,160,8,0x0619d4d1900c2365,2495.540000,2601.567000,106.027000,3.075070,ok
0,False,161,8,0x0619d4d1900c2365,2495.539000,2601.686000,106.147000,3.074929,ok
0,False,162,8,0x0619d4d1900c2365,2496.718000,2608.559000,111.841000,3.066827,ok
0,False,163,8,0x0619d4d1900c2365,2496.299000,2608.316000,112.017000,3.067113,ok
0,False,164,8,0x0619d4d1900c2365,2503.461000,2608.663000,105.202000,3.066705,ok
0,False,165,8,0x0619d4d1900c2365,2503.653000,2608.662000,105.009000,3.066706,ok
0,False,166,8,0x0619d4d1900c2365,2507.288000,2618.873000,111.585000,3.054749,ok
0,False,167,8,0x0619d4d1900c2365,2507.395000,2618.962000,111.567000,3.054645,ok
0,False,168,8,0x0619d4d1900c2365,2505.128000,2606.856000,101.728000,3.068831,ok
0,False,169,8,0x0619d4d1900c2365,2505.127000,2606.855000,101.728000,3.068832,ok
0,False,170,8,0x0619d4d1900c2365,2505.352000,2611.017000,105.665000,3.063940,ok
0,False,171,8,0x0619d4d1900c2365,2505.345000,2610.891000,105.546000,3.064088,ok
0,False,172,8,0x0619d4d1900c2365,2508.227000,2609.387000,101.160000,3.065854,ok
0,False,173,8,0x0619d4d1900c2365,2508.225000,2609.386000,101.161000,3.065855,ok
0,False,174,8,0x0619d4d1900c2365,2506.475000,2608.918000,102.443000,3.066405,ok
0,False,175,8,0x0619d4d1900c2365,2506.474000,2608.916000,102.442000,3.066408,ok
0,False,176,8,0x0619d4d1900c2365,2506.977000,2615.452000,108.475000,3.058745,ok
0,False,177,8,0x0619d4d1900c2365,2506.975000,2615.450000,108.475000,3.058747,ok
0,False,178,8,0x0619d4d1900c2365,2504.788000,2612.118000,107.330000,3.062649,ok
0,False,179,8,0x0619d4d1900c2365,2504.784000,2612.230000,107.446000,3.062517,ok
0,False,180,8,0x0619d4d1900c2365,2503.947000,2610.340000,106.393000,3.064735,ok
0,False,181,8,0x0619d4d1900c2365,2503.945000,2610.338000,106.393000,3.064737,ok
0,False,182,8,0x0619d4d1900c2365,2567.577000,2686.774000,119.197000,2.977549,ok
0,False,183,8,0x0619d4d1900c2365,2567.909000,2686.661000,118.752000,2.977674,ok
0,False,184,8,0x0619d4d1900c2365,2573.803000,2676.164000,102.361000,2.989353,ok
0,False,185,8,0x0619d4d1900c2365,2572.532000,2675.011000,102.479000,2.990642,ok
0,False,186,8,0x0619d4d1900c2365,2572.568000,2677.738000,105.170000,2.987596,ok
0,False,187,8,0x0619d4d1900c2365,2572.569000,2678.944000,106.375000,2.986251,ok
0,False,188,8,0x0619d4d1900c2365,2565.926000,2674.841000,108.915000,2.990832,ok
0,False,189,8,0x0619d4d1900c2365,2566.043000,2673.561000,107.518000,2.992264,ok
0,False,190,8,0x0619d4d1900c2365,2571.916000,2678.481000,106.565000,2.986767,ok
0,False,191,8,0x0619d4d1900c2365,2571.914000,2678.648000,106.734000,2.986581,ok
0,False,192,8,0x0619d4d1900c2365,2572.348000,2691.282000,118.934000,2.972561,ok
0,False,193,8,0x0619d4d1900c2365,2572.346000,2692.902000,120.556000,2.970773,ok
0,False,194,8,0x0619d4d1900c2365,2577.726000,2693.715000,115.989000,2.969876,ok
0,False,195,8,0x0619d4d1900c2365,2579.266000,2693.605000,114.339000,2.969997,ok
0,False,196,8,0x0619d4d1900c2365,2589.054000,2696.446000,107.392000,2.966868,ok
0,False,197,8,0x0619d4d1900c2365,2589.292000,2696.445000,107.153000,2.966869,ok
0,False,198,8,0x0619d4d1900c2365,2585.169000,2687.518000,102.349000,2.976724,ok
0,False,199,8,0x0619d4d1900c2365,2583.891000,2686.240000,102.349000,2.978140,ok
1,False,0,8,0x0619d4d1900c2365,52.806000,142.919000,90.113000,55.975762,ok
1,False,1,8,0x0619d4d1900c2365,52.804000,142.916000,90.112000,55.976938,ok
1,False,2,8,0x0619d4d1900c2365,190.971000,281.412000,90.441000,28.428070,ok
1,False,3,8,0x0619d4d1900c2365,190.896000,281.411000,90.515000,28.428171,ok
1,False,4,8,0x0619d4d1900c2365,330.871000,422.705000,91.834000,18.925728,ok
1,False,5,8,0x0619d4d1900c2365,330.871000,422.705000,91.834000,18.925728,ok
1,False,6,8,0x0619d4d1900c2365,472.821000,565.594000,92.773000,14.144422,ok
1,False,7,8,0x0619d4d1900c2365,472.821000,565.594000,92.773000,14.144422,ok
1,False,8,8,0x0619d4d1900c2365,616.565000,710.444000,93.879000,11.260564,ok
1,False,9,8,0x0619d4d1900c2365,616.564000,710.442000,93.878000,11.260596,ok
1,False,10,8,0x0619d4d1900c2365,760.910000,854.581000,93.671000,9.361313,ok
1,False,11,8,0x0619d4d1900c2365,760.910000,854.657000,93.747000,9.360480,ok
1,False,12,8,0x0619d4d1900c2365,905.890000,1000.869000,94.979000,7.993054,ok
1,False,13,8,0x0619d4d1900c2365,905.890000,1000.869000,94.979000,7.993054,ok
1,False,14,8,0x0619d4d1900c2365,1052.814000,1149.160000,96.346000,6.961607,ok
1,False,15,8,0x0619d4d1900c2365,1052.814000,1149.160000,96.346000,6.961607,ok
1,False,16,8,0x0619d4d1900c2365,1200.902000,1296.137000,95.235000,6.172187,ok
1,False,17,8,0x0619d4d1900c2365,1200.902000,1296.137000,95.235000,6.172187,ok
1,False,18,8,0x0619d4d1900c2365,1348.496000,1444.032000,95.536000,5.540043,ok
1,False,19,8,0x0619d4d1900c2365,1348.497000,1444.032000,95.535000,5.540043,ok
1,False,20,8,0x0619d4d1900c2365,1496.296000,1594.957000,98.661000,5.015809,ok
1,False,21,8,0x0619d4d1900c2365,1496.296000,1594.805000,98.509000,5.016287,ok
1,False,22,8,0x0619d4d1900c2365,1646.609000,1743.613000,97.004000,4.588174,ok
1,False,23,8,0x0619d4d1900c2365,1646.610000,1743.611000,97.001000,4.588179,ok
1,False,24,8,0x0619d4d1900c2365,1796.181000,1893.153000,96.972000,4.225755,ok
1,False,25,8,0x0619d4d1900c2365,1796.181000,1893.153000,96.972000,4.225755,ok
1,False,26,8,0x0619d4d1900c2365,1945.777000,2041.870000,96.093000,3.917977,ok
1,False,27,8,0x0619d4d1900c2365,1945.777000,2041.870000,96.093000,3.917977,ok
1,False,28,8,0x0619d4d1900c2365,2094.354000,2191.011000,96.657000,3.651282,ok
1,False,29,8,0x0619d4d1900c2365,2094.261000,2191.011000,96.750000,3.651282,ok
1,False,30,8,0x0619d4d1900c2365,2243.409000,2340.077000,96.668000,3.418691,ok
1,False,31,8,0x0619d4d1900c2365,2243.409000,2340.077000,96.668000,3.418691,ok
1,False,32,8,0x0619d4d1900c2365,2249.848000,2346.856000,97.008000,3.408816,ok
1,False,33,8,0x0619d4d1900c2365,2249.847000,2346.855000,97.008000,3.408817,ok
1,False,34,8,0x0619d4d1900c2365,2259.969000,2357.412000,97.443000,3.393552,ok
1,False,35,8,0x0619d4d1900c2365,2259.967000,2357.410000,97.443000,3.393555,ok
1,False,36,8,0x0619d4d1900c2365,2269.074000,2367.152000,98.078000,3.379589,ok
1,False,37,8,0x0619d4d1900c2365,2269.074000,2367.151000,98.077000,3.379590,ok
1,False,38,8,0x0619d4d1900c2365,2277.451000,2375.124000,97.673000,3.368245,ok
1,False,39,8,0x0619d4d1900c2365,2277.450000,2375.122000,97.672000,3.368248,ok
1,False,40,8,0x0619d4d1900c2365,2283.871000,2381.170000,97.299000,3.359693,ok
1,False,41,8,0x0619d4d1900c2365,2283.869000,2381.168000,97.299000,3.359696,ok
1,False,42,8,0x0619d4d1900c2365,2290.137000,2387.319000,97.182000,3.351039,ok
1,False,43,8,0x0619d4d1900c2365,2290.137000,2387.319000,97.182000,3.351039,ok
1,False,44,8,0x0619d4d1900c2365,2294.372000,2391.551000,97.179000,3.345110,ok
1,False,45,8,0x0619d4d1900c2365,2294.371000,2391.550000,97.179000,3.345111,ok
1,False,46,8,0x0619d4d1900c2365,2295.311000,2393.090000,97.779000,3.342958,ok
1,False,47,8,0x0619d4d1900c2365,2295.309000,2393.077000,97.768000,3.342976,ok
1,False,48,8,0x0619d4d1900c2365,2299.201000,2397.193000,97.992000,3.337237,ok
1,False,49,8,0x0619d4d1900c2365,2299.287000,2397.192000,97.905000,3.337238,ok
1,False,50,8,0x0619d4d1900c2365,2302.373000,2402.377000,100.004000,3.330035,ok
1,False,51,8,0x0619d4d1900c2365,2301.984000,2402.277000,100.293000,3.330174,ok
1,False,52,8,0x0619d4d1900c2365,2305.577000,2404.551000,98.974000,3.327024,ok
1,False,53,8,0x0619d4d1900c2365,2305.488000,2404.550000,99.062000,3.327026,ok
1,False,54,8,0x0619d4d1900c2365,2309.307000,2407.253000,97.946000,3.323290,ok
1,False,55,8,0x0619d4d1900c2365,2309.307000,2407.364000,98.057000,3.323137,ok
1,False,56,8,0x0619d4d1900c2365,2310.960000,2408.605000,97.645000,3.321425,ok
1,False,57,8,0x0619d4d1900c2365,2310.959000,2408.604000,97.645000,3.321426,ok
1,False,58,8,0x0619d4d1900c2365,2313.361000,2412.472000,99.111000,3.316101,ok
1,False,59,8,0x0619d4d1900c2365,2313.557000,2412.468000,98.911000,3.316106,ok
1,False,60,8,0x0619d4d1900c2365,2315.656000,2414.800000,99.144000,3.312904,ok
1,False,61,8,0x0619d4d1900c2365,2315.655000,2414.799000,99.144000,3.312905,ok
1,False,62,8,0x0619d4d1900c2365,2320.298000,2419.734000,99.436000,3.306149,ok
1,False,63,8,0x0619d4d1900c2365,2320.298000,2419.640000,99.342000,3.306277,ok
1,False,64,8,0x0619d4d1900c2365,2323.096000,2420.478000,97.382000,3.305132,ok
1,False,65,8,0x0619d4d1900c2365,2323.095000,2420.478000,97.383000,3.305132,ok
1,False,66,8,0x0619d4d1900c2365,2323.753000,2424.938000,101.185000,3.299053,ok
1,False,67,8,0x0619d4d1900c2365,2323.655000,2424.937000,101.282000,3.299055,ok
1,False,68,8,0x0619d4d1900c2365,2327.203000,2424.788000,97.585000,3.299258,ok
1,False,69,8,0x0619d4d1900c2365,2327.203000,2424.787000,97.584000,3.299259,ok
1,False,70,8,0x0619d4d1900c2365,2328.193000,2426.176000,97.983000,3.297370,ok
1,False,71,8,0x0619d4d1900c2365,2328.192000,2426.080000,97.888000,3.297500,ok
1,False,72,8,0x0619d4d1900c2365,2328.103000,2425.669000,97.566000,3.298059,ok
1,False,73,8,0x0619d4d1900c2365,2328.101000,2425.667000,97.566000,3.298062,ok
1,False,74,8,0x0619d4d1900c2365,2329.581000,2428.330000,98.749000,3.294445,ok
1,False,75,8,0x0619d4d1900c2365,2329.492000,2428.329000,98.837000,3.294447,ok
1,False,76,8,0x0619d4d1900c2365,2330.589000,2432.845000,102.256000,3.288331,ok
1,False,77,8,0x0619d4d1900c2365,2330.588000,2432.715000,102.127000,3.288507,ok
1,False,78,8,0x0619d4d1900c2365,2336.021000,2437.022000,101.001000,3.282695,ok
1,False,79,8,0x0619d4d1900c2365,2336.020000,2437.235000,101.215000,3.282408,ok
1,False,80,8,0x0619d4d1900c2365,2339.071000,2439.500000,100.429000,3.279361,ok
1,False,81,8,0x0619d4d1900c2365,2339.066000,2439.498000,100.432000,3.279363,ok
1,False,82,8,0x0619d4d1900c2365,2340.801000,2449.311000,108.510000,3.266225,ok
1,False,83,8,0x0619d4d1900c2365,2340.919000,2449.434000,108.515000,3.266061,ok
1,False,84,8,0x0619d4d1900c2365,2350.946000,2455.349000,104.403000,3.258193,ok
1,False,85,8,0x0619d4d1900c2365,2350.945000,2455.469000,104.524000,3.258033,ok
1,False,86,8,0x0619d4d1900c2365,2358.821000,2461.861000,103.040000,3.249574,ok
1,False,87,8,0x0619d4d1900c2365,2358.821000,2461.753000,102.932000,3.249717,ok
1,False,88,8,0x0619d4d1900c2365,2365.201000,2473.852000,108.651000,3.233823,ok
1,False,89,8,0x0619d4d1900c2365,2365.306000,2473.958000,108.652000,3.233685,ok
1,False,90,8,0x0619d4d1900c2365,2374.070000,2476.698000,102.628000,3.230107,ok
1,False,91,8,0x0619d4d1900c2365,2374.067000,2476.697000,102.630000,3.230108,ok
1,False,92,8,0x0619d4d1900c2365,2379.892000,2489.145000,109.253000,3.213955,ok
1,False,93,8,0x0619d4d1900c2365,2379.891000,2489.267000,109.376000,3.213797,ok
1,False,94,8,0x0619d4d1900c2365,2391.597000,2496.715000,105.118000,3.204210,ok
1,False,95,8,0x0619d4d1900c2365,2391.596000,2496.817000,105.221000,3.204079,ok
1,False,96,8,0x0619d4d1900c2365,2400.811000,2510.801000,109.990000,3.186234,ok
1,False,97,8,0x0619d4d1900c2365,2400.907000,2510.799000,109.892000,3.186237,ok
1,False,98,8,0x0619d4d1900c2365,2411.962000,2514.430000,102.468000,3.181636,ok
1,False,99,8,0x0619d4d1900c2365,2411.960000,2514.428000,102.468000,3.181638,ok
1,False,100,8,0x0619d4d1900c2365,2419.670000,2523.595000,103.925000,3.170081,ok
1,False,101,8,0x0619d4d1900c2365,2419.774000,2523.595000,103.821000,3.170081,ok
1,False,102,8,0x0619d4d1900c2365,2427.953000,2535.831000,107.878000,3.154784,ok
1,False,103,8,0x0619d4d1900c2365,2427.953000,2535.786000,107.833000,3.154840,ok
1,False,104,8,0x0619d4d1900c2365,2440.881000,2554.151000,113.270000,3.132156,ok
1,False,105,8,0x0619d4d1900c2365,2442.244000,2554.150000,111.906000,3.132157,ok
1,False,106,8,0x0619d4d1900c2365,2458.723000,2561.224000,102.501000,3.123507,ok
1,False,107,8,0x0619d4d1900c2365,2458.721000,2561.222000,102.501000,3.123509,ok
1,False,108,8,0x0619d4d1900c2365,2461.846000,2564.189000,102.343000,3.119895,ok
1,False,109,8,0x0619d4d1900c2365,2461.845000,2564.186000,102.341000,3.119898,ok
1,False,110,8,0x0619d4d1900c2365,2466.175000,2572.874000,106.699000,3.109363,ok
1,False,111,8,0x0619d4d1900c2365,2466.279000,2572.873000,106.594000,3.109365,ok
1,False,112,8,0x0619d4d1900c2365,2474.962000,2583.413000,108.451000,3.096679,ok
1,False,113,8,0x0619d4d1900c2365,2474.962000,2583.512000,108.550000,3.096560,ok
1,False,114,8,0x0619d4d1900c2365,2477.349000,2583.072000,105.723000,3.097087,ok
1,False,115,8,0x0619d4d1900c2365,2476.066000,2581.669000,105.603000,3.098771,ok
1,False,116,8,0x0619d4d1900c2365,2480.475000,2582.963000,102.488000,3.097218,ok
1,False,117,8,0x0619d4d1900c2365,2480.478000,2582.962000,102.484000,3.097219,ok
1,False,118,8,0x0619d4d1900c2365,2480.942000,2583.653000,102.711000,3.096391,ok
1,False,119,8,0x0619d4d1900c2365,2480.940000,2583.529000,102.589000,3.096540,ok
1,False,120,8,0x0619d4d1900c2365,2476.387000,2587.205000,110.818000,3.092140,ok
1,False,121,8,0x0619d4d1900c2365,2476.386000,2587.203000,110.817000,3.092142,ok
1,False,122,8,0x0619d4d1900c2365,2488.039000,2595.880000,107.841000,3.081807,ok
1,False,123,8,0x0619d4d1900c2365,2488.038000,2595.879000,107.841000,3.081808,ok
1,False,124,8,0x0619d4d1900c2365,2488.119000,2593.273000,105.154000,3.084905,ok
1,False,125,8,0x0619d4d1900c2365,2488.118000,2593.154000,105.036000,3.085046,ok
1,False,126,8,0x0619d4d1900c2365,2488.588000,2591.011000,102.423000,3.087598,ok
1,False,127,8,0x0619d4d1900c2365,2488.587000,2591.010000,102.423000,3.087599,ok
1,False,128,8,0x0619d4d1900c2365,2482.276000,2584.802000,102.526000,3.095015,ok
1,False,129,8,0x0619d4d1900c2365,2482.255000,2584.800000,102.545000,3.095017,ok
1,False,130,8,0x0619d4d1900c2365,2483.906000,2598.319000,114.413000,3.078914,ok
1,False,131,8,0x0619d4d1900c2365,2483.905000,2598.318000,114.413000,3.078915,ok
1,False,132,8,0x0619d4d1900c2365,2494.121000,2602.128000,108.007000,3.074407,ok
1,False,133,8,0x0619d4d1900c2365,2494.119000,2602.233000,108.114000,3.074283,ok
1,False,134,8,0x0619d4d1900c2365,2492.493000,2596.247000,103.754000,3.081371,ok
1,False,135,8,0x0619d4d1900c2365,2492.491000,2596.352000,103.861000,3.081246,ok
1,False,136,8,0x0619d4d1900c2365,2483.263000,2585.792000,102.529000,3.093830,ok
1,False,137,8,0x0619d4d1900c2365,2483.265000,2585.790000,102.525000,3.093832,ok
1,False,138,8,0x0619d4d1900c2365,2483.456000,2586.114000,102.658000,3.093444,ok
1,False,139,8,0x0619d4d1900c2365,2483.455000,2586.110000,102.655000,3.093449,ok
1,False,140,8,0x0619d4d1900c2365,2484.268000,2594.794000,110.526000,3.083096,ok
1,False,141,8,0x0619d4d1900c2365,2484.266000,2594.913000,110.647000,3.082955,ok
1,False,142,8,0x0619d4d1900c2365,2487.635000,2594.650000,107.015000,3.083267,ok
1,False,143,8,0x0619d4d1900c2365,2487.634000,2594.762000,107.128000,3.083134,ok
1,False,144,8,0x0619d4d1900c2365,2484.738000,2587.463000,102.725000,3.091832,ok
1,False,145,8,0x0619d4d1900c2365,2484.738000,2587.588000,102.850000,3.091682,ok
1,False,146,8,0x0619d4d1900c2365,2482.215000,2584.535000,102.320000,3.095334,ok
1,False,147,8,0x0619d4d1900c2365,2482.214000,2584.534000,102.320000,3.095336,ok
1,False,148,8,0x0619d4d1900c2365,2482.740000,2592.867000,110.127000,3.085388,ok
1,False,149,8,0x0619d4d1900c2365,2482.662000,2592.755000,110.093000,3.085521,ok
1,False,150,8,0x0619d4d1900c2365,2488.029000,2596.842000,108.813000,3.080665,ok
1,False,151,8,0x0619d4d1900c2365,2488.004000,2596.725000,108.721000,3.080804,ok
1,False,152,8,0x0619d4d1900c2365,2485.737000,2592.279000,106.542000,3.086088,ok
1,False,153,8,0x0619d4d1900c2365,2485.740000,2592.399000,106.659000,3.085945,ok
1,False,154,8,0x0619d4d1900c2365,2482.659000,2585.264000,102.605000,3.094462,ok
1,False,155,8,0x0619d4d1900c2365,2482.661000,2585.263000,102.602000,3.094463,ok
1,False,156,8,0x0619d4d1900c2365,2478.900000,2580.869000,101.969000,3.099731,ok
1,False,157,8,0x0619d4d1900c2365,2478.897000,2580.867000,101.970000,3.099734,ok
1,False,158,8,0x0619d4d1900c2365,2479.368000,2585.042000,105.674000,3.094727,ok
1,False,159,8,0x0619d4d1900c2365,2479.462000,2585.041000,105.579000,3.094728,ok
1,False,160,8,0x0619d4d1900c2365,2481.430000,2585.858000,104.428000,3.093751,ok
1,False,161,8,0x0619d4d1900c2365,2481.428000,2585.850000,104.422000,3.093760,ok
1,False,162,8,0x0619d4d1900c2365,2472.541000,2576.837000,104.296000,3.104581,ok
1,False,163,8,0x0619d4d1900c2365,2472.540000,2576.728000,104.188000,3.104713,ok
1,False,164,8,0x0619d4d1900c2365,2466.969000,2569.723000,102.754000,3.113176,ok
1,False,165,8,0x0619d4d1900c2365,2466.968000,2569.723000,102.755000,3.113176,ok
1,False,166,8,0x0619d4d1900c2365,2466.327000,2568.675000,102.348000,3.114446,ok
1,False,167,8,0x0619d4d1900c2365,2465.048000,2567.393000,102.345000,3.116001,ok
1,False,168,8,0x0619d4d1900c2365,2464.417000,2572.858000,108.441000,3.109383,ok
1,False,169,8,0x0619d4d1900c2365,2464.416000,2572.967000,108.551000,3.109251,ok
1,False,170,8,0x0619d4d1900c2365,2470.132000,2575.784000,105.652000,3.105850,ok
1,False,171,8,0x0619d4d1900c2365,2470.132000,2575.888000,105.756000,3.105725,ok
1,False,172,8,0x0619d4d1900c2365,2462.713000,2565.661000,102.948000,3.118105,ok
1,False,173,8,0x0619d4d1900c2365,2462.711000,2565.762000,103.051000,3.117982,ok
1,False,174,8,0x0619d4d1900c2365,2458.611000,2564.714000,106.103000,3.119256,ok
1,False,175,8,0x0619d4d1900c2365,2457.420000,2563.431000,106.011000,3.120817,ok
1,False,176,8,0x0619d4d1900c2365,2462.506000,2564.991000,102.485000,3.118919,ok
1,False,177,8,0x0619d4d1900c2365,2462.506000,2564.991000,102.485000,3.118919,ok
1,False,178,8,0x0619d4d1900c2365,2461.316000,2567.881000,106.565000,3.115409,ok
1,False,179,8,0x0619d4d1900c2365,2461.315000,2567.764000,106.449000,3.115551,ok
1,False,180,8,0x0619d4d1900c2365,2456.062000,2612.996000,156.934000,3.061620,ok
1,False,181,8,0x0619d4d1900c2365,2456.060000,2622.300000,166.240000,3.050757,ok
1,False,182,8,0x0619d4d1900c2365,2504.750000,2629.500000,124.750000,3.042403,ok
1,False,183,8,0x0619d4d1900c2365,2515.776000,2639.500000,123.724000,3.030877,ok
1,False,184,8,0x0619d4d1900c2365,2523.247000,2646.264000,123.017000,3.023130,ok
1,False,185,8,0x0619d4d1900c2365,2532.288000,2655.611000,123.323000,3.012489,ok
1,False,186,8,0x0619d4d1900c2365,2542.312000,2665.459000,123.147000,3.001359,ok
1,False,187,8,0x0619d4d1900c2365,2553.444000,2676.462000,123.018000,2.989021,ok
1,False,188,8,0x0619d4d1900c2365,2562.940000,2686.361000,123.421000,2.978006,ok
1,False,189,8,0x0619d4d1900c2365,2574.898000,2699.775000,124.877000,2.963210,ok
1,False,190,8,0x0619d4d1900c2365,2579.958000,2688.451000,108.493000,2.975691,ok
1,False,191,8,0x0619d4d1900c2365,2593.751000,2703.067000,109.316000,2.959601,ok
1,False,192,8,0x0619d4d1900c2365,2584.462000,2687.400000,102.938000,2.976855,ok
1,False,193,8,0x0619d4d1900c2365,2599.272000,2702.052000,102.780000,2.960713,ok
1,False,194,8,0x0619d4d1900c2365,2581.902000,2692.112000,110.210000,2.971645,ok
1,False,195,8,0x0619d4d1900c2365,2596.852000,2706.775000,109.923000,2.955547,ok
1,False,196,8,0x0619d4d1900c2365,2589.787000,2700.479000,110.692000,2.962437,ok
1,False,197,8,0x0619d4d1900c2365,2604.627000,2715.097000,110.470000,2.946488,ok
1,False,198,8,0x0619d4d1900c2365,2599.036000,2709.685000,110.649000,2.952373,ok
1,False,199,8,0x0619d4d1900c2365,2613.996000,2723.768000,109.772000,2.937108,ok
2,False,0,8,0x0619d4d1900c2365,57.798000,146.646000,88.848000,54.553142,ok
2,False,1,8,0x0619d4d1900c2365,57.795000,146.642000,88.847000,54.554630,ok
2,False,2,8,0x0619d4d1900c2365,197.444000,290.246000,92.802000,27.562826,ok
2,False,3,8,0x0619d4d1900c2365,197.442000,290.245000,92.803000,27.562921,ok
2,False,4,8,0x0619d4d1900c2365,341.177000,436.539000,95.362000,18.325969,ok
2,False,5,8,0x0619d4d1900c2365,341.075000,436.539000,95.464000,18.325969,ok
2,False,6,8,0x0619d4d1900c2365,488.445000,584.357000,95.912000,13.690261,ok
2,False,7,8,0x0619d4d1900c2365,488.442000,584.353000,95.911000,13.690355,ok
2,False,8,8,0x0619d4d1900c2365,636.187000,731.586000,95.399000,10.935146,ok
2,False,9,8,0x0619d4d1900c2365,636.106000,731.584000,95.478000,10.935176,ok
2,False,10,8,0x0619d4d1900c2365,783.592000,879.602000,96.010000,9.095023,ok
2,False,11,8,0x0619d4d1900c2365,783.678000,879.602000,95.924000,9.095023,ok
2,False,12,8,0x0619d4d1900c2365,932.479000,1029.333000,96.854000,7.772023,ok
2,False,13,8,0x0619d4d1900c2365,932.479000,1029.333000,96.854000,7.772023,ok
2,False,14,8,0x0619d4d1900c2365,1082.389000,1180.534000,98.145000,6.776594,ok
2,False,15,8,0x0619d4d1900c2365,1082.389000,1180.455000,98.066000,6.777048,ok
2,False,16,8,0x0619d4d1900c2365,1233.470000,1330.192000,96.722000,6.014169,ok
2,False,17,8,0x0619d4d1900c2365,1233.471000,1330.194000,96.723000,6.014160,ok
2,False,18,8,0x0619d4d1900c2365,1382.904000,1488.202000,105.298000,5.375614,ok
2,False,19,8,0x0619d4d1900c2365,1383.020000,1488.282000,105.262000,5.375325,ok
2,False,20,8,0x0619d4d1900c2365,1540.714000,1640.332000,99.618000,4.877061,ok
2,False,21,8,0x0619d4d1900c2365,1540.715000,1640.226000,99.511000,4.877377,ok
2,False,22,8,0x0619d4d1900c2365,1693.309000,1792.053000,98.744000,4.464154,ok
2,False,23,8,0x0619d4d1900c2365,1693.310000,1792.151000,98.841000,4.463910,ok
2,False,24,8,0x0619d4d1900c2365,1845.423000,1943.138000,97.715000,4.117052,ok
2,False,25,8,0x0619d4d1900c2365,1845.423000,1943.139000,97.716000,4.117050,ok
2,False,26,8,0x0619d4d1900c2365,1996.403000,2094.121000,97.718000,3.820219,ok
2,False,27,8,0x0619d4d1900c2365,1996.404000,2094.122000,97.718000,3.820217,ok
2,False,28,8,0x0619d4d1900c2365,2147.651000,2252.476000,104.825000,3.551647,ok
2,False,29,8,0x0619d4d1900c2365,2147.651000,2252.375000,104.724000,3.551806,ok
2,False,30,8,0x0619d4d1900c2365,2305.451000,2412.709000,107.258000,3.315775,ok
2,False,31,8,0x0619d4d1900c2365,2305.554000,2412.709000,107.155000,3.315775,ok
2,False,32,8,0x0619d4d1900c2365,2322.581000,2430.023000,107.442000,3.292150,ok
2,False,33,8,0x0619d4d1900c2365,2322.580000,2430.150000,107.570000,3.291978,ok
2,False,34,8,0x0619d4d1900c2365,2342.053000,2445.063000,103.010000,3.271899,ok
2,False,35,8,0x0619d4d1900c2365,2342.052000,2445.063000,103.011000,3.271899,ok
2,False,36,8,0x0619d4d1900c2365,2354.438000,2463.716000,109.278000,3.247128,ok
2,False,37,8,0x0619d4d1900c2365,2354.434000,2463.613000,109.179000,3.247263,ok
2,False,38,8,0x0619d4d1900c2365,2371.274000,2478.526000,107.252000,3.227725,ok
2,False,39,8,0x0619d4d1900c2365,2371.303000,2478.623000,107.320000,3.227599,ok
2,False,40,8,0x0619d4d1900c2365,2388.704000,2501.471000,112.767000,3.198118,ok
2,False,41,8,0x0619d4d1900c2365,2388.602000,2501.319000,112.717000,3.198313,ok
2,False,42,8,0x0619d4d1900c2365,2412.273000,2523.430000,111.157000,3.170288,ok
2,False,43,8,0x0619d4d1900c2365,2412.272000,2523.428000,111.156000,3.170291,ok
2,False,44,8,0x0619d4d1900c2365,2431.380000,2543.014000,111.634000,3.145873,ok
2,False,45,8,0x0619d4d1900c2365,2431.379000,2542.911000,111.532000,3.146001,ok
2,False,46,8,0x0619d4d1900c2365,2449.584000,2567.846000,118.262000,3.115452,ok
2,False,47,8,0x0619d4d1900c2365,2449.467000,2567.681000,118.214000,3.115652,ok
2,False,48,8,0x0619d4d1900c2365,2473.838000,2586.551000,112.713000,3.092922,ok
2,False,49,8,0x0619d4d1900c2365,2473.836000,2586.551000,112.715000,3.092922,ok
2,False,50,8,0x0619d4d1900c2365,2487.342000,2600.850000,113.508000,3.075917,ok
2,False,51,8,0x0619d4d1900c2365,2487.340000,2600.983000,113.643000,3.075760,ok
2,False,52,8,0x0619d4d1900c2365,2506.451000,2618.382000,111.931000,3.055322,ok
2,False,53,8,0x0619d4d1900c2365,2506.450000,2618.526000,112.076000,3.055154,ok
2,False,54,8,0x0619d4d1900c2365,2521.386000,2633.845000,112.459000,3.037385,ok
2,False,55,8,0x0619d4d1900c2365,2521.385000,2633.844000,112.459000,3.037386,ok
2,False,56,8,0x0619d4d1900c2365,2540.125000,2648.651000,108.526000,3.020405,ok
2,False,57,8,0x0619d4d1900c2365,2540.123000,2648.649000,108.526000,3.020408,ok
2,False,58,8,0x0619d4d1900c2365,2554.915000,2667.078000,112.163000,2.999537,ok
2,False,59,8,0x0619d4d1900c2365,2554.745000,2666.964000,112.219000,2.999666,ok
2,False,60,8,0x0619d4d1900c2365,2564.917000,2677.541000,112.624000,2.987816,ok
2,False,61,8,0x0619d4d1900c2365,2564.912000,2677.433000,112.521000,2.987937,ok
2,False,62,8,0x0619d4d1900c2365,2573.131000,2681.624000,108.493000,2.983267,ok
2,False,63,8,0x0619d4d1900c2365,2573.130000,2681.744000,108.614000,2.983133,ok
2,False,64,8,0x0619d4d1900c2365,2574.036000,2681.077000,107.041000,2.983876,ok
2,False,65,8,0x0619d4d1900c2365,2574.036000,2681.199000,107.163000,2.983740,ok
2,False,66,8,0x0619d4d1900c2365,2578.443000,2683.386000,104.943000,2.981308,ok
2,False,67,8,0x0619d4d1900c2365,2578.442000,2683.385000,104.943000,2.981309,ok
2,False,68,8,0x0619d4d1900c2365,2573.824000,2685.371000,111.547000,2.979104,ok
2,False,69,8,0x0619d4d1900c2365,2573.707000,2685.256000,111.549000,2.979232,ok
2,False,70,8,0x0619d4d1900c2365,2579.259000,2688.948000,109.689000,2.975141,ok
2,False,71,8,0x0619d4d1900c2365,2577.976000,2687.772000,109.796000,2.976443,ok
2,False,72,8,0x0619d4d1900c2365,2574.732000,2686.775000,112.043000,2.977547,ok
2,False,73,8,0x0619d4d1900c2365,2574.829000,2686.875000,112.046000,2.977437,ok
2,False,74,8,0x0619d4d1900c2365,2573.496000,2679.027000,105.531000,2.986159,ok
2,False,75,8,0x0619d4d1900c2365,2573.494000,2678.897000,105.403000,2.986304,ok
2,False,76,8,0x0619d4d1900c2365,2565.264000,2667.863000,102.599000,2.998655,ok
2,False,77,8,0x0619d4d1900c2365,2565.262000,2667.860000,102.598000,2.998658,ok
2,False,78,8,0x0619d4d1900c2365,2550.999000,2656.776000,105.777000,3.011168,ok
2,False,79,8,0x0619d4d1900c2365,2550.769000,2656.657000,105.888000,3.011303,ok
2,False,80,8,0x0619d4d1900c2365,2543.383000,2656.923000,113.540000,3.011002,ok
2,False,81,8,0x0619d4d1900c2365,2543.381000,2657.030000,113.649000,3.010881,ok
2,False,82,8,0x0619d4d1900c2365,2540.624000,2647.438000,106.814000,3.021789,ok
2,False,83,8,0x0619d4d1900c2365,2540.623000,2647.435000,106.812000,3.021793,ok
2,False,84,8,0x0619d4d1900c2365,2533.826000,2636.851000,103.025000,3.033922,ok
2,False,85,8,0x0619d4d1900c2365,2533.825000,2636.738000,102.913000,3.034052,ok
2,False,86,8,0x0619d4d1900c2365,2522.620000,2629.311000,106.691000,3.042622,ok
2,False,87,8,0x0619d4d1900c2365,2522.617000,2629.208000,106.591000,3.042741,ok
2,False,88,8,0x0619d4d1900c2365,2518.706000,2621.495000,102.789000,3.051694,ok
2,False,89,8,0x0619d4d1900c2365,2518.628000,2621.493000,102.865000,3.051696,ok
2,False,90,8,0x0619d4d1900c2365,2507.970000,2614.754000,106.784000,3.059561,ok
2,False,91,8,0x0619d4d1900c2365,2507.969000,2614.893000,106.924000,3.059399,ok
2,False,92,8,0x0619d4d1900c2365,2501.118000,2605.108000,103.990000,3.070890,ok
2,False,93,8,0x0619d4d1900c2365,2501.118000,2605.218000,104.100000,3.070760,ok
2,False,94,8,0x0619d4d1900c2365,2494.902000,2597.086000,102.184000,3.080375,ok
2,False,95,8,0x0619d4d1900c2365,2494.904000,2597.085000,102.181000,3.080377,ok
2,False,96,8,0x0619d4d1900c2365,2488.942000,2591.834000,102.892000,3.086617,ok
2,False,97,8,0x0619d4d1900c2365,2488.941000,2591.831000,102.890000,3.086621,ok
2,False,98,8,0x0619d4d1900c2365,2485.698000,2594.447000,108.749000,3.083509,ok
2,False,99,8,0x0619d4d1900c2365,2485.696000,2594.556000,108.860000,3.083379,ok
2,False,100,8,0x0619d4d1900c2365,2481.387000,2585.137000,103.750000,3.094614,ok
2,False,101,8,0x0619d4d1900c2365,2481.386000,2585.302000,103.916000,3.094416,ok
2,False,102,8,0x0619d4d1900c2365,2473.751000,2575.092000,101.341000,3.106685,ok
2,False,103,8,0x0619d4d1900c2365,2473.750000,2575.198000,101.448000,3.106557,ok
2,False,104,8,0x0619d4d1900c2365,2463.157000,2567.306000,104.149000,3.116107,ok
2,False,105,8,0x0619d4d1900c2365,2463.157000,2567.305000,104.148000,3.116108,ok
2,False,106,8,0x0619d4d1900c2365,2460.226000,2562.386000,102.160000,3.122090,ok
2,False,107,8,0x0619d4d1900c2365,2460.310000,2562.385000,102.075000,3.122091,ok
2,False,108,8,0x0619d4d1900c2365,2461.883000,2571.375000,109.492000,3.111176,ok
2,False,109,8,0x0619d4d1900c2365,2460.937000,2571.371000,110.434000,3.111181,ok
2,False,110,8,0x0619d4d1900c2365,2460.925000,2569.235000,108.310000,3.113767,ok
2,False,111,8,0x0619d4d1900c2365,2460.923000,2569.124000,108.201000,3.113902,ok
2,False,112,8,0x0619d4d1900c2365,2453.979000,2555.662000,101.683000,3.130304,ok
2,False,113,8,0x0619d4d1900c2365,2453.977000,2555.661000,101.684000,3.130306,ok
2,False,114,8,0x0619d4d1900c2365,2537.591000,2691.512000,153.921000,2.972307,ok
2,False,115,8,0x0619d4d1900c2365,2518.715000,2693.989000,175.274000,2.969574,ok
2,False,116,8,0x0619d4d1900c2365,2584.199000,2709.120000,124.921000,2.952988,ok
2,False,117,8,0x0619d4d1900c2365,2586.929000,2709.462000,122.533000,2.952616,ok
2,False,118,8,0x0619d4d1900c2365,2601.399000,2710.236000,108.837000,2.951772,ok
2,False,119,8,0x0619d4d1900c2365,2601.617000,2710.133000,108.516000,2.951885,ok
2,False,120,8,0x0619d4d1900c2365,2606.321000,2710.814000,104.493000,2.951143,ok
2,False,121,8,0x0619d4d1900c2365,2606.319000,2710.726000,104.407000,2.951239,ok
2,False,122,8,0x0619d4d1900c2365,2603.671000,2705.155000,101.484000,2.957317,ok
2,False,123,8,0x0619d4d1900c2365,2603.671000,2705.154000,101.483000,2.957318,ok
2,False,124,8,0x0619d4d1900c2365,2602.115000,2709.272000,107.157000,2.952823,ok
2,False,125,8,0x0619d4d1900c2365,2600.833000,2708.098000,107.265000,2.954103,ok
2,False,126,8,0x0619d4d1900c2365,2607.419000,2711.653000,104.234000,2.950230,ok
2,False,127,8,0x0619d4d1900c2365,2607.418000,2711.769000,104.351000,2.950104,ok
2,False,128,8,0x0619d4d1900c2365,2608.501000,2710.445000,101.944000,2.951545,ok
2,False,129,8,0x0619d4d1900c2365,2608.500000,2710.443000,101.943000,2.951547,ok
2,False,130,8,0x0619d4d1900c2365,2601.238000,2712.414000,111.176000,2.949402,ok
2,False,131,8,0x0619d4d1900c2365,2599.867000,2710.492000,110.625000,2.951494,ok
2,False,132,8,0x0619d4d1900c2365,2606.018000,2731.649000,125.631000,2.928634,ok
2,False,133,8,0x0619d4d1900c2365,2609.362000,2733.444000,124.082000,2.926711,ok
2,False,134,8,0x0619d4d1900c2365,2630.146000,2745.511000,115.365000,2.913847,ok
2,False,135,8,0x0619d4d1900c2365,2630.828000,2744.228000,113.400000,2.915210,ok
2,False,136,8,0x0619d4d1900c2365,2640.434000,2745.790000,105.356000,2.913551,ok
2,False,137,8,0x0619d4d1900c2365,2640.433000,2745.897000,105.464000,2.913438,ok
2,False,138,8,0x0619d4d1900c2365,2643.640000,2747.186000,103.546000,2.912071,ok
2,False,139,8,0x0619d4d1900c2365,2643.639000,2747.079000,103.440000,2.912184,ok
2,False,140,8,0x0619d4d1900c2365,2634.387000,2737.118000,102.731000,2.922782,ok
2,False,141,8,0x0619d4d1900c2365,2634.386000,2737.117000,102.731000,2.922783,ok
2,False,142,8,0x0619d4d1900c2365,2630.243000,2740.832000,110.589000,2.918822,ok
2,False,143,8,0x0619d4d1900c2365,2630.362000,2740.947000,110.585000,2.918699,ok
2,False,144,8,0x0619d4d1900c2365,2639.536000,2748.139000,108.603000,2.911061,ok
2,False,145,8,0x0619d4d1900c2365,2639.533000,2748.024000,108.491000,2.911183,ok
2,False,146,8,0x0619d4d1900c2365,2506.237000,2610.427000,104.190000,3.064633,ok
2,False,147,8,0x0619d4d1900c2365,2503.690000,2607.771000,104.081000,3.067754,ok
2,False,148,8,0x0619d4d1900c2365,2488.342000,2590.807000,102.465000,3.087841,ok
2,False,149,8,0x0619d4d1900c2365,2488.339000,2590.805000,102.466000,3.087843,ok
2,False,150,8,0x0619d4d1900c2365,2483.934000,2589.804000,105.870000,3.089037,ok
2,False,151,8,0x0619d4d1900c2365,2483.931000,2589.687000,105.756000,3.089176,ok
2,False,152,8,0x0619d4d1900c2365,2485.233000,2590.285000,105.052000,3.088463,ok
2,False,153,8,0x0619d4d1900c2365,2485.232000,2590.284000,105.052000,3.088464,ok
2,False,154,8,0x0619d4d1900c2365,2489.591000,2595.197000,105.606000,3.082618,ok
2,False,155,8,0x0619d4d1900c2365,2489.591000,2595.298000,105.707000,3.082498,ok
2,False,156,8,0x0619d4d1900c2365,2487.468000,2590.971000,103.503000,3.087646,ok
2,False,157,8,0x0619d4d1900c2365,2486.184000,2589.574000,103.390000,3.089311,ok
2,False,158,8,0x0619d4d1900c2365,2486.633000,2603.082000,116.449000,3.073280,ok
2,False,159,8,0x0619d4d1900c2365,2486.697000,2603.295000,116.598000,3.073029,ok
2,False,160,8,0x0619d4d1900c2365,2499.726000,2611.471000,111.745000,3.063408,ok
2,False,161,8,0x0619d4d1900c2365,2499.936000,2611.373000,111.437000,3.063523,ok
2,False,162,8,0x0619d4d1900c2365,2500.105000,2606.844000,106.739000,3.068845,ok
2,False,163,8,0x0619d4d1900c2365,2500.103000,2606.732000,106.629000,3.068977,ok
2,False,164,8,0x0619d4d1900c2365,2483.792000,2591.076000,107.284000,3.087520,ok
2,False,165,8,0x0619d4d1900c2365,2482.554000,2589.725000,107.171000,3.089131,ok
2,False,166,8,0x0619d4d1900c2365,2477.039000,2583.114000,106.075000,3.097037,ok
2,False,167,8,0x0619d4d1900c2365,2477.037000,2583.109000,106.072000,3.097043,ok
2,False,168,8,0x0619d4d1900c2365,2477.711000,2581.196000,103.485000,3.099338,ok
2,False,169,8,0x0619d4d1900c2365,2477.710000,2581.078000,103.368000,3.099480,ok
2,False,170,8,0x0619d4d1900c2365,2477.106000,2582.844000,105.738000,3.097361,ok
2,False,171,8,0x0619d4d1900c2365,2477.105000,2582.721000,105.616000,3.097508,ok
2,False,172,8,0x0619d4d1900c2365,2479.643000,2585.141000,105.498000,3.094609,ok
2,False,173,8,0x0619d4d1900c2365,2479.642000,2585.139000,105.497000,3.094611,ok
2,False,174,8,0x0619d4d1900c2365,2475.025000,2580.656000,105.631000,3.099987,ok
2,False,175,8,0x0619d4d1900c2365,2473.753000,2579.495000,105.742000,3.101382,ok
2,False,176,8,0x0619d4d1900c2365,2471.791000,2578.341000,106.550000,3.102770,ok
2,False,177,8,0x0619d4d1900c2365,2471.791000,2578.456000,106.665000,3.102632,ok
2,False,178,8,0x0619d4d1900c2365,2474.104000,2582.782000,108.678000,3.097435,ok
2,False,179,8,0x0619d4d1900c2365,2474.102000,2582.899000,108.797000,3.097295,ok
2,False,180,8,0x0619d4d1900c2365,2478.730000,2588.190000,109.460000,3.090963,ok
2,False,181,8,0x0619d4d1900c2365,2478.823000,2588.188000,109.365000,3.090966,ok
2,False,182,8,0x0619d4d1900c2365,2482.615000,2589.008000,106.393000,3.089987,ok
2,False,183,8,0x0619d4d1900c2365,2482.610000,2589.044000,106.434000,3.089944,ok
2,False,184,8,0x0619d4d1900c2365,2485.435000,2594.234000,108.799000,3.083762,ok
2,False,185,8,0x0619d4d1900c2365,2485.434000,2594.234000,108.800000,3.083762,ok
2,False,186,8,0x0619d4d1900c2365,2488.416000,2591.064000,102.648000,3.087535,ok
2,False,187,8,0x0619d4d1900c2365,2488.415000,2591.059000,102.644000,3.087541,ok
2,False,188,8,0x0619d4d1900c2365,2487.415000,2593.747000,106.332000,3.084341,ok
2,False,189,8,0x0619d4d1900c2365,2487.325000,2593.744000,106.419000,3.084344,ok
2,False,190,8,0x0619d4d1900c2365,2477.064000,2581.808000,104.744000,3.098604,ok
2,False,191,8,0x0619d4d1900c2365,2477.174000,2581.805000,104.631000,3.098607,ok
2,False,192,8,0x0619d4d1900c2365,2472.646000,2586.061000,113.415000,3.093508,ok
2,False,193,8,0x0619d4d1900c2365,2472.689000,2586.167000,113.478000,3.093381,ok
2,False,194,8,0x0619d4d1900c2365,2479.472000,2583.313000,103.841000,3.096799,ok
2,False,195,8,0x0619d4d1900c2365,2479.471000,2583.205000,103.734000,3.096928,ok
2,False,196,8,0x0619d4d1900c2365,2474.835000,2577.377000,102.542000,3.103931,ok
2,False,197,8,0x0619d4d1900c2365,2474.833000,2577.376000,102.543000,3.103932,ok
2,False,198,8,0x0619d4d1900c2365,2472.134000,2578.609000,106.475000,3.102448,ok
2,False,199,8,0x0619d4d1900c2365,2472.370000,2578.609000,106.239000,3.102448,ok
3,False,0,8,0x0619d4d1900c2365,52.669000,139.865000,87.196000,57.198012,ok
3,False,1,8,0x0619d4d1900c2365,52.666000,139.864000,87.198000,57.198421,ok
3,False,2,8,0x0619d4d1900c2365,189.602000,281.611000,92.009000,28.407981,ok
3,False,3,8,0x0619d4d1900c2365,189.513000,281.611000,92.098000,28.407981,ok
3,False,4,8,0x0619d4d1900c2365,332.469000,426.171000,93.702000,18.771808,ok
3,False,5,8,0x0619d4d1900c2365,332.469000,426.171000,93.702000,18.771808,ok
3,False,6,8,0x0619d4d1900c2365,477.415000,575.087000,97.672000,13.910939,ok
3,False,7,8,0x0619d4d1900c2365,477.411000,575.086000,97.675000,13.910963,ok
3,False,8,8,0x0619d4d1900c2365,626.994000,723.196000,96.202000,11.062008,ok
3,False,9,8,0x0619d4d1900c2365,627.074000,723.198000,96.124000,11.061977,ok
3,False,10,8,0x0619d4d1900c2365,780.011000,879.541000,99.530000,9.095653,ok
3,False,11,8,0x0619d4d1900c2365,780.010000,879.573000,99.563000,9.095322,ok
3,False,12,8,0x0619d4d1900c2365,932.720000,1039.335000,106.615000,7.697229,ok
3,False,13,8,0x0619d4d1900c2365,932.130000,1039.253000,107.123000,7.697837,ok
3,False,14,8,0x0619d4d1900c2365,1092.278000,1196.168000,103.890000,6.688024,ok
3,False,15,8,0x0619d4d1900c2365,1092.386000,1196.169000,103.783000,6.688018,ok
3,False,16,8,0x0619d4d1900c2365,1249.206000,1348.270000,99.064000,5.933530,ok
3,False,17,8,0x0619d4d1900c2365,1249.210000,1348.270000,99.060000,5.933530,ok
3,False,18,8,0x0619d4d1900c2365,1401.335000,1503.698000,102.363000,5.320217,ok
3,False,19,8,0x0619d4d1900c2365,1401.335000,1503.583000,102.248000,5.320624,ok
3,False,20,8,0x0619d4d1900c2365,1556.747000,1654.378000,97.631000,4.835654,ok
3,False,21,8,0x0619d4d1900c2365,1556.747000,1654.378000,97.631000,4.835654,ok
3,False,22,8,0x0619d4d1900c2365,1708.139000,1806.897000,98.758000,4.427480,ok
3,False,23,8,0x0619d4d1900c2365,1708.045000,1806.896000,98.851000,4.427482,ok
3,False,24,8,0x0619d4d1900c2365,1862.137000,1972.494000,110.357000,4.055779,ok
3,False,25,8,0x0619d4d1900c2365,1861.585000,1972.492000,110.907000,4.055783,ok
3,False,26,8,0x0619d4d1900c2365,2025.996000,2126.713000,100.717000,3.761674,ok
3,False,27,8,0x0619d4d1900c2365,2025.996000,2126.814000,100.818000,3.761495,ok
3,False,28,8,0x0619d4d1900c2365,2180.219000,2277.956000,97.737000,3.511920,ok
3,False,29,8,0x0619d4d1900c2365,2180.219000,2277.954000,97.735000,3.511923,ok
3,False,30,8,0x0619d4d1900c2365,2331.304000,2428.814000,97.510000,3.293789,ok
3,False,31,8,0x0619d4d1900c2365,2331.297000,2428.814000,97.517000,3.293789,ok
3,False,32,8,0x0619d4d1900c2365,2351.607000,2455.149000,103.542000,3.258458,ok
3,False,33,8,0x0619d4d1900c2365,2351.606000,2455.254000,103.648000,3.258319,ok
3,False,34,8,0x0619d4d1900c2365,2366.252000,2466.969000,100.717000,3.242846,ok
3,False,35,8,0x0619d4d1900c2365,2366.167000,2467.080000,100.913000,3.242700,ok
3,False,36,8,0x0619d4d1900c2365,2375.339000,2479.821000,104.482000,3.226039,ok
3,False,37,8,0x0619d4d1900c2365,2375.405000,2479.909000,104.504000,3.225925,ok
3,False,38,8,0x0619d4d1900c2365,2383.595000,2486.472000,102.877000,3.217410,ok
3,False,39,8,0x0619d4d1900c2365,2383.849000,2486.472000,102.623000,3.217410,ok
3,False,40,8,0x0619d4d1900c2365,2391.215000,2496.743000,105.528000,3.204174,ok
3,False,41,8,0x0619d4d1900c2365,2391.213000,2496.642000,105.429000,3.204304,ok
3,False,42,8,0x0619d4d1900c2365,2394.423000,2498.165000,103.742000,3.202351,ok
3,False,43,8,0x0619d4d1900c2365,2394.423000,2498.254000,103.831000,3.202236,ok
3,False,44,8,0x0619d4d1900c2365,2392.643000,2499.807000,107.164000,3.200247,ok
3,False,45,8,0x0619d4d1900c2365,2392.642000,2499.896000,107.254000,3.200133,ok
3,False,46,8,0x0619d4d1900c2365,2397.104000,2500.072000,102.968000,3.199908,ok
3,False,47,8,0x0619d4d1900c2365,2397.103000,2500.080000,102.977000,3.199898,ok
3,False,48,8,0x0619d4d1900c2365,2403.193000,2507.647000,104.454000,3.190242,ok
3,False,49,8,0x0619d4d1900c2365,2402.902000,2507.647000,104.745000,3.190242,ok
3,False,50,8,0x0619d4d1900c2365,2408.182000,2514.852000,106.670000,3.181102,ok
3,False,51,8,0x0619d4d1900c2365,2408.180000,2514.973000,106.793000,3.180949,ok
3,False,52,8,0x0619d4d1900c2365,2418.546000,2524.093000,105.547000,3.169455,ok
3,False,53,8,0x0619d4d1900c2365,2418.545000,2524.197000,105.652000,3.169325,ok
3,False,54,8,0x0619d4d1900c2365,2427.936000,2530.790000,102.854000,3.161068,ok
3,False,55,8,0x0619d4d1900c2365,2427.936000,2530.789000,102.853000,3.161070,ok
3,False,56,8,0x0619d4d1900c2365,2420.555000,2522.038000,101.483000,3.172038,ok
3,False,57,8,0x0619d4d1900c2365,2420.548000,2522.037000,101.489000,3.172039,ok
3,False,58,8,0x0619d4d1900c2365,2423.534000,2532.871000,109.337000,3.158471,ok
3,False,59,8,0x0619d4d1900c2365,2423.422000,2532.869000,109.447000,3.158474,ok
3,False,60,8,0x0619d4d1900c2365,2438.370000,2552.096000,113.726000,3.134678,ok
3,False,61,8,0x0619d4d1900c2365,2438.367000,2552.095000,113.728000,3.134680,ok
3,False,62,8,0x0619d4d1900c2365,2457.084000,2561.844000,104.760000,3.122751,ok
3,False,63,8,0x0619d4d1900c2365,2457.080000,2561.726000,104.646000,3.122894,ok
3,False,64,8,0x0619d4d1900c2365,2451.714000,2554.923000,103.209000,3.131210,ok
3,False,65,8,0x0619d4d1900c2365,2451.713000,2554.921000,103.208000,3.131212,ok
3,False,66,8,0x0619d4d1900c2365,2455.856000,2558.952000,103.096000,3.126280,ok
3,False,67,8,0x0619d4d1900c2365,2455.855000,2558.951000,103.096000,3.126281,ok
3,False,68,8,0x0619d4d1900c2365,2458.387000,2561.409000,103.022000,3.123281,ok
3,False,69,8,0x0619d4d1900c2365,2458.386000,2561.408000,103.022000,3.123282,ok
3,False,70,8,0x0619d4d1900c2365,2463.097000,2570.614000,107.517000,3.112097,ok
3,False,71,8,0x0619d4d1900c2365,2463.095000,2570.731000,107.636000,3.111955,ok
3,False,72,8,0x0619d4d1900c2365,2468.122000,2589.485000,121.363000,3.089417,ok
3,False,73,8,0x0619d4d1900c2365,2469.545000,2589.612000,120.067000,3.089266,ok
3,False,74,8,0x0619d4d1900c2365,2488.131000,2590.563000,102.432000,3.088132,ok
3,False,75,8,0x0619d4d1900c2365,2488.131000,2590.562000,102.431000,3.088133,ok
3,False,76,8,0x0619d4d1900c2365,2485.344000,2596.439000,111.095000,3.081143,ok
3,False,77,8,0x0619d4d1900c2365,2485.342000,2596.536000,111.194000,3.081028,ok
3,False,78,8,0x0619d4d1900c2365,2495.183000,2607.796000,112.613000,3.067725,ok
3,False,79,8,0x0619d4d1900c2365,2495.181000,2607.900000,112.719000,3.067602,ok
3,False,80,8,0x0619d4d1900c2365,2503.583000,2609.203000,105.620000,3.066070,ok
3,False,81,8,0x0619d4d1900c2365,2503.581000,2609.200000,105.619000,3.066074,ok
3,False,82,8,0x0619d4d1900c2365,2504.155000,2609.907000,105.752000,3.065243,ok
3,False,83,8,0x0619d4d1900c2365,2504.154000,2609.794000,105.640000,3.065376,ok
3,False,84,8,0x0619d4d1900c2365,2505.436000,2608.557000,103.121000,3.066830,ok
3,False,85,8,0x0619d4d1900c2365,2505.435000,2608.556000,103.121000,3.066831,ok
3,False,86,8,0x0619d4d1900c2365,2506.215000,2620.461000,114.246000,3.052898,ok
3,False,87,8,0x0619d4d1900c2365,2506.214000,2620.583000,114.369000,3.052756,ok
3,False,88,8,0x0619d4d1900c2365,2519.217000,2628.757000,109.540000,3.043263,ok
3,False,89,8,0x0619d4d1900c2365,2519.112000,2628.756000,109.644000,3.043265,ok
3,False,90,8,0x0619d4d1900c2365,2518.991000,2626.760000,107.769000,3.045577,ok
3,False,91,8,0x0619d4d1900c2365,2518.990000,2626.871000,107.881000,3.045448,ok
3,False,92,8,0x0619d4d1900c2365,2513.383000,2620.085000,106.702000,3.053336,ok
3,False,93,8,0x0619d4d1900c2365,2513.382000,2620.201000,106.819000,3.053201,ok
3,False,94,8,0x0619d4d1900c2365,2515.454000,2624.312000,108.858000,3.048418,ok
3,False,95,8,0x0619d4d1900c2365,2515.452000,2624.312000,108.860000,3.048418,ok
3,False,96,8,0x0619d4d1900c2365,2520.666000,2628.818000,108.152000,3.043193,ok
3,False,97,8,0x0619d4d1900c2365,2520.665000,2628.815000,108.150000,3.043196,ok
3,False,98,8,0x0619d4d1900c2365,2527.327000,2637.644000,110.317000,3.033010,ok
3,False,99,8,0x0619d4d1900c2365,2527.429000,2637.643000,110.214000,3.033011,ok
3,False,100,8,0x0619d4d1900c2365,2534.786000,2645.249000,110.463000,3.024290,ok
3,False,101,8,0x0619d4d1900c2365,2534.785000,2645.091000,110.306000,3.024471,ok
3,False,102,8,0x0619d4d1900c2365,2539.757000,2654.815000,115.058000,3.013393,ok
3,False,103,8,0x0619d4d1900c2365,2539.755000,2654.926000,115.171000,3.013267,ok
3,False,104,8,0x0619d4d1900c2365,2539.746000,2661.210000,121.464000,3.006151,ok
3,False,105,8,0x0619d4d1900c2365,2538.425000,2661.094000,122.669000,3.006282,ok
3,False,106,8,0x0619d4d1900c2365,2558.650000,2668.285000,109.635000,2.998180,ok
3,False,107,8,0x0619d4d1900c2365,2558.648000,2668.169000,109.521000,2.998311,ok
3,False,108,8,0x0619d4d1900c2365,2556.142000,2665.785000,109.643000,3.000992,ok
3,False,109,8,0x0619d4d1900c2365,2556.140000,2665.783000,109.643000,3.000994,ok
3,False,110,8,0x0619d4d1900c2365,2554.164000,2659.079000,104.915000,3.008560,ok
3,False,111,8,0x0619d4d1900c2365,2554.283000,2659.078000,104.795000,3.008562,ok
3,False,112,8,0x0619d4d1900c2365,2553.413000,2679.642000,126.229000,2.985473,ok
3,False,113,8,0x0619d4d1900c2365,2556.057000,2679.765000,123.708000,2.985336,ok
3,False,114,8,0x0619d4d1900c2365,2573.275000,2679.945000,106.670000,2.985136,ok
3,False,115,8,0x0619d4d1900c2365,2573.273000,2680.064000,106.791000,2.985003,ok
3,False,116,8,0x0619d4d1900c2365,2579.098000,2699.795000,120.697000,2.963188,ok
3,False,117,8,0x0619d4d1900c2365,2578.011000,2699.668000,121.657000,2.963327,ok
3,False,118,8,0x0619d4d1900c2365,2591.861000,2711.467000,119.606000,2.950432,ok
3,False,119,8,0x0619d4d1900c2365,2592.690000,2711.587000,118.897000,2.950302,ok
3,False,120,8,0x0619d4d1900c2365,2603.538000,2712.496000,108.958000,2.949313,ok
3,False,121,8,0x0619d4d1900c2365,2603.537000,2712.598000,109.061000,2.949202,ok
3,False,122,8,0x0619d4d1900c2365,2604.098000,2711.785000,107.687000,2.950086,ok
3,False,123,8,0x0619d4d1900c2365,2603.984000,2711.784000,107.800000,2.950087,ok
3,False,124,8,0x0619d4d1900c2365,2604.774000,2713.708000,108.934000,2.947996,ok
3,False,125,8,0x0619d4d1900c2365,2604.775000,2713.816000,109.041000,2.947879,ok
3,False,126,8,0x0619d4d1900c2365,2605.979000,2709.576000,103.597000,2.952491,ok
3,False,127,8,0x0619d4d1900c2365,2605.979000,2709.576000,103.597000,2.952491,ok
3,False,128,8,0x0619d4d1900c2365,2600.963000,2703.817000,102.854000,2.958780,ok
3,False,129,8,0x0619d4d1900c2365,2600.884000,2703.815000,102.931000,2.958782,ok
3,False,130,8,0x0619d4d1900c2365,2593.101000,2696.537000,103.436000,2.966768,ok
3,False,131,8,0x0619d4d1900c2365,2593.101000,2696.534000,103.433000,2.966771,ok
3,False,132,8,0x0619d4d1900c2365,2586.272000,2697.497000,111.225000,2.965712,ok
3,False,133,8,0x0619d4d1900c2365,2586.271000,2697.590000,111.319000,2.965610,ok
3,False,134,8,0x0619d4d1900c2365,2581.131000,2689.224000,108.093000,2.974836,ok
3,False,135,8,0x0619d4d1900c2365,2581.131000,2689.328000,108.197000,2.974721,ok
3,False,136,8,0x0619d4d1900c2365,2560.658000,2667.443000,106.785000,2.999127,ok
3,False,137,8,0x0619d4d1900c2365,2560.659000,2668.604000,107.945000,2.997822,ok
3,False,138,8,0x0619d4d1900c2365,2557.744000,2674.031000,116.287000,2.991738,ok
3,False,139,8,0x0619d4d1900c2365,2558.842000,2673.910000,115.068000,2.991873,ok
3,False,140,8,0x0619d4d1900c2365,2564.428000,2667.373000,102.945000,2.999206,ok
3,False,141,8,0x0619d4d1900c2365,2564.427000,2667.372000,102.945000,2.999207,ok
3,False,142,8,0x0619d4d1900c2365,2562.069000,2674.014000,111.945000,2.991757,ok
3,False,143,8,0x0619d4d1900c2365,2562.170000,2674.132000,111.962000,2.991625,ok
3,False,144,8,0x0619d4d1900c2365,2548.646000,2656.928000,108.282000,3.010996,ok
3,False,145,8,0x0619d4d1900c2365,2548.646000,2656.820000,108.174000,3.011119,ok
3,False,146,8,0x0619d4d1900c2365,2550.425000,2656.188000,105.763000,3.011835,ok
3,False,147,8,0x0619d4d1900c2365,2550.423000,2656.304000,105.881000,3.011703,ok
3,False,148,8,0x0619d4d1900c2365,2533.420000,2635.675000,102.255000,3.035276,ok
3,False,149,8,0x0619d4d1900c2365,2533.419000,2635.675000,102.256000,3.035276,ok
3,False,150,8,0x0619d4d1900c2365,2508.278000,2611.919000,103.641000,3.062882,ok
3,False,151,8,0x0619d4d1900c2365,2508.276000,2611.917000,103.641000,3.062884,ok
3,False,152,8,0x0619d4d1900c2365,2502.352000,2613.307000,110.955000,3.061255,ok
3,False,153,8,0x0619d4d1900c2365,2502.256000,2613.212000,110.956000,3.061367,ok
3,False,154,8,0x0619d4d1900c2365,2506.127000,2625.214000,119.087000,3.047371,ok
3,False,155,8,0x0619d4d1900c2365,2507.842000,2625.323000,117.481000,3.047244,ok
3,False,156,8,0x0619d4d1900c2365,2514.851000,2621.906000,107.055000,3.051215,ok
3,False,157,8,0x0619d4d1900c2365,2514.873000,2622.333000,107.460000,3.050719,ok
3,False,158,8,0x0619d4d1900c2365,2517.608000,2630.161000,112.553000,3.041639,ok
3,False,159,8,0x0619d4d1900c2365,2518.106000,2630.266000,112.160000,3.041517,ok
3,False,160,8,0x0619d4d1900c2365,2528.036000,2630.265000,102.229000,3.041519,ok
3,False,161,8,0x0619d4d1900c2365,2528.035000,2630.264000,102.229000,3.041520,ok
3,False,162,8,0x0619d4d1900c2365,2525.922000,2639.306000,113.384000,3.031100,ok
3,False,163,8,0x0619d4d1900c2365,2525.838000,2639.425000,113.587000,3.030963,ok
3,False,164,8,0x0619d4d1900c2365,2528.343000,2630.736000,102.393000,3.040974,ok
3,False,165,8,0x0619d4d1900c2365,2528.342000,2630.735000,102.393000,3.040975,ok
3,False,166,8,0x0619d4d1900c2365,2521.910000,2627.065000,105.155000,3.045223,ok
3,False,167,8,0x0619d4d1900c2365,2521.907000,2627.163000,105.256000,3.045110,ok
3,False,168,8,0x0619d4d1900c2365,2520.648000,2625.562000,104.914000,3.046967,ok
3,False,169,8,0x0619d4d1900c2365,2519.373000,2624.408000,105.035000,3.048307,ok
3,False,170,8,0x0619d4d1900c2365,2509.792000,2612.181000,102.389000,3.062575,ok
3,False,171,8,0x0619d4d1900c2365,2509.790000,2612.180000,102.390000,3.062576,ok
3,False,172,8,0x0619d4d1900c2365,2510.352000,2620.083000,109.731000,3.053338,ok
3,False,173,8,0x0619d4d1900c2365,2510.240000,2619.966000,109.726000,3.053475,ok
3,False,174,8,0x0619d4d1900c2365,2506.463000,2616.083000,109.620000,3.058007,ok
3,False,175,8,0x0619d4d1900c2365,2506.181000,2616.191000,110.010000,3.057881,ok
3,False,176,8,0x0619d4d1900c2365,2506.057000,2611.275000,105.218000,3.063637,ok
3,False,177,8,0x0619d4d1900c2365,2506.053000,2611.388000,105.335000,3.063505,ok
3,False,178,8,0x0619d4d1900c2365,2504.964000,2610.399000,105.435000,3.064666,ok
3,False,179,8,0x0619d4d1900c2365,2503.712000,2609.281000,105.569000,3.065979,ok
3,False,180,8,0x0619d4d1900c2365,2507.606000,2609.430000,101.824000,3.065804,ok
3,False,181,8,0x0619d4d1900c2365,2507.605000,2609.428000,101.823000,3.065806,ok
3,False,182,8,0x0619d4d1900c2365,2505.373000,2609.851000,104.478000,3.065309,ok
3,False,183,8,0x0619d4d1900c2365,2505.372000,2609.849000,104.477000,3.065311,ok
3,False,184,8,0x0619d4d1900c2365,2497.810000,2602.459000,104.649000,3.074016,ok
3,False,185,8,0x0619d4d1900c2365,2497.809000,2602.458000,104.649000,3.074017,ok
3,False,186,8,0x0619d4d1900c2365,2482.188000,2585.249000,103.061000,3.094479,ok
3,False,187,8,0x0619d4d1900c2365,2482.187000,2585.364000,103.177000,3.094342,ok
3,False,188,8,0x0619d4d1900c2365,2478.593000,2581.433000,102.840000,3.099054,ok
3,False,189,8,0x0619d4d1900c2365,2477.303000,2579.682000,102.379000,3.101157,ok
3,False,190,8,0x0619d4d1900c2365,2466.963000,2584.168000,117.205000,3.095774,ok
3,False,191,8,0x0619d4d1900c2365,2468.680000,2584.272000,115.592000,3.095649,ok
3,False,192,8,0x0619d4d1900c2365,2479.136000,2584.011000,104.875000,3.095962,ok
3,False,193,8,0x0619d4d1900c2365,2479.137000,2584.009000,104.872000,3.095964,ok
3,False,194,8,0x0619d4d1900c2365,2469.943000,2575.846000,105.903000,3.105776,ok
3,False,195,8,0x0619d4d1900c2365,2469.942000,2575.944000,106.002000,3.105658,ok
3,False,196,8,0x0619d4d1900c2365,2472.289000,2576.927000,104.638000,3.104473,ok
3,False,197,8,0x0619d4d1900c2365,2472.287000,2576.808000,104.521000,3.104616,ok
3,False,198,8,0x0619d4d1900c2365,2470.903000,2572.032000,101.129000,3.110381,ok
3,False,199,8,0x0619d4d1900c2365,2469.622000,2570.751000,101.129000,3.111931,ok
4,False,0,8,0x0619d4d1900c2365,52.571000,135.156000,82.585000,59.190861,ok
4,False,1,8,0x0619d4d1900c2365,52.569000,135.155000,82.586000,59.191299,ok
4,False,2,8,0x0619d4d1900c2365,182.375000,276.800000,94.425000,28.901734,ok
4,False,3,8,0x0619d4d1900c2365,182.293000,276.799000,94.506000,28.901839,ok
4,False,4,8,0x0619d4d1900c2365,324.785000,413.651000,88.866000,19.339975,ok
4,False,5,8,0x0619d4d1900c2365,324.785000,413.649000,88.864000,19.340069,ok
4,False,6,8,0x0619d4d1900c2365,462.595000,551.816000,89.221000,14.497586,ok
4,False,7,8,0x0619d4d1900c2365,462.595000,551.816000,89.221000,14.497586,ok
4,False,8,8,0x0619d4d1900c2365,600.554000,691.001000,90.447000,11.577407,ok
4,False,9,8,0x0619d4d1900c2365,600.553000,691.001000,90.448000,11.577407,ok
4,False,10,8,0x0619d4d1900c2365,740.742000,834.238000,93.496000,9.589590,ok
4,False,11,8,0x0619d4d1900c2365,740.740000,834.304000,93.564000,9.588831,ok
4,False,12,8,0x0619d4d1900c2365,883.967000,975.814000,91.847000,8.198284,ok
4,False,13,8,0x0619d4d1900c2365,883.966000,975.918000,91.952000,8.197410,ok
4,False,14,8,0x0619d4d1900c2365,1025.154000,1116.646000,91.492000,7.164312,ok
4,False,15,8,0x0619d4d1900c2365,1025.154000,1116.645000,91.491000,7.164318,ok
4,False,16,8,0x0619d4d1900c2365,1166.978000,1259.199000,92.221000,6.353245,ok
4,False,17,8,0x0619d4d1900c2365,1166.978000,1259.199000,92.221000,6.353245,ok
4,False,18,8,0x0619d4d1900c2365,1309.748000,1406.400000,96.652000,5.688282,ok
4,False,19,8,0x0619d4d1900c2365,1309.748000,1406.298000,96.550000,5.688695,ok
4,False,20,8,0x0619d4d1900c2365,1455.661000,1550.358000,94.697000,5.160099,ok
4,False,21,8,0x0619d4d1900c2365,1455.939000,1550.358000,94.419000,5.160099,ok
4,False,22,8,0x0619d4d1900c2365,1600.639000,1696.966000,96.327000,4.714296,ok
4,False,23,8,0x0619d4d1900c2365,1600.717000,1696.976000,96.259000,4.714268,ok
4,False,24,8,0x0619d4d1900c2365,1747.610000,1841.023000,93.413000,4.345410,ok
4,False,25,8,0x0619d4d1900c2365,1747.610000,1841.023000,93.413000,4.345410,ok
4,False,26,8,0x0619d4d1900c2365,1891.715000,1986.726000,95.011000,4.026725,ok
4,False,27,8,0x0619d4d1900c2365,1891.715000,1986.619000,94.904000,4.026942,ok
4,False,28,8,0x0619d4d1900c2365,2036.865000,2130.953000,94.088000,3.754189,ok
4,False,29,8,0x0619d4d1900c2365,2036.684000,2131.033000,94.349000,3.754048,ok
4,False,30,8,0x0619d4d1900c2365,2181.078000,2275.189000,94.111000,3.516191,ok
4,False,31,8,0x0619d4d1900c2365,2181.073000,2275.188000,94.115000,3.516193,ok
4,False,32,8,0x0619d4d1900c2365,2190.128000,2285.727000,95.599000,3.499981,ok
4,False,33,8,0x0619d4d1900c2365,2190.126000,2285.694000,95.568000,3.500031,ok
4,False,34,8,0x0619d4d1900c2365,2195.553000,2292.322000,96.769000,3.489911,ok
4,False,35,8,0x0619d4d1900c2365,2195.548000,2292.407000,96.859000,3.489782,ok
4,False,36,8,0x0619d4d1900c2365,2205.674000,2298.398000,92.724000,3.480685,ok
4,False,37,8,0x0619d4d1900c2365,2205.670000,2298.396000,92.726000,3.480688,ok
4,False,38,8,0x0619d4d1900c2365,2211.008000,2305.472000,94.464000,3.470005,ok
4,False,39,8,0x0619d4d1900c2365,2211.006000,2305.567000,94.561000,3.469862,ok
4,False,40,8,0x0619d4d1900c2365,2216.954000,2309.270000,92.316000,3.464298,ok
4,False,41,8,0x0619d4d1900c2365,2216.952000,2309.268000,92.316000,3.464301,ok
4,False,42,8,0x0619d4d1900c2365,2217.082000,2309.726000,92.644000,3.463614,ok
4,False,43,8,0x0619d4d1900c2365,2217.083000,2309.725000,92.642000,3.463616,ok
4,False,44,8,0x0619d4d1900c2365,2218.538000,2311.558000,93.020000,3.460869,ok
4,False,45,8,0x0619d4d1900c2365,2218.537000,2311.556000,93.019000,3.460872,ok
4,False,46,8,0x0619d4d1900c2365,2222.327000,2315.639000,93.312000,3.454770,ok
4,False,47,8,0x0619d4d1900c2365,2222.325000,2315.714000,93.389000,3.454658,ok
4,False,48,8,0x0619d4d1900c2365,2223.753000,2320.367000,96.614000,3.447730,ok
4,False,49,8,0x0619d4d1900c2365,2223.749000,2320.365000,96.616000,3.447733,ok
4,False,50,8,0x0619d4d1900c2365,2224.746000,2318.375000,93.629000,3.450693,ok
4,False,51,8,0x0619d4d1900c2365,2224.745000,2318.374000,93.629000,3.450694,ok
4,False,52,8,0x0619d4d1900c2365,2224.678000,2318.198000,93.520000,3.450956,ok
4,False,53,8,0x0619d4d1900c2365,2224.677000,2318.196000,93.519000,3.450959,ok
4,False,54,8,0x0619d4d1900c2365,2222.791000,2315.862000,93.071000,3.454437,ok
4,False,55,8,0x0619d4d1900c2365,2222.790000,2315.860000,93.070000,3.454440,ok
4,False,56,8,0x0619d4d1900c2365,2222.756000,2315.840000,93.084000,3.454470,ok
4,False,57,8,0x0619d4d1900c2365,2222.754000,2315.839000,93.085000,3.454472,ok
4,False,58,8,0x0619d4d1900c2365,2220.993000,2316.958000,95.965000,3.452803,ok
4,False,59,8,0x0619d4d1900c2365,2220.991000,2316.863000,95.872000,3.452945,ok
4,False,60,8,0x0619d4d1900c2365,2224.176000,2317.544000,93.368000,3.451930,ok
4,False,61,8,0x0619d4d1900c2365,2224.174000,2317.543000,93.369000,3.451932,ok
4,False,62,8,0x0619d4d1900c2365,2224.436000,2318.564000,94.128000,3.450412,ok
4,False,63,8,0x0619d4d1900c2365,2224.436000,2318.562000,94.126000,3.450415,ok
4,False,64,8,0x0619d4d1900c2365,2223.571000,2318.000000,94.429000,3.451251,ok
4,False,65,8,0x0619d4d1900c2365,2223.571000,2318.000000,94.429000,3.451251,ok
4,False,66,8,0x0619d4d1900c2365,2220.392000,2320.195000,99.803000,3.447986,ok
4,False,67,8,0x0619d4d1900c2365,2220.394000,2320.120000,99.726000,3.448098,ok
4,False,68,8,0x0619d4d1900c2365,2228.357000,2321.385000,93.028000,3.446219,ok
4,False,69,8,0x0619d4d1900c2365,2228.360000,2321.384000,93.024000,3.446220,ok
4,False,70,8,0x0619d4d1900c2365,2228.169000,2321.377000,93.208000,3.446230,ok
4,False,71,8,0x0619d4d1900c2365,2228.169000,2321.376000,93.207000,3.446232,ok
4,False,72,8,0x0619d4d1900c2365,2228.215000,2323.356000,95.141000,3.443295,ok
4,False,73,8,0x0619d4d1900c2365,2228.214000,2323.353000,95.139000,3.443299,ok
4,False,74,8,0x0619d4d1900c2365,2231.500000,2324.768000,93.268000,3.441204,ok
4,False,75,8,0x0619d4d1900c2365,2231.498000,2324.767000,93.269000,3.441205,ok
4,False,76,8,0x0619d4d1900c2365,2230.973000,2324.638000,93.665000,3.441396,ok
4,False,77,8,0x0619d4d1900c2365,2230.973000,2324.637000,93.664000,3.441398,ok
4,False,78,8,0x0619d4d1900c2365,2232.416000,2332.666000,100.250000,3.429552,ok
4,False,79,8,0x0619d4d1900c2365,2232.815000,2332.742000,99.927000,3.429441,ok
4,False,80,8,0x0619d4d1900c2365,2235.954000,2330.520000,94.566000,3.432710,ok
4,False,81,8,0x0619d4d1900c2365,2235.953000,2330.581000,94.628000,3.432620,ok
4,False,82,8,0x0619d4d1900c2365,2236.831000,2330.801000,93.970000,3.432296,ok
4,False,83,8,0x0619d4d1900c2365,2236.831000,2330.800000,93.969000,3.432298,ok
4,False,84,8,0x0619d4d1900c2365,2238.826000,2332.643000,93.817000,3.429586,ok
4,False,85,8,0x0619d4d1900c2365,2238.726000,2332.642000,93.916000,3.429588,ok
4,False,86,8,0x0619d4d1900c2365,2238.986000,2332.719000,93.733000,3.429474,ok
4,False,87,8,0x0619d4d1900c2365,2238.986000,2332.718000,93.732000,3.429476,ok
4,False,88,8,0x0619d4d1900c2365,2240.367000,2334.170000,93.803000,3.427342,ok
4,False,89,8,0x0619d4d1900c2365,2240.365000,2334.170000,93.805000,3.427342,ok
4,False,90,8,0x0619d4d1900c2365,2237.381000,2331.144000,93.763000,3.431791,ok
4,False,91,8,0x0619d4d1900c2365,2237.380000,2331.143000,93.763000,3.431793,ok
4,False,92,8,0x0619d4d1900c2365,2238.934000,2335.171000,96.237000,3.425873,ok
4,False,93,8,0x0619d4d1900c2365,2238.932000,2335.171000,96.239000,3.425873,ok
4,False,94,8,0x0619d4d1900c2365,2239.271000,2333.205000,93.934000,3.428760,ok
4,False,95,8,0x0619d4d1900c2365,2239.269000,2333.203000,93.934000,3.428763,ok
4,False,96,8,0x0619d4d1900c2365,2239.418000,2333.321000,93.903000,3.428590,ok
4,False,97,8,0x0619d4d1900c2365,2239.417000,2333.320000,93.903000,3.428591,ok
4,False,98,8,0x0619d4d1900c2365,2233.369000,2328.659000,95.290000,3.435454,ok
4,False,99,8,0x0619d4d1900c2365,2233.475000,2328.657000,95.182000,3.435457,ok
4,False,100,8,0x0619d4d1900c2365,2235.973000,2330.875000,94.902000,3.432187,ok
4,False,101,8,0x0619d4d1900c2365,2235.973000,2330.799000,94.826000,3.432299,ok
4,False,102,8,0x0619d4d1900c2365,2237.048000,2330.676000,93.628000,3.432481,ok
4,False,103,8,0x0619d4d1900c2365,2237.047000,2330.675000,93.628000,3.432482,ok
4,False,104,8,0x0619d4d1900c2365,2235.540000,2329.577000,94.037000,3.434100,ok
4,False,105,8,0x0619d4d1900c2365,2235.661000,2329.575000,93.914000,3.434103,ok
4,False,106,8,0x0619d4d1900c2365,2237.318000,2342.014000,104.696000,3.415863,ok
4,False,107,8,0x0619d4d1900c2365,2237.314000,2342.081000,104.767000,3.415766,ok
4,False,108,8,0x0619d4d1900c2365,2248.221000,2344.008000,95.787000,3.412958,ok
4,False,109,8,0x0619d4d1900c2365,2248.218000,2344.100000,95.882000,3.412824,ok
4,False,110,8,0x0619d4d1900c2365,2242.751000,2336.377000,93.626000,3.424105,ok
4,False,111,8,0x0619d4d1900c2365,2242.749000,2336.374000,93.625000,3.424109,ok
4,False,112,8,0x0619d4d1900c2365,2243.073000,2337.228000,94.155000,3.422858,ok
4,False,113,8,0x0619d4d1900c2365,2242.980000,2337.226000,94.246000,3.422861,ok
4,False,114,8,0x0619d4d1900c2365,2242.790000,2337.722000,94.932000,3.422135,ok
4,False,115,8,0x0619d4d1900c2365,2242.788000,2337.720000,94.932000,3.422138,ok
4,False,116,8,0x0619d4d1900c2365,2244.595000,2338.891000,94.296000,3.420424,ok
4,False,117,8,0x0619d4d1900c2365,2244.591000,2338.889000,94.298000,3.420427,ok
4,False,118,8,0x0619d4d1900c2365,2244.487000,2338.440000,93.953000,3.421084,ok
4,False,119,8,0x0619d4d1900c2365,2244.555000,2338.434000,93.879000,3.421093,ok
4,False,120,8,0x0619d4d1900c2365,2244.787000,2339.152000,94.365000,3.420043,ok
4,False,121,8,0x0619d4d1900c2365,2244.785000,2339.150000,94.365000,3.420046,ok
4,False,122,8,0x0619d4d1900c2365,2244.860000,2339.095000,94.235000,3.420126,ok
4,False,123,8,0x0619d4d1900c2365,2244.857000,2339.094000,94.237000,3.420128,ok
4,False,124,8,0x0619d4d1900c2365,2242.566000,2336.487000,93.921000,3.423944,ok
4,False,125,8,0x0619d4d1900c2365,2242.562000,2336.485000,93.923000,3.423947,ok
4,False,126,8,0x0619d4d1900c2365,2243.443000,2343.811000,100.368000,3.413244,ok
4,False,127,8,0x0619d4d1900c2365,2243.526000,2343.915000,100.389000,3.413093,ok
4,False,128,8,0x0619d4d1900c2365,2250.785000,2345.383000,94.598000,3.410957,ok
4,False,129,8,0x0619d4d1900c2365,2250.782000,2345.382000,94.600000,3.410958,ok
4,False,130,8,0x0619d4d1900c2365,2250.429000,2344.860000,94.431000,3.411718,ok
4,False,131,8,0x0619d4d1900c2365,2250.427000,2344.860000,94.433000,3.411718,ok
4,False,132,8,0x0619d4d1900c2365,2249.827000,2344.522000,94.695000,3.412209,ok
4,False,133,8,0x0619d4d1900c2365,2249.901000,2344.405000,94.504000,3.412380,ok
4,False,134,8,0x0619d4d1900c2365,2249.532000,2344.593000,95.061000,3.412106,ok
4,False,135,8,0x0619d4d1900c2365,2249.530000,2344.592000,95.062000,3.412108,ok
4,False,136,8,0x0619d4d1900c2365,2251.302000,2346.725000,95.423000,3.409006,ok
4,False,137,8,0x0619d4d1900c2365,2251.528000,2346.632000,95.104000,3.409141,ok
4,False,138,8,0x0619d4d1900c2365,2241.837000,2335.994000,94.157000,3.424666,ok
4,False,139,8,0x0619d4d1900c2365,2241.835000,2335.991000,94.156000,3.424671,ok
4,False,140,8,0x0619d4d1900c2365,2240.418000,2337.973000,97.555000,3.421767,ok
4,False,141,8,0x0619d4d1900c2365,2240.288000,2337.970000,97.682000,3.421772,ok
4,False,142,8,0x0619d4d1900c2365,2245.919000,2343.049000,97.130000,3.414355,ok
4,False,143,8,0x0619d4d1900c2365,2245.916000,2343.162000,97.246000,3.414190,ok
4,False,144,8,0x0619d4d1900c2365,2248.425000,2342.202000,93.777000,3.415589,ok
4,False,145,8,0x0619d4d1900c2365,2248.424000,2342.200000,93.776000,3.415592,ok
4,False,146,8,0x0619d4d1900c2365,2246.385000,2340.415000,94.030000,3.418197,ok
4,False,147,8,0x0619d4d1900c2365,2246.383000,2340.413000,94.030000,3.418200,ok
4,False,148,8,0x0619d4d1900c2365,2247.062000,2343.127000,96.065000,3.414241,ok
4,False,149,8,0x0619d4d1900c2365,2247.061000,2343.127000,96.066000,3.414241,ok
4,False,150,8,0x0619d4d1900c2365,2250.082000,2347.292000,97.210000,3.408183,ok
4,False,151,8,0x0619d4d1900c2365,2250.080000,2347.214000,97.134000,3.408296,ok
4,False,152,8,0x0619d4d1900c2365,2253.919000,2351.529000,97.610000,3.402042,ok
4,False,153,8,0x0619d4d1900c2365,2253.918000,2351.530000,97.612000,3.402040,ok
4,False,154,8,0x0619d4d1900c2365,2258.543000,2356.524000,97.981000,3.394831,ok
4,False,155,8,0x0619d4d1900c2365,2258.531000,2356.522000,97.991000,3.394834,ok
4,False,156,8,0x0619d4d1900c2365,2264.965000,2366.282000,101.317000,3.380831,ok
4,False,157,8,0x0619d4d1900c2365,2264.964000,2366.281000,101.317000,3.380833,ok
4,False,158,8,0x0619d4d1900c2365,2267.172000,2367.652000,100.480000,3.378875,ok
4,False,159,8,0x0619d4d1900c2365,2267.176000,2367.664000,100.488000,3.378858,ok
4,False,160,8,0x0619d4d1900c2365,2275.558000,2375.977000,100.419000,3.367036,ok
4,False,161,8,0x0619d4d1900c2365,2275.644000,2375.977000,100.333000,3.367036,ok
4,False,162,8,0x0619d4d1900c2365,2284.784000,2384.189000,99.405000,3.355439,ok
4,False,163,8,0x0619d4d1900c2365,2284.783000,2384.188000,99.405000,3.355440,ok
4,False,164,8,0x0619d4d1900c2365,2292.919000,2396.978000,104.059000,3.337536,ok
4,False,165,8,0x0619d4d1900c2365,2293.712000,2396.977000,103.265000,3.337537,ok
4,False,166,8,0x0619d4d1900c2365,2305.004000,2409.058000,104.054000,3.320800,ok
4,False,167,8,0x0619d4d1900c2365,2305.003000,2408.959000,103.956000,3.320937,ok
4,False,168,8,0x0619d4d1900c2365,2315.959000,2415.839000,99.880000,3.311479,ok
4,False,169,8,0x0619d4d1900c2365,2315.958000,2415.838000,99.880000,3.311480,ok
4,False,170,8,0x0619d4d1900c2365,2325.430000,2428.383000,102.953000,3.294373,ok
4,False,171,8,0x0619d4d1900c2365,2325.518000,2428.382000,102.864000,3.294375,ok
4,False,172,8,0x0619d4d1900c2365,2333.863000,2439.427000,105.564000,3.279459,ok
4,False,173,8,0x0619d4d1900c2365,2333.864000,2439.427000,105.563000,3.279459,ok
4,False,174,8,0x0619d4d1900c2365,2344.337000,2451.206000,106.869000,3.263700,ok
4,False,175,8,0x0619d4d1900c2365,2344.333000,2451.204000,106.871000,3.263702,ok
4,False,176,8,0x0619d4d1900c2365,2361.563000,2464.064000,102.501000,3.246669,ok
4,False,177,8,0x0619d4d1900c2365,2361.564000,2464.159000,102.595000,3.246544,ok
4,False,178,8,0x0619d4d1900c2365,2373.392000,2474.331000,100.939000,3.233197,ok
4,False,179,8,0x0619d4d1900c2365,2373.389000,2474.330000,100.941000,3.233198,ok
4,False,180,8,0x0619d4d1900c2365,2380.079000,2480.307000,100.228000,3.225407,ok
4,False,181,8,0x0619d4d1900c2365,2380.078000,2480.305000,100.227000,3.225410,ok
4,False,182,8,0x0619d4d1900c2365,2387.685000,2492.559000,104.874000,3.209553,ok
4,False,183,8,0x0619d4d1900c2365,2387.684000,2492.673000,104.989000,3.209406,ok
4,False,184,8,0x0619d4d1900c2365,2395.702000,2499.617000,103.915000,3.200490,ok
4,False,185,8,0x0619d4d1900c2365,2395.701000,2499.493000,103.792000,3.200649,ok
4,False,186,8,0x0619d4d1900c2365,2402.242000,2506.729000,104.487000,3.191410,ok
4,False,187,8,0x0619d4d1900c2365,2402.240000,2506.829000,104.589000,3.191283,ok
4,False,188,8,0x0619d4d1900c2365,2406.936000,2512.093000,105.157000,3.184595,ok
4,False,189,8,0x0619d4d1900c2365,2406.935000,2512.204000,105.269000,3.184455,ok
4,False,190,8,0x0619d4d1900c2365,2412.559000,2522.061000,109.502000,3.172009,ok
4,False,191,8,0x0619d4d1900c2365,2412.557000,2522.178000,109.621000,3.171862,ok
4,False,192,8,0x0619d4d1900c2365,2421.454000,2527.926000,106.472000,3.164650,ok
4,False,193,8,0x0619d4d1900c2365,2421.451000,2528.034000,106.583000,3.164514,ok
4,False,194,8,0x0619d4d1900c2365,2429.389000,2531.019000,101.630000,3.160782,ok
4,False,195,8,0x0619d4d1900c2365,2429.393000,2531.136000,101.743000,3.160636,ok
4,False,196,8,0x0619d4d1900c2365,2426.107000,2527.403000,101.296000,3.165304,ok
4,False,197,8,0x0619d4d1900c2365,2426.105000,2527.402000,101.297000,3.165306,ok
4,False,198,8,0x0619d4d1900c2365,2423.934000,2526.278000,102.344000,3.166714,ok
4,False,199,8,0x0619d4d1900c2365,2424.030000,2526.276000,102.246000,3.166717,ok
5,False,0,8,0x0619d4d1900c2365,53.501000,147.463000,93.962000,54.250897,ok
5,False,1,8,0x0619d4d1900c2365,53.499000,147.439000,93.940000,54.259728,ok
5,False,2,8,0x0619d4d1900c2365,196.457000,287.990000,91.533000,27.778742,ok
5,False,3,8,0x0619d4d1900c2365,196.234000,287.991000,91.757000,27.778646,ok
5,False,4,8,0x0619d4d1900c2365,337.907000,429.431000,91.524000,18.629302,ok
5,False,5,8,0x0619d4d1900c2365,337.853000,429.431000,91.578000,18.629302,ok
5,False,6,8,0x0619d4d1900c2365,479.507000,574.401000,94.894000,13.927552,ok
5,False,7,8,0x0619d4d1900c2365,479.425000,574.401000,94.976000,13.927552,ok
5,False,8,8,0x0619d4d1900c2365,626.261000,721.440000,95.179000,11.088933,ok
5,False,9,8,0x0619d4d1900c2365,626.267000,721.520000,95.253000,11.087704,ok
5,False,10,8,0x0619d4d1900c2365,772.551000,866.274000,93.723000,9.234953,ok
5,False,11,8,0x0619d4d1900c2365,772.551000,866.274000,93.723000,9.234953,ok
5,False,12,8,0x0619d4d1900c2365,918.072000,1012.783000,94.711000,7.899027,ok
5,False,13,8,0x0619d4d1900c2365,917.963000,1012.783000,94.820000,7.899027,ok
5,False,14,8,0x0619d4d1900c2365,1064.410000,1161.800000,97.390000,6.885867,ok
5,False,15,8,0x0619d4d1900c2365,1064.410000,1161.697000,97.287000,6.886477,ok
5,False,16,8,0x0619d4d1900c2365,1212.591000,1314.204000,101.613000,6.087335,ok
5,False,17,8,0x0619d4d1900c2365,1212.696000,1314.343000,101.647000,6.086691,ok
5,False,18,8,0x0619d4d1900c2365,1365.164000,1466.460000,101.296000,5.455314,ok
5,False,19,8,0x0619d4d1900c2365,1365.269000,1466.280000,101.011000,5.455984,ok
5,False,20,8,0x0619d4d1900c2365,1518.249000,1613.753000,95.504000,4.957388,ok
5,False,21,8,0x0619d4d1900c2365,1518.289000,1613.753000,95.464000,4.957388,ok
5,False,22,8,0x0619d4d1900c2365,1666.018000,1765.135000,99.117000,4.532231,ok
5,False,23,8,0x0619d4d1900c2365,1666.018000,1765.029000,99.011000,4.532503,ok
5,False,24,8,0x0619d4d1900c2365,1817.491000,1916.414000,98.923000,4.174463,ok
5,False,25,8,0x0619d4d1900c2365,1817.491000,1916.414000,98.923000,4.174463,ok
5,False,26,8,0x0619d4d1900c2365,1969.080000,2068.037000,98.957000,3.868403,ok
5,False,27,8,0x0619d4d1900c2365,1969.080000,2067.932000,98.852000,3.868599,ok
5,False,28,8,0x0619d4d1900c2365,2119.753000,2216.002000,96.249000,3.610105,ok
5,False,29,8,0x0619d4d1900c2365,2119.753000,2216.002000,96.249000,3.610105,ok
5,False,30,8,0x0619d4d1900c2365,2268.424000,2368.167000,99.743000,3.378140,ok
5,False,31,8,0x0619d4d1900c2365,2268.424000,2368.084000,99.660000,3.378259,ok
5,False,32,8,0x0619d4d1900c2365,2272.495000,2370.110000,97.615000,3.375371,ok
5,False,33,8,0x0619d4d1900c2365,2272.494000,2370.108000,97.614000,3.375374,ok
5,False,34,8,0x0619d4d1900c2365,2282.233000,2390.018000,107.785000,3.347255,ok
5,False,35,8,0x0619d4d1900c2365,2282.235000,2391.129000,108.894000,3.345700,ok
5,False,36,8,0x0619d4d1900c2365,2300.304000,2422.972000,122.668000,3.301730,ok
5,False,37,8,0x0619d4d1900c2365,2301.534000,2423.384000,121.850000,3.301169,ok
5,False,38,8,0x0619d4d1900c2365,2329.341000,2444.782000,115.441000,3.272275,ok
5,False,39,8,0x0619d4d1900c2365,2329.771000,2444.896000,115.125000,3.272123,ok
5,False,40,8,0x0619d4d1900c2365,2351.356000,2453.448000,102.092000,3.260717,ok
5,False,41,8,0x0619d4d1900c2365,2351.354000,2453.560000,102.206000,3.260568,ok
5,False,42,8,0x0619d4d1900c2365,2361.647000,2461.954000,100.307000,3.249451,ok
5,False,43,8,0x0619d4d1900c2365,2361.645000,2461.957000,100.312000,3.249447,ok
5,False,44,8,0x0619d4d1900c2365,2369.271000,2471.841000,102.570000,3.236454,ok
5,False,45,8,0x0619d4d1900c2365,2369.306000,2471.840000,102.534000,3.236455,ok
5,False,46,8,0x0619d4d1900c2365,2376.190000,2486.214000,110.024000,3.217744,ok
5,False,47,8,0x0619d4d1900c2365,2376.272000,2486.314000,110.042000,3.217615,ok
5,False,48,8,0x0619d4d1900c2365,2388.646000,2491.359000,102.713000,3.211099,ok
5,False,49,8,0x0619d4d1900c2365,2388.645000,2491.247000,102.602000,3.211243,ok
5,False,50,8,0x0619d4d1900c2365,2393.169000,2495.009000,101.840000,3.206401,ok
5,False,51,8,0x0619d4d1900c2365,2393.167000,2494.879000,101.712000,3.206568,ok
5,False,52,8,0x0619d4d1900c2365,2402.288000,2514.430000,112.142000,3.181636,ok
5,False,53,8,0x0619d4d1900c2365,2402.288000,2514.549000,112.261000,3.181485,ok
5,False,54,8,0x0619d4d1900c2365,2416.825000,2518.849000,102.024000,3.176054,ok
5,False,55,8,0x0619d4d1900c2365,2416.783000,2518.846000,102.063000,3.176058,ok
5,False,56,8,0x0619d4d1900c2365,2422.150000,2526.449000,104.299000,3.166500,ok
5,False,57,8,0x0619d4d1900c2365,2422.150000,2526.362000,104.212000,3.166609,ok
5,False,58,8,0x0619d4d1900c2365,2428.960000,2532.673000,103.713000,3.158718,ok
5,False,59,8,0x0619d4d1900c2365,2428.959000,2532.671000,103.712000,3.158721,ok
5,False,60,8,0x0619d4d1900c2365,2440.269000,2541.579000,101.310000,3.147650,ok
5,False,61,8,0x0619d4d1900c2365,2440.266000,2541.578000,101.312000,3.147651,ok
5,False,62,8,0x0619d4d1900c2365,2443.836000,2554.599000,110.763000,3.131607,ok
5,False,63,8,0x0619d4d1900c2365,2443.726000,2554.480000,110.754000,3.131753,ok
5,False,64,8,0x0619d4d1900c2365,2459.004000,2562.286000,103.282000,3.122212,ok
5,False,65,8,0x0619d4d1900c2365,2459.002000,2562.284000,103.282000,3.122214,ok
5,False,66,8,0x0619d4d1900c2365,2456.762000,2562.599000,105.837000,3.121831,ok
5,False,67,8,0x0619d4d1900c2365,2455.483000,2561.433000,105.950000,3.123252,ok
5,False,68,8,0x0619d4d1900c2365,2442.491000,2551.978000,109.487000,3.134823,ok
5,False,69,8,0x0619d4d1900c2365,2442.489000,2552.114000,109.625000,3.134656,ok
5,False,70,8,0x0619d4d1900c2365,2440.287000,2547.049000,106.762000,3.140890,ok
5,False,71,8,0x0619d4d1900c2365,2439.009000,2545.647000,106.638000,3.142620,ok
5,False,72,8,0x0619d4d1900c2365,2444.177000,2546.550000,102.373000,3.141505,ok
5,False,73,8,0x0619d4d1900c2365,2444.296000,2546.548000,102.252000,3.141508,ok
5,False,74,8,0x0619d4d1900c2365,2448.691000,2554.442000,105.751000,3.131799,ok
5,False,75,8,0x0619d4d1900c2365,2448.798000,2554.533000,105.735000,3.131688,ok
5,False,76,8,0x0619d4d1900c2365,2452.274000,2555.583000,103.309000,3.130401,ok
5,False,77,8,0x0619d4d1900c2365,2452.273000,2555.671000,103.398000,3.130293,ok
5,False,78,8,0x0619d4d1900c2365,2446.348000,2557.211000,110.863000,3.128408,ok
5,False,79,8,0x0619d4d1900c2365,2446.349000,2557.949000,111.600000,3.127506,ok
5,False,80,8,0x0619d4d1900c2365,2453.093000,2573.540000,120.447000,3.108559,ok
5,False,81,8,0x0619d4d1900c2365,2454.441000,2573.649000,119.208000,3.108427,ok
5,False,82,8,0x0619d4d1900c2365,2472.418000,2583.161000,110.743000,3.096981,ok
5,False,83,8,0x0619d4d1900c2365,2472.419000,2583.263000,110.844000,3.096859,ok
5,False,84,8,0x0619d4d1900c2365,2469.972000,2577.362000,107.390000,3.103949,ok
5,False,85,8,0x0619d4d1900c2365,2469.971000,2577.485000,107.514000,3.103801,ok
5,False,86,8,0x0619d4d1900c2365,2476.049000,2585.368000,109.319000,3.094337,ok
5,False,87,8,0x0619d4d1900c2365,2476.049000,2585.477000,109.428000,3.094207,ok
5,False,88,8,0x0619d4d1900c2365,2481.344000,2590.476000,109.132000,3.088236,ok
5,False,89,8,0x0619d4d1900c2365,2481.344000,2590.599000,109.255000,3.088089,ok
5,False,90,8,0x0619d4d1900c2365,2485.293000,2586.741000,101.448000,3.092695,ok
5,False,91,8,0x0619d4d1900c2365,2485.291000,2586.738000,101.447000,3.092698,ok
5,False,92,8,0x0619d4d1900c2365,2485.585000,2595.262000,109.677000,3.082540,ok
5,False,93,8,0x0619d4d1900c2365,2485.585000,2595.137000,109.552000,3.082689,ok
5,False,94,8,0x0619d4d1900c2365,2483.798000,2590.257000,106.459000,3.088497,ok
5,False,95,8,0x0619d4d1900c2365,2483.796000,2590.360000,106.564000,3.088374,ok
5,False,96,8,0x0619d4d1900c2365,2487.472000,2589.384000,101.912000,3.089538,ok
5,False,97,8,0x0619d4d1900c2365,2487.470000,2589.273000,101.803000,3.089670,ok
5,False,98,8,0x0619d4d1900c2365,2481.977000,2583.214000,101.237000,3.096917,ok
5,False,99,8,0x0619d4d1900c2365,2481.975000,2583.212000,101.237000,3.096920,ok
5,False,100,8,0x0619d4d1900c2365,2475.223000,2578.868000,103.645000,3.102136,ok
5,False,101,8,0x0619d4d1900c2365,2475.121000,2578.970000,103.849000,3.102014,ok
5,False,102,8,0x0619d4d1900c2365,2472.063000,2576.518000,104.455000,3.104966,ok
5,False,103,8,0x0619d4d1900c2365,2472.169000,2576.517000,104.348000,3.104967,ok
5,False,104,8,0x0619d4d1900c2365,2475.307000,2579.921000,104.614000,3.100870,ok
5,False,105,8,0x0619d4d1900c2365,2475.303000,2579.919000,104.616000,3.100873,ok
5,False,106,8,0x0619d4d1900c2365,2473.403000,2585.203000,111.800000,3.094535,ok
5,False,107,8,0x0619d4d1900c2365,2472.124000,2583.800000,111.676000,3.096215,ok
5,False,108,8,0x0619d4d1900c2365,2480.516000,2585.155000,104.639000,3.094592,ok
5,False,109,8,0x0619d4d1900c2365,2480.420000,2585.154000,104.734000,3.094593,ok
5,False,110,8,0x0619d4d1900c2365,2474.194000,2581.966000,107.772000,3.098414,ok
5,False,111,8,0x0619d4d1900c2365,2472.928000,2580.700000,107.772000,3.099934,ok
5,False,112,8,0x0619d4d1900c2365,2462.896000,2568.617000,105.721000,3.114516,ok
5,False,113,8,0x0619d4d1900c2365,2462.894000,2568.513000,105.619000,3.114643,ok
5,False,114,8,0x0619d4d1900c2365,2457.598000,2558.648000,101.050000,3.126651,ok
5,False,115,8,0x0619d4d1900c2365,2457.597000,2558.785000,101.188000,3.126484,ok
5,False,116,8,0x0619d4d1900c2365,2453.003000,2554.048000,101.045000,3.132283,ok
5,False,117,8,0x0619d4d1900c2365,2451.724000,2552.772000,101.048000,3.133848,ok
5,False,118,8,0x0619d4d1900c2365,2443.159000,2545.804000,102.645000,3.142426,ok
5,False,119,8,0x0619d4d1900c2365,2443.069000,2545.802000,102.733000,3.142428,ok
5,False,120,8,0x0619d4d1900c2365,2436.701000,2539.432000,102.731000,3.150311,ok
5,False,121,8,0x0619d4d1900c2365,2436.686000,2539.429000,102.743000,3.150314,ok
5,False,122,8,0x0619d4d1900c2365,2439.117000,2551.008000,111.891000,3.136015,ok
5,False,123,8,0x0619d4d1900c2365,2439.115000,2551.053000,111.938000,3.135960,ok
5,False,124,8,0x0619d4d1900c2365,2440.659000,2540.748000,100.089000,3.148679,ok
5,False,125,8,0x0619d4d1900c2365,2440.659000,2540.746000,100.087000,3.148682,ok
5,False,126,8,0x0619d4d1900c2365,2435.809000,2540.330000,104.521000,3.149197,ok
5,False,127,8,0x0619d4d1900c2365,2435.810000,2540.223000,104.413000,3.149330,ok
5,False,128,8,0x0619d4d1900c2365,2436.380000,2541.537000,105.157000,3.147702,ok
5,False,129,8,0x0619d4d1900c2365,2436.378000,2541.644000,105.266000,3.147569,ok
5,False,130,8,0x0619d4d1900c2365,2439.646000,2548.759000,109.113000,3.138782,ok
5,False,131,8,0x0619d4d1900c2365,2439.637000,2548.655000,109.018000,3.138911,ok
5,False,132,8,0x0619d4d1900c2365,2443.499000,2567.413000,123.914000,3.115977,ok
5,False,133,8,0x0619d4d1900c2365,2445.498000,2567.618000,122.120000,3.115728,ok
5,False,134,8,0x0619d4d1900c2365,2461.792000,2569.892000,108.100000,3.112971,ok
5,False,135,8,0x0619d4d1900c2365,2462.034000,2569.997000,107.963000,3.112844,ok
5,False,136,8,0x0619d4d1900c2365,2464.506000,2565.992000,101.486000,3.117703,ok
5,False,137,8,0x0619d4d1900c2365,2464.504000,2565.991000,101.487000,3.117704,ok
5,False,138,8,0x0619d4d1900c2365,2454.443000,2559.911000,105.468000,3.125109,ok
5,False,139,8,0x0619d4d1900c2365,2454.442000,2559.822000,105.380000,3.125217,ok
5,False,140,8,0x0619d4d1900c2365,2457.175000,2559.901000,102.726000,3.125121,ok
5,False,141,8,0x0619d4d1900c2365,2457.174000,2559.901000,102.727000,3.125121,ok
5,False,142,8,0x0619d4d1900c2365,2451.212000,2551.625000,100.413000,3.135257,ok
5,False,143,8,0x0619d4d1900c2365,2451.210000,2551.623000,100.413000,3.135259,ok
5,False,144,8,0x0619d4d1900c2365,2445.444000,2546.589000,101.145000,3.141457,ok
5,False,145,8,0x0619d4d1900c2365,2445.447000,2546.700000,101.253000,3.141320,ok
5,False,146,8,0x0619d4d1900c2365,2446.633000,2552.506000,105.873000,3.134175,ok
5,False,147,8,0x0619d4d1900c2365,2446.633000,2552.506000,105.873000,3.134175,ok
5,False,148,8,0x0619d4d1900c2365,2450.130000,2555.845000,105.715000,3.130080,ok
5,False,149,8,0x0619d4d1900c2365,2450.129000,2555.739000,105.610000,3.130210,ok
5,False,150,8,0x0619d4d1900c2365,2452.968000,2554.627000,101.659000,3.131573,ok
5,False,151,8,0x0619d4d1900c2365,2452.966000,2554.539000,101.573000,3.131681,ok
5,False,152,8,0x0619d4d1900c2365,2451.529000,2552.207000,100.678000,3.134542,ok
5,False,153,8,0x0619d4d1900c2365,2451.527000,2552.200000,100.673000,3.134551,ok
5,False,154,8,0x0619d4d1900c2365,2441.179000,2549.539000,108.360000,3.137822,ok
5,False,155,8,0x0619d4d1900c2365,2441.286000,2549.652000,108.366000,3.137683,ok
5,False,156,8,0x0619d4d1900c2365,2448.437000,2555.434000,106.997000,3.130584,ok
5,False,157,8,0x0619d4d1900c2365,2448.436000,2555.535000,107.099000,3.130460,ok
5,False,158,8,0x0619d4d1900c2365,2449.365000,2557.234000,107.869000,3.128380,ok
5,False,159,8,0x0619d4d1900c2365,2449.363000,2557.232000,107.869000,3.128383,ok
5,False,160,8,0x0619d4d1900c2365,2452.048000,2553.550000,101.502000,3.132893,ok
5,False,161,8,0x0619d4d1900c2365,2452.046000,2553.415000,101.369000,3.133059,ok
5,False,162,8,0x0619d4d1900c2365,2444.520000,2545.891000,101.371000,3.142318,ok
5,False,163,8,0x0619d4d1900c2365,2444.519000,2545.890000,101.371000,3.142320,ok
5,False,164,8,0x0619d4d1900c2365,2422.427000,2523.484000,101.057000,3.170220,ok
5,False,165,8,0x0619d4d1900c2365,2421.242000,2522.203000,100.961000,3.171830,ok
5,False,166,8,0x0619d4d1900c2365,2416.277000,2518.732000,102.455000,3.176201,ok
5,False,167,8,0x0619d4d1900c2365,2416.275000,2518.815000,102.540000,3.176097,ok
5,False,168,8,0x0619d4d1900c2365,2418.573000,2519.045000,100.472000,3.175807,ok
5,False,169,8,0x0619d4d1900c2365,2418.574000,2519.039000,100.465000,3.175814,ok
5,False,170,8,0x0619d4d1900c2365,2412.972000,2521.720000,108.748000,3.172438,ok
5,False,171,8,0x0619d4d1900c2365,2412.871000,2521.612000,108.741000,3.172574,ok
5,False,172,8,0x0619d4d1900c2365,2418.083000,2521.319000,103.236000,3.172942,ok
5,False,173,8,0x0619d4d1900c2365,2417.965000,2521.317000,103.352000,3.172945,ok
5,False,174,8,0x0619d4d1900c2365,2420.934000,2525.800000,104.866000,3.167313,ok
5,False,175,8,0x0619d4d1900c2365,2420.893000,2525.915000,105.022000,3.167169,ok
5,False,176,8,0x0619d4d1900c2365,2423.594000,2525.854000,102.260000,3.167246,ok
5,False,177,8,0x0619d4d1900c2365,2423.592000,2525.853000,102.261000,3.167247,ok
5,False,178,8,0x0619d4d1900c2365,2420.134000,2521.514000,101.380000,3.172697,ok
5,False,179,8,0x0619d4d1900c2365,2420.132000,2521.512000,101.380000,3.172700,ok
5,False,180,8,0x0619d4d1900c2365,2415.023000,2516.602000,101.579000,3.178890,ok
5,False,181,8,0x0619d4d1900c2365,2414.917000,2516.600000,101.683000,3.178892,ok
5,False,182,8,0x0619d4d1900c2365,2415.466000,2520.082000,104.616000,3.174500,ok
5,False,183,8,0x0619d4d1900c2365,2415.465000,2520.190000,104.725000,3.174364,ok
5,False,184,8,0x0619d4d1900c2365,2419.234000,2524.201000,104.967000,3.169320,ok
5,False,185,8,0x0619d4d1900c2365,2419.232000,2524.695000,105.463000,3.168700,ok
5,False,186,8,0x0619d4d1900c2365,2415.112000,2535.523000,120.411000,3.155168,ok
5,False,187,8,0x0619d4d1900c2365,2415.521000,2535.613000,120.092000,3.155056,ok
5,False,188,8,0x0619d4d1900c2365,2428.052000,2530.692000,102.640000,3.161191,ok
5,False,189,8,0x0619d4d1900c2365,2428.050000,2530.580000,102.530000,3.161331,ok
5,False,190,8,0x0619d4d1900c2365,2423.138000,2530.645000,107.507000,3.161249,ok
5,False,191,8,0x0619d4d1900c2365,2423.255000,2530.733000,107.478000,3.161139,ok
5,False,192,8,0x0619d4d1900c2365,2429.573000,2535.256000,105.683000,3.155500,ok
5,False,193,8,0x0619d4d1900c2365,2429.572000,2535.155000,105.583000,3.155626,ok
5,False,194,8,0x0619d4d1900c2365,2433.723000,2535.872000,102.149000,3.154733,ok
5,False,195,8,0x0619d4d1900c2365,2433.829000,2535.761000,101.932000,3.154871,ok
5,False,196,8,0x0619d4d1900c2365,2435.904000,2536.875000,100.971000,3.153486,ok
5,False,197,8,0x0619d4d1900c2365,2435.902000,2536.872000,100.970000,3.153490,ok
5,False,198,8,0x0619d4d1900c2365,2434.357000,2534.845000,100.488000,3.156012,ok
5,False,199,8,0x0619d4d1900c2365,2434.356000,2534.845000,100.489000,3.156012,ok
6,False,0,8,0x0619d4d1900c2365,67.938000,161.780000,93.842000,49.449870,ok
6,False,1,8,0x0619d4d1900c2365,67.935000,161.778000,93.843000,49.450482,ok
6,False,2,8,0x0619d4d1900c2365,203.725000,311.602000,107.877000,25.673776,ok
6,False,3,8,0x0619d4d1900c2365,203.523000,311.607000,108.084000,25.673364,ok
6,False,4,8,0x0619d4d1900c2365,353.370000,434.942000,81.572000,18.393257,ok
6,False,5,8,0x0619d4d1900c2365,353.252000,434.996000,81.744000,18.390974,ok
6,False,6,8,0x0619d4d1900c2365,476.798000,560.725000,83.927000,14.267243,ok
6,False,7,8,0x0619d4d1900c2365,476.629000,560.536000,83.907000,14.272054,ok
6,False,8,8,0x0619d4d1900c2365,603.630000,687.567000,83.937000,11.635230,ok
6,False,9,8,0x0619d4d1900c2365,603.544000,687.563000,84.019000,11.635297,ok
6,False,10,8,0x0619d4d1900c2365,730.988000,837.432000,106.444000,9.553014,ok
6,False,11,8,0x0619d4d1900c2365,730.942000,837.433000,106.491000,9.553003,ok
6,False,12,8,0x0619d4d1900c2365,879.327000,973.382000,94.055000,8.218767,ok
6,False,13,8,0x0619d4d1900c2365,879.770000,973.227000,93.457000,8.220076,ok
6,False,14,8,0x0619d4d1900c2365,1014.561000,1101.279000,86.718000,7.264281,ok
6,False,15,8,0x0619d4d1900c2365,1014.930000,1101.422000,86.492000,7.263338,ok
6,False,16,8,0x0619d4d1900c2365,1142.891000,1226.438000,83.547000,6.522955,ok
6,False,17,8,0x0619d4d1900c2365,1143.136000,1226.443000,83.307000,6.522929,ok
6,False,18,8,0x0619d4d1900c2365,1268.404000,1355.420000,87.016000,5.902230,ok
6,False,19,8,0x0619d4d1900c2365,1267.701000,1355.420000,87.719000,5.902230,ok
6,False,20,8,0x0619d4d1900c2365,1396.958000,1476.762000,79.804000,5.417257,ok
6,False,21,8,0x0619d4d1900c2365,1396.958000,1476.761000,79.803000,5.417261,ok
6,False,22,8,0x0619d4d1900c2365,1518.433000,1598.311000,79.878000,5.005284,ok
6,False,23,8,0x0619d4d1900c2365,1518.433000,1598.311000,79.878000,5.005284,ok
6,False,24,8,0x0619d4d1900c2365,1640.687000,1720.951000,80.264000,4.648593,ok
6,False,25,8,0x0619d4d1900c2365,1640.902000,1720.951000,80.049000,4.648593,ok
6,False,26,8,0x0619d4d1900c2365,1763.053000,1857.995000,94.942000,4.305717,ok
6,False,27,8,0x0619d4d1900c2365,1763.053000,1857.705000,94.652000,4.306389,ok
6,False,28,8,0x0619d4d1900c2365,1899.861000,1993.339000,93.478000,4.013367,ok
6,False,29,8,0x0619d4d1900c2365,1901.072000,1993.339000,92.267000,4.013367,ok
6,False,30,8,0x0619d4d1900c2365,2035.779000,2119.260000,83.481000,3.774903,ok
6,False,31,8,0x0619d4d1900c2365,2035.405000,2119.260000,83.855000,3.774903,ok
6,False,32,8,0x0619d4d1900c2365,1998.951000,2081.476000,82.525000,3.843426,ok
6,False,33,8,0x0619d4d1900c2365,1998.950000,2081.475000,82.525000,3.843428,ok
6,False,34,8,0x0619d4d1900c2365,1975.358000,2071.744000,96.386000,3.861481,ok
6,False,35,8,0x0619d4d1900c2365,1976.640000,2071.743000,95.103000,3.861483,ok
6,False,36,8,0x0619d4d1900c2365,1990.365000,2072.073000,81.708000,3.860868,ok
6,False,37,8,0x0619d4d1900c2365,1990.513000,2072.072000,81.559000,3.860870,ok
6,False,38,8,0x0619d4d1900c2365,1989.020000,2071.411000,82.391000,3.862102,ok
6,False,39,8,0x0619d4d1900c2365,1989.019000,2071.351000,82.332000,3.862214,ok
6,False,40,8,0x0619d4d1900c2365,1985.603000,2071.906000,86.303000,3.861179,ok
6,False,41,8,0x0619d4d1900c2365,1985.829000,2071.905000,86.076000,3.861181,ok
6,False,42,8,0x0619d4d1900c2365,1964.085000,2087.107000,123.022000,3.833057,ok
6,False,43,8,0x0619d4d1900c2365,1964.084000,2092.416000,128.332000,3.823331,ok
6,False,44,8,0x0619d4d1900c2365,1993.011000,2114.794000,121.783000,3.782874,ok
6,False,45,8,0x0619d4d1900c2365,1999.077000,2120.290000,121.213000,3.773069,ok
6,False,46,8,0x0619d4d1900c2365,2031.432000,2152.724000,121.292000,3.716222,ok
6,False,47,8,0x0619d4d1900c2365,2036.871000,2157.879000,121.008000,3.707344,ok
6,False,48,8,0x0619d4d1900c2365,2069.926000,2192.501000,122.575000,3.648801,ok
6,False,49,8,0x0619d4d1900c2365,2074.989000,2196.177000,121.188000,3.642694,ok
6,False,50,8,0x0619d4d1900c2365,2106.960000,2227.481000,120.521000,3.591501,ok
6,False,51,8,0x0619d4d1900c2365,2111.074000,2233.315000,122.241000,3.582119,ok
6,False,52,8,0x0619d4d1900c2365,2154.160000,2275.051000,120.891000,3.516405,ok
6,False,53,8,0x0619d4d1900c2365,2158.734000,2275.648000,116.914000,3.515482,ok
6,False,54,8,0x0619d4d1900c2365,2196.956000,2319.292000,122.336000,3.449329,ok
6,False,55,8,0x0619d4d1900c2365,2200.623000,2322.334000,121.711000,3.444810,ok
6,False,56,8,0x0619d4d1900c2365,2237.912000,2353.059000,115.147000,3.399830,ok
6,False,57,8,0x0619d4d1900c2365,2240.769000,2353.058000,112.289000,3.399831,ok
6,False,58,8,0x0619d4d1900c2365,2258.602000,2337.852000,79.250000,3.421945,ok
6,False,59,8,0x0619d4d1900c2365,2258.601000,2337.851000,79.250000,3.421946,ok
6,False,60,8,0x0619d4d1900c2365,2244.748000,2330.757000,86.009000,3.432361,ok
6,False,61,8,0x0619d4d1900c2365,2244.994000,2330.756000,85.762000,3.432363,ok
6,False,62,8,0x0619d4d1900c2365,2246.999000,2331.521000,84.522000,3.431237,ok
6,False,63,8,0x0619d4d1900c2365,2246.997000,2331.517000,84.520000,3.431242,ok
6,False,64,8,0x0619d4d1900c2365,2249.274000,2329.925000,80.651000,3.433587,ok
6,False,65,8,0x0619d4d1900c2365,2249.273000,2329.925000,80.652000,3.433587,ok
6,False,66,8,0x0619d4d1900c2365,2230.867000,2311.999000,81.132000,3.460209,ok
6,False,67,8,0x0619d4d1900c2365,2230.867000,2311.998000,81.131000,3.460211,ok
6,False,68,8,0x0619d4d1900c2365,2230.993000,2317.927000,86.934000,3.451360,ok
6,False,69,8,0x0619d4d1900c2365,2231.068000,2317.924000,86.856000,3.451364,ok
6,False,70,8,0x0619d4d1900c2365,2235.578000,2315.948000,80.370000,3.454309,ok
6,False,71,8,0x0619d4d1900c2365,2235.577000,2315.946000,80.369000,3.454312,ok
6,False,72,8,0x0619d4d1900c2365,2230.274000,2310.021000,79.747000,3.463172,ok
6,False,73,8,0x0619d4d1900c2365,2230.274000,2310.021000,79.747000,3.463172,ok
6,False,74,8,0x0619d4d1900c2365,2186.422000,2266.939000,80.517000,3.528988,ok
6,False,75,8,0x0619d4d1900c2365,2181.419000,2261.867000,80.448000,3.536901,ok
6,False,76,8,0x0619d4d1900c2365,2146.237000,2228.238000,82.001000,3.590281,ok
6,False,77,8,0x0619d4d1900c2365,2139.914000,2222.054000,82.140000,3.600273,ok
6,False,78,8,0x0619d4d1900c2365,2104.254000,2185.691000,81.437000,3.660170,ok
6,False,79,8,0x0619d4d1900c2365,2099.178000,2180.615000,81.437000,3.668690,ok
6,False,80,8,0x0619d4d1900c2365,2063.419000,2144.383000,80.964000,3.730677,ok
6,False,81,8,0x0619d4d1900c2365,2059.607000,2140.571000,80.964000,3.737321,ok
6,False,82,8,0x0619d4d1900c2365,2023.773000,2104.064000,80.291000,3.802166,ok
6,False,83,8,0x0619d4d1900c2365,2017.463000,2097.753000,80.290000,3.813604,ok
6,False,84,8,0x0619d4d1900c2365,1976.820000,2056.957000,80.137000,3.889240,ok
6,False,85,8,0x0619d4d1900c2365,1975.543000,2055.680000,80.137000,3.891656,ok
6,False,86,8,0x0619d4d1900c2365,1933.966000,2014.671000,80.705000,3.970872,ok
6,False,87,8,0x0619d4d1900c2365,1931.430000,2012.135000,80.705000,3.975876,ok
6,False,88,8,0x0619d4d1900c2365,1899.942000,1982.911000,82.969000,4.034473,ok
6,False,89,8,0x0619d4d1900c2365,1900.250000,1982.912000,82.662000,4.034471,ok
6,False,90,8,0x0619d4d1900c2365,1905.091000,1985.232000,80.141000,4.029756,ok
6,False,91,8,0x0619d4d1900c2365,1905.156000,1985.230000,80.074000,4.029760,ok
6,False,92,8,0x0619d4d1900c2365,1900.383000,1980.922000,80.539000,4.038523,ok
6,False,93,8,0x0619d4d1900c2365,1900.383000,1980.921000,80.538000,4.038526,ok
6,False,94,8,0x0619d4d1900c2365,1896.881000,1981.125000,84.244000,4.038110,ok
6,False,95,8,0x0619d4d1900c2365,1896.881000,1981.125000,84.244000,4.038110,ok
6,False,96,8,0x0619d4d1900c2365,1901.325000,1987.564000,86.239000,4.025028,ok
6,False,97,8,0x0619d4d1900c2365,1901.324000,1987.563000,86.239000,4.025030,ok
6,False,98,8,0x0619d4d1900c2365,1907.252000,1990.449000,83.197000,4.019194,ok
6,False,99,8,0x0619d4d1900c2365,1907.251000,1990.448000,83.197000,4.019196,ok
6,False,100,8,0x0619d4d1900c2365,1903.367000,1983.870000,80.503000,4.032522,ok
6,False,101,8,0x0619d4d1900c2365,1903.365000,1983.870000,80.505000,4.032522,ok
6,False,102,8,0x0619d4d1900c2365,1904.902000,1985.736000,80.834000,4.028733,ok
6,False,103,8,0x0619d4d1900c2365,1904.900000,1985.736000,80.836000,4.028733,ok
6,False,104,8,0x0619d4d1900c2365,1907.697000,1989.290000,81.593000,4.021535,ok
6,False,105,8,0x0619d4d1900c2365,1907.697000,1989.290000,81.593000,4.021535,ok
6,False,106,8,0x0619d4d1900c2365,1909.723000,1990.693000,80.970000,4.018701,ok
6,False,107,8,0x0619d4d1900c2365,1909.722000,1990.692000,80.970000,4.018703,ok
6,False,108,8,0x0619d4d1900c2365,1908.576000,1991.836000,83.260000,4.016395,ok
6,False,109,8,0x0619d4d1900c2365,1908.576000,1991.835000,83.259000,4.016397,ok
6,False,110,8,0x0619d4d1900c2365,1910.636000,1991.327000,80.691000,4.017422,ok
6,False,111,8,0x0619d4d1900c2365,1910.635000,1991.325000,80.690000,4.017426,ok
6,False,112,8,0x0619d4d1900c2365,1912.070000,1993.413000,81.343000,4.013218,ok
6,False,113,8,0x0619d4d1900c2365,1912.071000,1993.411000,81.340000,4.013222,ok
6,False,114,8,0x0619d4d1900c2365,1914.421000,1995.038000,80.617000,4.009949,ok
6,False,115,8,0x0619d4d1900c2365,1914.419000,1995.037000,80.618000,4.009951,ok
6,False,116,8,0x0619d4d1900c2365,1915.857000,1998.770000,82.913000,4.002462,ok
6,False,117,8,0x0619d4d1900c2365,1915.856000,1998.768000,82.912000,4.002466,ok
6,False,118,8,0x0619d4d1900c2365,1918.298000,2000.180000,81.882000,3.999640,ok
6,False,119,8,0x0619d4d1900c2365,1918.296000,2000.178000,81.882000,3.999644,ok
6,False,120,8,0x0619d4d1900c2365,1916.794000,1998.473000,81.679000,4.003056,ok
6,False,121,8,0x0619d4d1900c2365,1916.793000,1998.469000,81.676000,4.003064,ok
6,False,122,8,0x0619d4d1900c2365,1918.867000,2003.948000,85.081000,3.992120,ok
6,False,123,8,0x0619d4d1900c2365,1918.866000,2004.219000,85.353000,3.991580,ok
6,False,124,8,0x0619d4d1900c2365,1922.855000,2045.316000,122.461000,3.911376,ok
6,False,125,8,0x0619d4d1900c2365,1927.274000,2048.919000,121.645000,3.904498,ok
6,False,126,8,0x0619d4d1900c2365,1960.949000,2082.258000,121.309000,3.841983,ok
6,False,127,8,0x0619d4d1900c2365,1966.211000,2087.826000,121.615000,3.831737,ok
6,False,128,8,0x0619d4d1900c2365,1995.827000,2118.201000,122.374000,3.776790,ok
6,False,129,8,0x0619d4d1900c2365,2001.074000,2121.818000,120.744000,3.770352,ok
6,False,130,8,0x0619d4d1900c2365,2034.944000,2155.046000,120.102000,3.712218,ok
6,False,131,8,0x0619d4d1900c2365,2038.552000,2157.754000,119.202000,3.707559,ok
6,False,132,8,0x0619d4d1900c2365,2073.848000,2195.928000,122.080000,3.643107,ok
6,False,133,8,0x0619d4d1900c2365,2076.546000,2197.228000,120.682000,3.640951,ok
6,False,134,8,0x0619d4d1900c2365,2114.151000,2204.882000,90.731000,3.628312,ok
6,False,135,8,0x0619d4d1900c2365,2115.378000,2204.880000,89.502000,3.628315,ok
6,False,136,8,0x0619d4d1900c2365,2123.890000,2237.790000,113.900000,3.574956,ok
6,False,137,8,0x0619d4d1900c2365,2123.893000,2241.934000,118.041000,3.568348,ok
6,False,138,8,0x0619d4d1900c2365,2170.765000,2293.747000,122.982000,3.487743,ok
6,False,139,8,0x0619d4d1900c2365,2173.657000,2294.452000,120.795000,3.486671,ok
6,False,140,8,0x0619d4d1900c2365,2211.608000,2296.194000,84.586000,3.484026,ok
6,False,141,8,0x0619d4d1900c2365,2211.860000,2296.193000,84.333000,3.484028,ok
6,False,142,8,0x0619d4d1900c2365,2216.087000,2297.427000,81.340000,3.482156,ok
6,False,143,8,0x0619d4d1900c2365,2216.085000,2297.426000,81.341000,3.482158,ok
6,False,144,8,0x0619d4d1900c2365,2215.937000,2299.479000,83.542000,3.479049,ok
6,False,145,8,0x0619d4d1900c2365,2215.935000,2299.477000,83.542000,3.479052,ok
6,False,146,8,0x0619d4d1900c2365,2219.921000,2302.979000,83.058000,3.473762,ok
6,False,147,8,0x0619d4d1900c2365,2219.920000,2303.292000,83.372000,3.473290,ok
6,False,148,8,0x0619d4d1900c2365,2218.793000,2301.090000,82.297000,3.476613,ok
6,False,149,8,0x0619d4d1900c2365,2218.948000,2301.089000,82.141000,3.476615,ok
6,False,150,8,0x0619d4d1900c2365,2219.558000,2301.744000,82.186000,3.475625,ok
6,False,151,8,0x0619d4d1900c2365,2219.556000,2301.743000,82.187000,3.475627,ok
6,False,152,8,0x0619d4d1900c2365,2221.949000,2306.439000,84.490000,3.468550,ok
6,False,153,8,0x0619d4d1900c2365,2221.948000,2306.437000,84.489000,3.468553,ok
6,False,154,8,0x0619d4d1900c2365,2221.463000,2305.149000,83.686000,3.470491,ok
6,False,155,8,0x0619d4d1900c2365,2220.189000,2303.876000,83.687000,3.472409,ok
6,False,156,8,0x0619d4d1900c2365,2184.234000,2266.545000,82.311000,3.529601,ok
6,False,157,8,0x0619d4d1900c2365,2180.380000,2262.691000,82.311000,3.535613,ok
6,False,158,8,0x0619d4d1900c2365,2145.653000,2227.490000,81.837000,3.591486,ok
6,False,159,8,0x0619d4d1900c2365,2139.276000,2221.112000,81.836000,3.601799,ok
6,False,160,8,0x0619d4d1900c2365,2106.280000,2190.179000,83.899000,3.652669,ok
6,False,161,8,0x0619d4d1900c2365,2102.452000,2186.414000,83.962000,3.658959,ok
6,False,162,8,0x0619d4d1900c2365,2070.201000,2154.821000,84.620000,3.712605,ok
6,False,163,8,0x0619d4d1900c2365,2067.643000,2152.263000,84.620000,3.717018,ok
6,False,164,8,0x0619d4d1900c2365,2033.714000,2119.934000,86.220000,3.773702,ok
6,False,165,8,0x0619d4d1900c2365,2032.438000,2118.659000,86.221000,3.775973,ok
6,False,166,8,0x0619d4d1900c2365,2031.014000,2113.352000,82.338000,3.785456,ok
6,False,167,8,0x0619d4d1900c2365,2031.013000,2113.350000,82.337000,3.785459,ok
6,False,168,8,0x0619d4d1900c2365,1999.147000,2081.230000,82.083000,3.843881,ok
6,False,169,8,0x0619d4d1900c2365,1995.347000,2077.430000,82.083000,3.850912,ok
6,False,170,8,0x0619d4d1900c2365,1944.773000,2027.575000,82.802000,3.945600,ok
6,False,171,8,0x0619d4d1900c2365,1944.828000,2027.574000,82.746000,3.945602,ok
6,False,172,8,0x0619d4d1900c2365,1946.252000,2032.250000,85.998000,3.936524,ok
6,False,173,8,0x0619d4d1900c2365,1945.874000,2032.248000,86.374000,3.936527,ok
6,False,174,8,0x0619d4d1900c2365,1951.055000,2033.355000,82.300000,3.934384,ok
6,False,175,8,0x0619d4d1900c2365,1951.054000,2033.354000,82.300000,3.934386,ok
6,False,176,8,0x0619d4d1900c2365,1951.718000,2038.059000,86.341000,3.925303,ok
6,False,177,8,0x0619d4d1900c2365,1952.291000,2038.057000,85.766000,3.925307,ok
6,False,178,8,0x0619d4d1900c2365,1955.229000,2037.646000,82.417000,3.926099,ok
6,False,179,8,0x0619d4d1900c2365,1955.227000,2037.644000,82.417000,3.926103,ok
6,False,180,8,0x0619d4d1900c2365,1955.707000,2038.675000,82.968000,3.924117,ok
6,False,181,8,0x0619d4d1900c2365,1955.520000,2038.694000,83.174000,3.924081,ok
6,False,182,8,0x0619d4d1900c2365,1957.561000,2044.849000,87.288000,3.912269,ok
6,False,183,8,0x0619d4d1900c2365,1958.430000,2044.847000,86.417000,3.912273,ok
6,False,184,8,0x0619d4d1900c2365,1961.117000,2043.461000,82.344000,3.914927,ok
6,False,185,8,0x0619d4d1900c2365,1961.117000,2043.461000,82.344000,3.914927,ok
6,False,186,8,0x0619d4d1900c2365,1961.612000,2047.354000,85.742000,3.907483,ok
6,False,187,8,0x0619d4d1900c2365,1961.179000,2047.353000,86.174000,3.907484,ok
6,False,188,8,0x0619d4d1900c2365,1964.587000,2049.372000,84.785000,3.903635,ok
6,False,189,8,0x0619d4d1900c2365,1964.585000,2049.370000,84.785000,3.903639,ok
6,False,190,8,0x0619d4d1900c2365,1968.425000,2051.021000,82.596000,3.900496,ok
6,False,191,8,0x0619d4d1900c2365,1968.425000,2051.020000,82.595000,3.900498,ok
6,False,192,8,0x0619d4d1900c2365,1967.111000,2061.474000,94.363000,3.880718,ok
6,False,193,8,0x0619d4d1900c2365,1967.109000,2061.249000,94.140000,3.881142,ok
6,False,194,8,0x0619d4d1900c2365,1977.065000,2060.464000,83.399000,3.882621,ok
6,False,195,8,0x0619d4d1900c2365,1977.144000,2060.464000,83.320000,3.882621,ok
6,False,196,8,0x0619d4d1900c2365,1974.376000,2056.551000,82.175000,3.890008,ok
6,False,197,8,0x0619d4d1900c2365,1974.375000,2056.549000,82.174000,3.890012,ok
6,False,198,8,0x0619d4d1900c2365,1975.145000,2058.773000,83.628000,3.885810,ok
6,False,199,8,0x0619d4d1900c2365,1974.914000,2058.771000,83.857000,3.885813,ok
7,False,0,8,0x0619d4d1900c2365,52.559000,136.229000,83.670000,58.724647,ok
7,False,1,8,0x0619d4d1900c2365,52.554000,136.229000,83.675000,58.724647,ok
7,False,2,8,0x0619d4d1900c2365,183.421000,272.335000,88.914000,29.375585,ok
7,False,3,8,0x0619d4d1900c2365,183.420000,272.285000,88.865000,29.380979,ok
7,False,4,8,0x0619d4d1900c2365,320.793000,409.941000,89.148000,19.515003,ok
7,False,5,8,0x0619d4d1900c2365,320.793000,409.941000,89.148000,19.515003,ok
7,False,6,8,0x0619d4d1900c2365,458.624000,550.753000,92.129000,14.525568,ok
7,False,7,8,0x0619d4d1900c2365,458.624000,550.753000,92.129000,14.525568,ok
7,False,8,8,0x0619d4d1900c2365,599.926000,691.470000,91.544000,11.569555,ok
7,False,9,8,0x0619d4d1900c2365,599.926000,691.469000,91.543000,11.569571,ok
7,False,10,8,0x0619d4d1900c2365,741.265000,832.643000,91.378000,9.607959,ok
7,False,11,8,0x0619d4d1900c2365,741.178000,832.643000,91.465000,9.607959,ok
7,False,12,8,0x0619d4d1900c2365,883.111000,975.215000,92.104000,8.203319,ok
7,False,13,8,0x0619d4d1900c2365,883.210000,975.215000,92.005000,8.203319,ok
7,False,14,8,0x0619d4d1900c2365,1026.114000,1121.537000,95.423000,7.133068,ok
7,False,15,8,0x0619d4d1900c2365,1025.506000,1121.537000,96.031000,7.133068,ok
7,False,16,8,0x0619d4d1900c2365,1171.961000,1265.396000,93.435000,6.322132,ok
7,False,17,8,0x0619d4d1900c2365,1171.961000,1265.499000,93.538000,6.321617,ok
7,False,18,8,0x0619d4d1900c2365,1315.798000,1408.205000,92.407000,5.680991,ok
7,False,19,8,0x0619d4d1900c2365,1315.799000,1408.205000,92.406000,5.680991,ok
7,False,20,8,0x0619d4d1900c2365,1459.219000,1552.705000,93.486000,5.152299,ok
7,False,21,8,0x0619d4d1900c2365,1459.136000,1552.704000,93.568000,5.152302,ok
7,False,22,8,0x0619d4d1900c2365,1603.971000,1698.388000,94.417000,4.710349,ok
7,False,23,8,0x0619d4d1900c2365,1603.971000,1698.490000,94.519000,4.710066,ok
7,False,24,8,0x0619d4d1900c2365,1752.253000,1854.336000,102.083000,4.314213,ok
7,False,25,8,0x0619d4d1900c2365,1752.254000,1854.228000,101.974000,4.314464,ok
7,False,26,8,0x0619d4d1900c2365,1907.532000,2009.441000,101.909000,3.981207,ok
7,False,27,8,0x0619d4d1900c2365,1907.629000,2009.441000,101.812000,3.981207,ok
7,False,28,8,0x0619d4d1900c2365,2063.646000,2173.255000,109.609000,3.681114,ok
7,False,29,8,0x0619d4d1900c2365,2063.646000,2173.159000,109.513000,3.681277,ok
7,False,30,8,0x0619d4d1900c2365,2227.788000,2329.395000,101.607000,3.434368,ok
7,False,31,8,0x0619d4d1900c2365,2227.786000,2329.285000,101.499000,3.434530,ok
7,False,32,8,0x0619d4d1900c2365,2247.049000,2349.003000,101.954000,3.405700,ok
7,False,33,8,0x0619d4d1900c2365,2247.047000,2349.090000,102.043000,3.405574,ok
7,False,34,8,0x0619d4d1900c2365,2267.095000,2369.640000,102.545000,3.376040,ok
7,False,35,8,0x0619d4d1900c2365,2267.102000,2369.731000,102.629000,3.375911,ok
7,False,36,8,0x0619d4d1900c2365,2285.977000,2388.735000,102.758000,3.349053,ok
7,False,37,8,0x0619d4d1900c2365,2285.976000,2388.733000,102.757000,3.349056,ok
7,False,38,8,0x0619d4d1900c2365,2303.021000,2406.739000,103.718000,3.324000,ok
7,False,39,8,0x0619d4d1900c2365,2303.019000,2406.629000,103.610000,3.324152,ok
7,False,40,8,0x0619d4d1900c2365,2320.124000,2421.117000,100.993000,3.304260,ok
7,False,41,8,0x0619d4d1900c2365,2320.123000,2421.115000,100.992000,3.304263,ok
7,False,42,8,0x0619d4d1900c2365,2335.453000,2443.597000,108.144000,3.273862,ok
7,False,43,8,0x0619d4d1900c2365,2334.911000,2446.681000,111.770000,3.269736,ok
7,False,44,8,0x0619d4d1900c2365,2362.502000,2472.154000,109.652000,3.236044,ok
7,False,45,8,0x0619d4d1900c2365,2363.030000,2472.155000,109.125000,3.236043,ok
7,False,46,8,0x0619d4d1900c2365,2379.687000,2483.428000,103.741000,3.221354,ok
7,False,47,8,0x0619d4d1900c2365,2379.780000,2483.426000,103.646000,3.221356,ok
7,False,48,8,0x0619d4d1900c2365,2394.530000,2497.878000,103.348000,3.202718,ok
7,False,49,8,0x0619d4d1900c2365,2394.530000,2497.783000,103.253000,3.202840,ok
7,False,50,8,0x0619d4d1900c2365,2408.124000,2509.240000,101.116000,3.188216,ok
7,False,51,8,0x0619d4d1900c2365,2408.125000,2509.238000,101.113000,3.188219,ok
7,False,52,8,0x0619d4d1900c2365,2418.651000,2521.891000,103.240000,3.172223,ok
7,False,53,8,0x0619d4d1900c2365,2418.754000,2521.889000,103.135000,3.172225,ok
7,False,54,8,0x0619d4d1900c2365,2430.448000,2537.534000,107.086000,3.152667,ok
7,False,55,8,0x0619d4d1900c2365,2430.448000,2537.635000,107.187000,3.152542,ok
7,False,56,8,0x0619d4d1900c2365,2434.939000,2537.492000,102.553000,3.152719,ok
7,False,57,8,0x0619d4d1900c2365,2434.937000,2537.490000,102.553000,3.152722,ok
7,False,58,8,0x0619d4d1900c2365,2437.030000,2537.887000,100.857000,3.152229,ok
7,False,59,8,0x0619d4d1900c2365,2437.028000,2537.885000,100.857000,3.152231,ok
7,False,60,8,0x0619d4d1900c2365,2427.019000,2528.432000,101.413000,3.164016,ok
7,False,61,8,0x0619d4d1900c2365,2427.017000,2528.430000,101.413000,3.164019,ok
7,False,62,8,0x0619d4d1900c2365,2427.184000,2530.939000,103.755000,3.160882,ok
7,False,63,8,0x0619d4d1900c2365,2427.183000,2530.938000,103.755000,3.160883,ok
7,False,64,8,0x0619d4d1900c2365,2427.965000,2529.281000,101.316000,3.162954,ok
7,False,65,8,0x0619d4d1900c2365,2427.963000,2529.364000,101.401000,3.162850,ok
7,False,66,8,0x0619d4d1900c2365,2426.945000,2526.047000,99.102000,3.167004,ok
7,False,67,8,0x0619d4d1900c2365,2426.947000,2526.045000,99.098000,3.167006,ok
7,False,68,8,0x0619d4d1900c2365,2422.542000,2532.982000,110.440000,3.158333,ok
7,False,69,8,0x0619d4d1900c2365,2422.544000,2533.096000,110.552000,3.158191,ok
7,False,70,8,0x0619d4d1900c2365,2427.212000,2531.445000,104.233000,3.160250,ok
7,False,71,8,0x0619d4d1900c2365,2427.118000,2531.553000,104.435000,3.160116,ok
7,False,72,8,0x0619d4d1900c2365,2428.462000,2531.792000,103.330000,3.159817,ok
7,False,73,8,0x0619d4d1900c2365,2428.460000,2531.790000,103.330000,3.159820,ok
7,False,74,8,0x0619d4d1900c2365,2423.337000,2522.747000,99.410000,3.171146,ok
7,False,75,8,0x0619d4d1900c2365,2419.538000,2518.950000,99.412000,3.175926,ok
7,False,76,8,0x0619d4d1900c2365,2405.474000,2504.099000,98.625000,3.194762,ok
7,False,77,8,0x0619d4d1900c2365,2405.473000,2504.097000,98.624000,3.194764,ok
7,False,78,8,0x0619d4d1900c2365,2397.999000,2497.585000,99.586000,3.203094,ok
7,False,79,8,0x0619d4d1900c2365,2397.996000,2497.462000,99.466000,3.203252,ok
7,False,80,8,0x0619d4d1900c2365,2393.278000,2497.597000,104.319000,3.203079,ok
7,False,81,8,0x0619d4d1900c2365,2393.277000,2497.692000,104.415000,3.202957,ok
7,False,82,8,0x0619d4d1900c2365,2395.787000,2495.875000,100.088000,3.205289,ok
7,False,83,8,0x0619d4d1900c2365,2395.786000,2495.778000,99.992000,3.205413,ok
7,False,84,8,0x0619d4d1900c2365,2392.222000,2500.092000,107.870000,3.199882,ok
7,False,85,8,0x0619d4d1900c2365,2392.220000,2500.002000,107.782000,3.199997,ok
7,False,86,8,0x0619d4d1900c2365,2390.666000,2489.034000,98.368000,3.214098,ok
7,False,87,8,0x0619d4d1900c2365,2390.567000,2489.033000,98.466000,3.214100,ok
7,False,88,8,0x0619d4d1900c2365,2386.653000,2490.623000,103.970000,3.212048,ok
7,False,89,8,0x0619d4d1900c2365,2386.652000,2490.619000,103.967000,3.212053,ok
7,False,90,8,0x0619d4d1900c2365,2388.650000,2487.991000,99.341000,3.215446,ok
7,False,91,8,0x0619d4d1900c2365,2388.651000,2487.990000,99.339000,3.215447,ok
7,False,92,8,0x0619d4d1900c2365,2386.675000,2486.794000,100.119000,3.216993,ok
7,False,93,8,0x0619d4d1900c2365,2386.673000,2486.793000,100.120000,3.216995,ok
7,False,94,8,0x0619d4d1900c2365,2382.148000,2480.961000,98.813000,3.224557,ok
7,False,95,8,0x0619d4d1900c2365,2382.147000,2480.960000,98.813000,3.224558,ok
7,False,96,8,0x0619d4d1900c2365,2380.009000,2491.016000,111.007000,3.211541,ok
7,False,97,8,0x0619d4d1900c2365,2379.699000,2491.015000,111.316000,3.211542,ok
7,False,98,8,0x0619d4d1900c2365,2391.572000,2491.095000,99.523000,3.211439,ok
7,False,99,8,0x0619d4d1900c2365,2391.572000,2491.095000,99.523000,3.211439,ok
7,False,100,8,0x0619d4d1900c2365,2378.836000,2476.889000,98.053000,3.229858,ok
7,False,101,8,0x0619d4d1900c2365,2378.835000,2476.887000,98.052000,3.229861,ok
7,False,102,8,0x0619d4d1900c2365,2372.874000,2495.167000,122.293000,3.206198,ok
7,False,103,8,0x0619d4d1900c2365,2371.615000,2494.827000,123.212000,3.206635,ok
7,False,104,8,0x0619d4d1900c2365,2390.363000,2495.375000,105.012000,3.205931,ok
7,False,105,8,0x0619d4d1900c2365,2390.461000,2495.465000,105.004000,3.205815,ok
7,False,106,8,0x0619d4d1900c2365,2395.176000,2499.028000,103.852000,3.201245,ok
7,False,107,8,0x0619d4d1900c2365,2395.174000,2499.121000,103.947000,3.201126,ok
7,False,108,8,0x0619d4d1900c2365,2399.220000,2499.123000,99.903000,3.201123,ok
7,False,109,8,0x0619d4d1900c2365,2399.218000,2499.214000,99.996000,3.201006,ok
7,False,110,8,0x0619d4d1900c2365,2398.684000,2496.343000,97.659000,3.204688,ok
7,False,111,8,0x0619d4d1900c2365,2398.682000,2496.341000,97.659000,3.204690,ok
7,False,112,8,0x0619d4d1900c2365,2393.404000,2499.355000,105.951000,3.200826,ok
7,False,113,8,0x0619d4d1900c2365,2393.295000,2499.261000,105.966000,3.200946,ok
7,False,114,8,0x0619d4d1900c2365,2398.636000,2504.751000,106.115000,3.193930,ok
7,False,115,8,0x0619d4d1900c2365,2398.635000,2504.850000,106.215000,3.193804,ok
7,False,116,8,0x0619d4d1900c2365,2397.439000,2498.172000,100.733000,3.202342,ok
7,False,117,8,0x0619d4d1900c2365,2397.440000,2498.316000,100.876000,3.202157,ok
7,False,118,8,0x0619d4d1900c2365,2398.698000,2496.172000,97.474000,3.204907,ok
7,False,119,8,0x0619d4d1900c2365,2398.697000,2496.170000,97.473000,3.204910,ok
7,False,120,8,0x0619d4d1900c2365,2392.028000,2500.312000,108.284000,3.199601,ok
7,False,121,8,0x0619d4d1900c2365,2392.120000,2500.409000,108.289000,3.199477,ok
7,False,122,8,0x0619d4d1900c2365,2399.663000,2501.504000,101.841000,3.198076,ok
7,False,123,8,0x0619d4d1900c2365,2399.661000,2501.603000,101.942000,3.197949,ok
7,False,124,8,0x0619d4d1900c2365,2401.404000,2502.378000,100.974000,3.196959,ok
7,False,125,8,0x0619d4d1900c2365,2401.405000,2502.271000,100.866000,3.197096,ok
7,False,126,8,0x0619d4d1900c2365,2402.634000,2501.557000,98.923000,3.198008,ok
7,False,127,8,0x0619d4d1900c2365,2402.633000,2501.555000,98.922000,3.198011,ok
7,False,128,8,0x0619d4d1900c2365,2388.279000,2487.401000,99.122000,3.216208,ok
7,False,129,8,0x0619d4d1900c2365,2388.277000,2487.400000,99.123000,3.216210,ok
7,False,130,8,0x0619d4d1900c2365,2388.772000,2491.216000,102.444000,3.211283,ok
7,False,131,8,0x0619d4d1900c2365,2388.772000,2491.216000,102.444000,3.211283,ok
7,False,132,8,0x0619d4d1900c2365,2394.611000,2494.396000,99.785000,3.207189,ok
7,False,133,8,0x0619d4d1900c2365,2394.610000,2494.395000,99.785000,3.207191,ok
7,False,134,8,0x0619d4d1900c2365,2371.401000,2470.500000,99.099000,3.238211,ok
7,False,135,8,0x0619d4d1900c2365,2371.399000,2470.499000,99.100000,3.238212,ok
7,False,136,8,0x0619d4d1900c2365,2367.206000,2466.258000,99.052000,3.243781,ok
7,False,137,8,0x0619d4d1900c2365,2367.206000,2466.257000,99.051000,3.243782,ok
7,False,138,8,0x0619d4d1900c2365,2362.539000,2463.937000,101.398000,3.246836,ok
7,False,139,8,0x0619d4d1900c2365,2362.537000,2463.930000,101.393000,3.246845,ok
7,False,140,8,0x0619d4d1900c2365,2364.853000,2464.365000,99.512000,3.246272,ok
7,False,141,8,0x0619d4d1900c2365,2363.572000,2463.013000,99.441000,3.248054,ok
7,False,142,8,0x0619d4d1900c2365,2365.918000,2465.395000,99.477000,3.244916,ok
7,False,143,8,0x0619d4d1900c2365,2365.923000,2465.394000,99.471000,3.244917,ok
7,False,144,8,0x0619d4d1900c2365,2358.171000,2465.207000,107.036000,3.245164,ok
7,False,145,8,0x0619d4d1900c2365,2358.267000,2465.307000,107.040000,3.245032,ok
7,False,146,8,0x0619d4d1900c2365,2358.876000,2464.667000,105.791000,3.245875,ok
7,False,147,8,0x0619d4d1900c2365,2358.875000,2464.774000,105.899000,3.245734,ok
7,False,148,8,0x0619d4d1900c2365,2363.427000,2461.370000,97.943000,3.250222,ok
7,False,149,8,0x0619d4d1900c2365,2363.426000,2461.371000,97.945000,3.250221,ok
7,False,150,8,0x0619d4d1900c2365,2364.362000,2465.087000,100.725000,3.245322,ok
7,False,151,8,0x0619d4d1900c2365,2364.280000,2465.086000,100.806000,3.245323,ok
7,False,152,8,0x0619d4d1900c2365,2356.229000,2455.875000,99.646000,3.257495,ok
7,False,153,8,0x0619d4d1900c2365,2356.409000,2455.874000,99.465000,3.257496,ok
7,False,154,8,0x0619d4d1900c2365,2353.325000,2452.439000,99.114000,3.262059,ok
7,False,155,8,0x0619d4d1900c2365,2353.327000,2452.443000,99.116000,3.262053,ok
7,False,156,8,0x0619d4d1900c2365,2352.074000,2451.458000,99.384000,3.263364,ok
7,False,157,8,0x0619d4d1900c2365,2352.073000,2451.397000,99.324000,3.263445,ok
7,False,158,8,0x0619d4d1900c2365,2352.178000,2459.763000,107.585000,3.252346,ok
7,False,159,8,0x0619d4d1900c2365,2352.057000,2459.653000,107.596000,3.252491,ok
7,False,160,8,0x0619d4d1900c2365,2360.091000,2458.554000,98.463000,3.253945,ok
7,False,161,8,0x0619d4d1900c2365,2360.089000,2458.552000,98.463000,3.253948,ok
7,False,162,8,0x0619d4d1900c2365,2356.935000,2455.823000,98.888000,3.257564,ok
7,False,163,8,0x0619d4d1900c2365,2356.933000,2455.810000,98.877000,3.257581,ok
7,False,164,8,0x0619d4d1900c2365,2354.968000,2457.099000,102.131000,3.255872,ok
7,False,165,8,0x0619d4d1900c2365,2354.966000,2456.997000,102.031000,3.256007,ok
7,False,166,8,0x0619d4d1900c2365,2357.451000,2455.203000,97.752000,3.258386,ok
7,False,167,8,0x0619d4d1900c2365,2357.450000,2455.202000,97.752000,3.258388,ok
7,False,168,8,0x0619d4d1900c2365,2356.036000,2453.787000,97.751000,3.260267,ok
7,False,169,8,0x0619d4d1900c2365,2356.035000,2453.786000,97.751000,3.260268,ok
7,False,170,8,0x0619d4d1900c2365,2353.544000,2451.385000,97.841000,3.263461,ok
7,False,171,8,0x0619d4d1900c2365,2353.543000,2451.384000,97.841000,3.263463,ok
7,False,172,8,0x0619d4d1900c2365,2351.249000,2450.246000,98.997000,3.264978,ok
7,False,173,8,0x0619d4d1900c2365,2351.247000,2450.142000,98.895000,3.265117,ok
7,False,174,8,0x0619d4d1900c2365,2350.846000,2450.380000,99.534000,3.264800,ok
7,False,175,8,0x0619d4d1900c2365,2350.846000,2450.379000,99.533000,3.264801,ok
7,False,176,8,0x0619d4d1900c2365,2344.166000,2450.448000,106.282000,3.264709,ok
7,False,177,8,0x0619d4d1900c2365,2344.079000,2450.349000,106.270000,3.264841,ok
7,False,178,8,0x0619d4d1900c2365,2344.570000,2456.995000,112.425000,3.256010,ok
7,False,179,8,0x0619d4d1900c2365,2344.569000,2456.995000,112.426000,3.256010,ok
7,False,180,8,0x0619d4d1900c2365,2356.823000,2455.669000,98.846000,3.257768,ok
7,False,181,8,0x0619d4d1900c2365,2356.821000,2455.666000,98.845000,3.257772,ok
7,False,182,8,0x0619d4d1900c2365,2355.014000,2456.624000,101.610000,3.256502,ok
7,False,183,8,0x0619d4d1900c2365,2355.013000,2456.731000,101.718000,3.256360,ok
7,False,184,8,0x0619d4d1900c2365,2357.695000,2455.156000,97.461000,3.258449,ok
7,False,185,8,0x0619d4d1900c2365,2357.692000,2455.155000,97.463000,3.258450,ok
7,False,186,8,0x0619d4d1900c2365,2357.269000,2461.441000,104.172000,3.250129,ok
7,False,187,8,0x0619d4d1900c2365,2357.268000,2461.536000,104.268000,3.250003,ok
7,False,188,8,0x0619d4d1900c2365,2360.675000,2461.751000,101.076000,3.249719,ok
7,False,189,8,0x0619d4d1900c2365,2360.674000,2461.854000,101.180000,3.249583,ok
7,False,190,8,0x0619d4d1900c2365,2354.294000,2452.295000,98.001000,3.262250,ok
7,False,191,8,0x0619d4d1900c2365,2354.293000,2452.293000,98.000000,3.262253,ok
7,False,192,8,0x0619d4d1900c2365,2354.637000,2452.525000,97.888000,3.261944,ok
7,False,193,8,0x0619d4d1900c2365,2354.635000,2452.524000,97.889000,3.261946,ok
7,False,194,8,0x0619d4d1900c2365,2353.735000,2452.572000,98.837000,3.261882,ok
7,False,195,8,0x0619d4d1900c2365,2353.735000,2452.572000,98.837000,3.261882,ok
7,False,196,8,0x0619d4d1900c2365,2348.971000,2447.629000,98.658000,3.268469,ok
7,False,197,8,0x0619d4d1900c2365,2348.959000,2447.618000,98.659000,3.268484,ok
7,False,198,8,0x0619d4d1900c2365,2350.919000,2448.589000,97.670000,3.267188,ok
7,False,199,8,0x0619d4d1900c2365,2350.917000,2448.587000,97.670000,3.267190,ok
8,False,0,8,0x0619d4d1900c2365,104.272000,234.872000,130.600000,34.061106,ok
8,False,1,8,0x0619d4d1900c2365,104.270000,234.870000,130.600000,34.061396,ok
8,False,2,8,0x0619d4d1900c2365,278.137000,362.051000,83.914000,22.096334,ok
8,False,3,8,0x0619d4d1900c2365,277.871000,362.051000,84.180000,22.096334,ok
8,False,4,8,0x0619d4d1900c2365,405.720000,487.680000,81.960000,16.404199,ok
8,False,5,8,0x0619d4d1900c2365,405.720000,487.680000,81.960000,16.404199,ok
8,False,6,8,0x0619d4d1900c2365,531.974000,614.922000,82.948000,13.009780,ok
8,False,7,8,0x0619d4d1900c2365,531.973000,614.922000,82.949000,13.009780,ok
8,False,8,8,0x0619d4d1900c2365,660.500000,743.976000,83.476000,10.753035,ok
8,False,9,8,0x0619d4d1900c2365,660.500000,743.974000,83.474000,10.753064,ok
8,False,10,8,0x0619d4d1900c2365,790.354000,912.421000,122.067000,8.767882,ok
8,False,11,8,0x0619d4d1900c2365,794.792000,916.205000,121.413000,8.731670,ok
8,False,12,8,0x0619d4d1900c2365,957.823000,1079.497000,121.674000,7.410859,ok
8,False,13,8,0x0619d4d1900c2365,962.378000,1084.163000,121.785000,7.378964,ok
8,False,14,8,0x0619d4d1900c2365,1128.024000,1249.329000,121.305000,6.403437,ok
8,False,15,8,0x0619d4d1900c2365,1132.747000,1254.225000,121.478000,6.378441,ok
8,False,16,8,0x0619d4d1900c2365,1294.849000,1414.193000,119.344000,5.656937,ok
8,False,17,8,0x0619d4d1900c2365,1300.697000,1422.063000,121.366000,5.625630,ok
8,False,18,8,0x0619d4d1900c2365,1459.909000,1579.630000,119.721000,5.064477,ok
8,False,19,8,0x0619d4d1900c2365,1468.693000,1588.970000,120.277000,5.034708,ok
8,False,20,8,0x0619d4d1900c2365,1625.822000,1746.332000,120.510000,4.581030,ok
8,False,21,8,0x0619d4d1900c2365,1635.944000,1757.498000,121.554000,4.551926,ok
8,False,22,8,0x0619d4d1900c2365,1793.225000,1891.789000,98.564000,4.228801,ok
8,False,23,8,0x0619d4d1900c2365,1805.421000,1905.150000,99.729000,4.199144,ok
8,False,24,8,0x0619d4d1900c2365,1938.649000,2025.799000,87.150000,3.949059,ok
8,False,25,8,0x0619d4d1900c2365,1952.235000,2039.049000,86.814000,3.923398,ok
8,False,26,8,0x0619d4d1900c2365,2072.216000,2162.443000,90.227000,3.699519,ok
8,False,27,8,0x0619d4d1900c2365,2086.039000,2175.866000,89.827000,3.676697,ok
8,False,28,8,0x0619d4d1900c2365,2208.884000,2297.610000,88.726000,3.481879,ok
8,False,29,8,0x0619d4d1900c2365,2222.347000,2311.016000,88.669000,3.461681,ok
8,False,30,8,0x0619d4d1900c2365,2344.549000,2432.258000,87.709000,3.289125,ok
8,False,31,8,0x0619d4d1900c2365,2358.092000,2445.687000,87.595000,3.271065,ok
8,False,32,8,0x0619d4d1900c2365,2243.071000,2332.443000,89.372000,3.429880,ok
8,False,33,8,0x0619d4d1900c2365,2256.667000,2345.901000,89.234000,3.410204,ok
8,False,34,8,0x0619d4d1900c2365,2253.094000,2340.645000,87.551000,3.417861,ok
8,False,35,8,0x0619d4d1900c2365,2266.595000,2353.910000,87.315000,3.398601,ok
8,False,36,8,0x0619d4d1900c2365,2260.870000,2349.614000,88.744000,3.404815,ok
8,False,37,8,0x0619d4d1900c2365,2274.551000,2362.916000,88.365000,3.385647,ok
8,False,38,8,0x0619d4d1900c2365,2269.706000,2364.443000,94.737000,3.383461,ok
8,False,39,8,0x0619d4d1900c2365,2283.339000,2377.751000,94.412000,3.364524,ok
8,False,40,8,0x0619d4d1900c2365,2282.286000,2372.015000,89.729000,3.372660,ok
8,False,41,8,0x0619d4d1900c2365,2295.781000,2385.372000,89.591000,3.353775,ok
8,False,42,8,0x0619d4d1900c2365,2249.690000,2339.960000,90.270000,3.418862,ok
8,False,43,8,0x0619d4d1900c2365,2259.718000,2349.484000,89.766000,3.405003,ok
8,False,44,8,0x0619d4d1900c2365,2218.924000,2309.011000,90.087000,3.464687,ok
8,False,45,8,0x0619d4d1900c2365,2229.023000,2318.545000,89.522000,3.450440,ok
8,False,46,8,0x0619d4d1900c2365,2186.053000,2273.618000,87.565000,3.518621,ok
8,False,47,8,0x0619d4d1900c2365,2194.141000,2281.766000,87.625000,3.506056,ok
8,False,48,8,0x0619d4d1900c2365,2155.410000,2248.342000,92.932000,3.558178,ok
8,False,49,8,0x0619d4d1900c2365,2160.878000,2252.961000,92.083000,3.550883,ok
8,False,50,8,0x0619d4d1900c2365,2129.004000,2216.602000,87.598000,3.609128,ok
8,False,51,8,0x0619d4d1900c2365,2133.687000,2221.022000,87.335000,3.601945,ok
8,False,52,8,0x0619d4d1900c2365,2097.729000,2185.876000,88.147000,3.659860,ok
8,False,53,8,0x0619d4d1900c2365,2099.811000,2187.927000,88.116000,3.656429,ok
8,False,54,8,0x0619d4d1900c2365,2086.483000,2176.325000,89.842000,3.675922,ok
8,False,55,8,0x0619d4d1900c2365,2087.450000,2177.197000,89.747000,3.674449,ok
8,False,56,8,0x0619d4d1900c2365,2090.244000,2181.389000,91.145000,3.667388,ok
8,False,57,8,0x0619d4d1900c2365,2089.968000,2180.784000,90.816000,3.668405,ok
8,False,58,8,0x0619d4d1900c2365,2091.716000,2178.761000,87.045000,3.671812,ok
8,False,59,8,0x0619d4d1900c2365,2090.973000,2178.122000,87.149000,3.672889,ok
8,False,60,8,0x0619d4d1900c2365,2089.773000,2177.360000,87.587000,3.674174,ok
8,False,61,8,0x0619d4d1900c2365,2089.662000,2177.160000,87.498000,3.674512,ok
8,False,62,8,0x0619d4d1900c2365,2090.173000,2178.555000,88.382000,3.672159,ok
8,False,63,8,0x0619d4d1900c2365,2089.861000,2178.024000,88.163000,3.673054,ok
8,False,64,8,0x0619d4d1900c2365,2088.872000,2176.957000,88.085000,3.674854,ok
8,False,65,8,0x0619d4d1900c2365,2089.635000,2177.546000,87.911000,3.673860,ok
8,False,66,8,0x0619d4d1900c2365,2090.244000,2182.665000,92.421000,3.665244,ok
8,False,67,8,0x0619d4d1900c2365,2090.228000,2182.245000,92.017000,3.665950,ok
8,False,68,8,0x0619d4d1900c2365,2093.699000,2182.152000,88.453000,3.666106,ok
8,False,69,8,0x0619d4d1900c2365,2094.843000,2183.385000,88.542000,3.664035,ok
8,False,70,8,0x0619d4d1900c2365,2088.228000,2183.746000,95.518000,3.663430,ok
8,False,71,8,0x0619d4d1900c2365,2089.855000,2184.540000,94.685000,3.662098,ok
8,False,72,8,0x0619d4d1900c2365,2094.984000,2184.252000,89.268000,3.662581,ok
8,False,73,8,0x0619d4d1900c2365,2094.981000,2184.008000,89.027000,3.662990,ok
8,False,74,8,0x0619d4d1900c2365,2094.317000,2188.700000,94.383000,3.655138,ok
8,False,75,8,0x0619d4d1900c2365,2095.677000,2189.367000,93.690000,3.654024,ok
8,False,76,8,0x0619d4d1900c2365,2099.124000,2188.540000,89.416000,3.655405,ok
8,False,77,8,0x0619d4d1900c2365,2099.635000,2189.246000,89.611000,3.654226,ok
8,False,78,8,0x0619d4d1900c2365,2102.889000,2191.477000,88.588000,3.650506,ok
8,False,79,8,0x0619d4d1900c2365,2102.288000,2190.908000,88.620000,3.651454,ok
8,False,80,8,0x0619d4d1900c2365,2099.118000,2188.028000,88.910000,3.656260,ok
8,False,81,8,0x0619d4d1900c2365,2098.985000,2187.693000,88.708000,3.656820,ok
8,False,82,8,0x0619d4d1900c2365,2101.379000,2189.959000,88.580000,3.653036,ok
8,False,83,8,0x0619d4d1900c2365,2100.999000,2189.441000,88.442000,3.653901,ok
8,False,84,8,0x0619d4d1900c2365,2101.810000,2192.961000,91.151000,3.648036,ok
8,False,85,8,0x0619d4d1900c2365,2101.958000,2192.522000,90.564000,3.648766,ok
8,False,86,8,0x0619d4d1900c2365,2103.942000,2192.419000,88.477000,3.648938,ok
8,False,87,8,0x0619d4d1900c2365,2103.668000,2191.996000,88.328000,3.649642,ok
8,False,88,8,0x0619d4d1900c2365,2101.667000,2193.365000,91.698000,3.647364,ok
8,False,89,8,0x0619d4d1900c2365,2101.871000,2192.970000,91.099000,3.648021,ok
8,False,90,8,0x0619d4d1900c2365,2106.871000,2197.094000,90.223000,3.641173,ok
8,False,91,8,0x0619d4d1900c2365,2106.486000,2196.664000,90.178000,3.641886,ok
8,False,92,8,0x0619d4d1900c2365,2110.326000,2220.837000,110.511000,3.602245,ok
8,False,93,8,0x0619d4d1900c2365,2109.940000,2218.949000,109.009000,3.605310,ok
8,False,94,8,0x0619d4d1900c2365,2133.309000,2251.914000,118.605000,3.552534,ok
8,False,95,8,0x0619d4d1900c2365,2132.813000,2251.688000,118.875000,3.552890,ok
8,False,96,8,0x0619d4d1900c2365,2166.107000,2268.760000,102.653000,3.526155,ok
8,False,97,8,0x0619d4d1900c2365,2166.062000,2269.447000,103.385000,3.525088,ok
8,False,98,8,0x0619d4d1900c2365,2178.102000,2272.176000,94.074000,3.520854,ok
8,False,99,8,0x0619d4d1900c2365,2177.668000,2270.920000,93.252000,3.522801,ok
8,False,100,8,0x0619d4d1900c2365,2184.435000,2274.574000,90.139000,3.517142,ok
8,False,101,8,0x0619d4d1900c2365,2184.484000,2274.413000,89.929000,3.517391,ok
8,False,102,8,0x0619d4d1900c2365,2179.446000,2268.918000,89.472000,3.525910,ok
8,False,103,8,0x0619d4d1900c2365,2179.055000,2269.148000,90.093000,3.525552,ok
8,False,104,8,0x0619d4d1900c2365,2181.938000,2273.788000,91.850000,3.518358,ok
8,False,105,8,0x0619d4d1900c2365,2183.046000,2274.703000,91.657000,3.516943,ok
8,False,106,8,0x0619d4d1900c2365,2180.162000,2270.824000,90.662000,3.522950,ok
8,False,107,8,0x0619d4d1900c2365,2181.202000,2271.547000,90.345000,3.521829,ok
8,False,108,8,0x0619d4d1900c2365,2182.634000,2272.008000,89.374000,3.521114,ok
8,False,109,8,0x0619d4d1900c2365,2182.240000,2271.622000,89.382000,3.521713,ok
8,False,110,8,0x0619d4d1900c2365,2183.797000,2274.451000,90.654000,3.517332,ok
8,False,111,8,0x0619d4d1900c2365,2183.151000,2273.943000,90.792000,3.518118,ok
8,False,112,8,0x0619d4d1900c2365,2185.995000,2275.574000,89.579000,3.515597,ok
8,False,113,8,0x0619d4d1900c2365,2185.873000,2275.081000,89.208000,3.516358,ok
8,False,114,8,0x0619d4d1900c2365,2186.608000,2275.779000,89.171000,3.515280,ok
8,False,115,8,0x0619d4d1900c2365,2187.459000,2276.552000,89.093000,3.514086,ok
8,False,116,8,0x0619d4d1900c2365,2184.699000,2277.629000,92.930000,3.512425,ok
8,False,117,8,0x0619d4d1900c2365,2186.319000,2278.493000,92.174000,3.511093,ok
8,False,118,8,0x0619d4d1900c2365,2189.887000,2279.733000,89.846000,3.509183,ok
8,False,119,8,0x0619d4d1900c2365,2189.576000,2279.200000,89.624000,3.510004,ok
8,False,120,8,0x0619d4d1900c2365,2188.277000,2277.012000,88.735000,3.513376,ok
8,False,121,8,0x0619d4d1900c2365,2187.957000,2276.697000,88.740000,3.513862,ok
8,False,122,8,0x0619d4d1900c2365,2187.376000,2276.380000,89.004000,3.514352,ok
8,False,123,8,0x0619d4d1900c2365,2186.928000,2275.907000,88.979000,3.515082,ok
8,False,124,8,0x0619d4d1900c2365,2166.162000,2259.046000,92.884000,3.541318,ok
8,False,125,8,0x0619d4d1900c2365,2167.306000,2259.734000,92.428000,3.540240,ok
8,False,126,8,0x0619d4d1900c2365,2139.668000,2234.868000,95.200000,3.579630,ok
8,False,127,8,0x0619d4d1900c2365,2140.568000,2240.745000,100.177000,3.570241,ok
8,False,128,8,0x0619d4d1900c2365,2137.165000,2373.094000,235.929000,3.371126,ok
8,False,129,8,0x0619d4d1900c2365,2143.747000,2370.851000,227.104000,3.374316,ok
8,False,130,8,0x0619d4d1900c2365,2278.253000,2376.840000,98.587000,3.365813,ok
8,False,131,8,0x0619d4d1900c2365,2279.187000,2378.278000,99.091000,3.363778,ok
8,False,132,8,0x0619d4d1900c2365,2287.752000,2378.926000,91.174000,3.362862,ok
8,False,133,8,0x0619d4d1900c2365,2287.517000,2378.773000,91.256000,3.363078,ok
8,False,134,8,0x0619d4d1900c2365,2288.452000,2381.290000,92.838000,3.359524,ok
8,False,135,8,0x0619d4d1900c2365,2288.700000,2380.849000,92.149000,3.360146,ok
8,False,136,8,0x0619d4d1900c2365,2288.930000,2378.600000,89.670000,3.363323,ok
8,False,137,8,0x0619d4d1900c2365,2288.785000,2378.439000,89.654000,3.363551,ok
8,False,138,8,0x0619d4d1900c2365,2288.009000,2377.687000,89.678000,3.364614,ok
8,False,139,8,0x0619d4d1900c2365,2287.651000,2377.151000,89.500000,3.365373,ok
8,False,140,8,0x0619d4d1900c2365,2289.130000,2379.635000,90.505000,3.361860,ok
8,False,141,8,0x0619d4d1900c2365,2289.064000,2379.259000,90.195000,3.362391,ok
8,False,142,8,0x0619d4d1900c2365,2288.304000,2379.024000,90.720000,3.362724,ok
8,False,143,8,0x0619d4d1900c2365,2289.397000,2379.678000,90.281000,3.361799,ok
8,False,144,8,0x0619d4d1900c2365,2289.119000,2382.977000,93.858000,3.357145,ok
8,False,145,8,0x0619d4d1900c2365,2290.810000,2383.923000,93.113000,3.355813,ok
8,False,146,8,0x0619d4d1900c2365,2293.905000,2384.845000,90.940000,3.354516,ok
8,False,147,8,0x0619d4d1900c2365,2295.347000,2385.768000,90.421000,3.353218,ok
8,False,148,8,0x0619d4d1900c2365,2292.227000,2382.689000,90.462000,3.357551,ok
8,False,149,8,0x0619d4d1900c2365,2293.359000,2383.477000,90.118000,3.356441,ok
8,False,150,8,0x0619d4d1900c2365,2293.352000,2382.936000,89.584000,3.357203,ok
8,False,151,8,0x0619d4d1900c2365,2292.988000,2382.467000,89.479000,3.357864,ok
8,False,152,8,0x0619d4d1900c2365,2294.962000,2384.849000,89.887000,3.354510,ok
8,False,153,8,0x0619d4d1900c2365,2294.347000,2384.349000,90.002000,3.355214,ok
8,False,154,8,0x0619d4d1900c2365,2295.681000,2387.772000,92.091000,3.350404,ok
8,False,155,8,0x0619d4d1900c2365,2295.344000,2387.227000,91.883000,3.351169,ok
8,False,156,8,0x0619d4d1900c2365,2294.302000,2384.488000,90.186000,3.355018,ok
8,False,157,8,0x0619d4d1900c2365,2295.250000,2385.401000,90.151000,3.353734,ok
8,False,158,8,0x0619d4d1900c2365,2290.340000,2383.937000,93.597000,3.355793,ok
8,False,159,8,0x0619d4d1900c2365,2286.481000,2380.007000,93.526000,3.361335,ok
8,False,160,8,0x0619d4d1900c2365,2142.164000,2233.521000,91.357000,3.581789,ok
8,False,161,8,0x0619d4d1900c2365,2143.276000,2234.413000,91.137000,3.580359,ok
8,False,162,8,0x0619d4d1900c2365,2134.337000,2224.566000,90.229000,3.596207,ok
8,False,163,8,0x0619d4d1900c2365,2135.451000,2225.301000,89.850000,3.595019,ok
8,False,164,8,0x0619d4d1900c2365,2134.163000,2224.360000,90.197000,3.596540,ok
8,False,165,8,0x0619d4d1900c2365,2134.072000,2224.176000,90.104000,3.596838,ok
8,False,166,8,0x0619d4d1900c2365,2131.081000,2227.892000,96.811000,3.590838,ok
8,False,167,8,0x0619d4d1900c2365,2133.625000,2228.829000,95.204000,3.589329,ok
8,False,168,8,0x0619d4d1900c2365,2139.392000,2230.670000,91.278000,3.586366,ok
8,False,169,8,0x0619d4d1900c2365,2139.345000,2230.451000,91.106000,3.586719,ok
8,False,170,8,0x0619d4d1900c2365,2141.191000,2230.786000,89.595000,3.586180,ok
8,False,171,8,0x0619d4d1900c2365,2140.967000,2230.355000,89.388000,3.586873,ok
8,False,172,8,0x0619d4d1900c2365,2140.443000,2230.910000,90.467000,3.585981,ok
8,False,173,8,0x0619d4d1900c2365,2140.178000,2230.455000,90.277000,3.586712,ok
8,False,174,8,0x0619d4d1900c2365,2140.218000,2230.461000,90.243000,3.586702,ok
8,False,175,8,0x0619d4d1900c2365,2141.212000,2232.241000,91.029000,3.583842,ok
8,False,176,8,0x0619d4d1900c2365,2139.676000,2233.329000,93.653000,3.582097,ok
8,False,177,8,0x0619d4d1900c2365,2139.180000,2233.247000,94.067000,3.582228,ok
8,False,178,8,0x0619d4d1900c2365,2143.683000,2234.131000,90.448000,3.580811,ok
8,False,179,8,0x0619d4d1900c2365,2143.498000,2233.464000,89.966000,3.581880,ok
8,False,180,8,0x0619d4d1900c2365,2144.760000,2236.727000,91.967000,3.576655,ok
8,False,181,8,0x0619d4d1900c2365,2144.413000,2236.323000,91.910000,3.577301,ok
8,False,182,8,0x0619d4d1900c2365,2146.614000,2238.243000,91.629000,3.574232,ok
8,False,183,8,0x0619d4d1900c2365,2146.841000,2237.971000,91.130000,3.574667,ok
8,False,184,8,0x0619d4d1900c2365,2149.348000,2239.645000,90.297000,3.571995,ok
8,False,185,8,0x0619d4d1900c2365,2149.163000,2239.768000,90.605000,3.571799,ok
8,False,186,8,0x0619d4d1900c2365,2147.814000,2237.867000,90.053000,3.574833,ok
8,False,187,8,0x0619d4d1900c2365,2148.751000,2238.765000,90.014000,3.573399,ok
8,False,188,8,0x0619d4d1900c2365,2148.159000,2238.718000,90.559000,3.573474,ok
8,False,189,8,0x0619d4d1900c2365,2147.750000,2238.361000,90.611000,3.574044,ok
8,False,190,8,0x0619d4d1900c2365,2146.531000,2241.351000,94.820000,3.569276,ok
8,False,191,8,0x0619d4d1900c2365,2146.181000,2240.884000,94.703000,3.570020,ok
8,False,192,8,0x0619d4d1900c2365,2149.188000,2241.338000,92.150000,3.569297,ok
8,False,193,8,0x0619d4d1900c2365,2149.236000,2241.028000,91.792000,3.569790,ok
8,False,194,8,0x0619d4d1900c2365,2151.173000,2242.898000,91.725000,3.566814,ok
8,False,195,8,0x0619d4d1900c2365,2152.119000,2243.742000,91.623000,3.565472,ok
8,False,196,8,0x0619d4d1900c2365,2152.952000,2244.434000,91.482000,3.564373,ok
8,False,197,8,0x0619d4d1900c2365,2153.810000,2245.164000,91.354000,3.563214,ok
8,False,198,8,0x0619d4d1900c2365,2148.464000,2240.337000,91.873000,3.570891,ok
8,False,199,8,0x0619d4d1900c2365,2148.482000,2238.521000,90.039000,3.573788,ok
9,False,0,8,0x0619d4d1900c2365,53.031000,135.839000,82.808000,58.893249,ok
9,False,1,8,0x0619d4d1900c2365,53.032000,135.837000,82.805000,58.894116,ok
9,False,2,8,0x0619d4d1900c2365,181.488000,266.522000,85.034000,30.016284,ok
9,False,3,8,0x0619d4d1900c2365,181.487000,266.522000,85.035000,30.016284,ok
9,False,4,8,0x0619d4d1900c2365,312.990000,399.037000,86.047000,20.048266,ok
9,False,5,8,0x0619d4d1900c2365,312.914000,399.037000,86.123000,20.048266,ok
9,False,6,8,0x0619d4d1900c2365,446.156000,533.871000,87.715000,14.984893,ok
9,False,7,8,0x0619d4d1900c2365,446.156000,533.871000,87.715000,14.984893,ok
9,False,8,8,0x0619d4d1900c2365,581.414000,670.029000,88.615000,11.939782,ok
9,False,9,8,0x0619d4d1900c2365,581.642000,670.029000,88.387000,11.939782,ok
9,False,10,8,0x0619d4d1900c2365,717.656000,805.793000,88.137000,9.928108,ok
9,False,11,8,0x0619d4d1900c2365,717.656000,805.791000,88.135000,9.928133,ok
9,False,12,8,0x0619d4d1900c2365,853.947000,947.189000,93.242000,8.446044,ok
9,False,13,8,0x0619d4d1900c2365,853.947000,947.199000,93.252000,8.445955,ok
9,False,14,8,0x0619d4d1900c2365,995.196000,1087.600000,92.404000,7.355645,ok
9,False,15,8,0x0619d4d1900c2365,995.196000,1087.510000,92.314000,7.356254,ok
9,False,16,8,0x0619d4d1900c2365,1135.169000,1233.447000,98.278000,6.485889,ok
9,False,17,8,0x0619d4d1900c2365,1135.169000,1233.503000,98.334000,6.485594,ok
9,False,18,8,0x0619d4d1900c2365,1281.254000,1371.315000,90.061000,5.833816,ok
9,False,19,8,0x0619d4d1900c2365,1281.254000,1371.315000,90.061000,5.833816,ok
9,False,20,8,0x0619d4d1900c2365,1419.996000,1508.427000,88.431000,5.303538,ok
9,False,21,8,0x0619d4d1900c2365,1419.996000,1508.490000,88.494000,5.303317,ok
9,False,22,8,0x0619d4d1900c2365,1556.619000,1645.795000,89.176000,4.860873,ok
9,False,23,8,0x0619d4d1900c2365,1556.619000,1645.795000,89.176000,4.860873,ok
9,False,24,8,0x0619d4d1900c2365,1694.321000,1783.332000,89.011000,4.485985,ok
9,False,25,8,0x0619d4d1900c2365,1694.320000,1783.332000,89.012000,4.485985,ok
9,False,26,8,0x0619d4d1900c2365,1831.279000,1920.452000,89.173000,4.165686,ok
9,False,27,8,0x0619d4d1900c2365,1831.334000,1920.452000,89.118000,4.165686,ok
9,False,28,8,0x0619d4d1900c2365,1968.554000,2057.087000,88.533000,3.888994,ok
9,False,29,8,0x0619d4d1900c2365,1968.550000,2057.085000,88.535000,3.888998,ok
9,False,30,8,0x0619d4d1900c2365,2105.565000,2196.554000,90.989000,3.642068,ok
9,False,31,8,0x0619d4d1900c2365,2105.564000,2196.554000,90.990000,3.642068,ok
9,False,32,8,0x0619d4d1900c2365,2108.268000,2197.644000,89.376000,3.640262,ok
9,False,33,8,0x0619d4d1900c2365,2108.267000,2197.643000,89.376000,3.640264,ok
9,False,34,8,0x0619d4d1900c2365,2116.077000,2204.660000,88.583000,3.628677,ok
9,False,35,8,0x0619d4d1900c2365,2116.076000,2204.659000,88.583000,3.628679,ok
9,False,36,8,0x0619d4d1900c2365,2120.799000,2212.012000,91.213000,3.616617,ok
9,False,37,8,0x0619d4d1900c2365,2120.795000,2212.012000,91.217000,3.616617,ok
9,False,38,8,0x0619d4d1900c2365,2125.435000,2214.778000,89.343000,3.612100,ok
9,False,39,8,0x0619d4d1900c2365,2125.433000,2214.776000,89.343000,3.612103,ok
9,False,40,8,0x0619d4d1900c2365,2127.296000,2216.040000,88.744000,3.610043,ok
9,False,41,8,0x0619d4d1900c2365,2127.295000,2216.040000,88.745000,3.610043,ok
9,False,42,8,0x0619d4d1900c2365,2128.265000,2217.064000,88.799000,3.608376,ok
9,False,43,8,0x0619d4d1900c2365,2128.184000,2217.062000,88.878000,3.608379,ok
9,False,44,8,0x0619d4d1900c2365,2124.517000,2229.512000,104.995000,3.588229,ok
9,False,45,8,0x0619d4d1900c2365,2126.382000,2229.586000,103.204000,3.588110,ok
9,False,46,8,0x0619d4d1900c2365,2136.921000,2227.470000,90.549000,3.591519,ok
9,False,47,8,0x0619d4d1900c2365,2136.984000,2227.468000,90.484000,3.591522,ok
9,False,48,8,0x0619d4d1900c2365,2130.048000,2219.302000,89.254000,3.604737,ok
9,False,49,8,0x0619d4d1900c2365,2130.047000,2219.308000,89.261000,3.604727,ok
9,False,50,8,0x0619d4d1900c2365,2134.088000,2246.437000,112.349000,3.561195,ok
9,False,51,8,0x0619d4d1900c2365,2133.294000,2249.290000,115.996000,3.556678,ok
9,False,52,8,0x0619d4d1900c2365,2162.812000,2279.873000,117.061000,3.508967,ok
9,False,53,8,0x0619d4d1900c2365,2171.611000,2289.941000,118.330000,3.493540,ok
9,False,54,8,0x0619d4d1900c2365,2202.934000,2324.654000,121.720000,3.441372,ok
9,False,55,8,0x0619d4d1900c2365,2204.557000,2326.011000,121.454000,3.439365,ok
9,False,56,8,0x0619d4d1900c2365,2245.763000,2471.494000,225.731000,3.236909,ok
9,False,57,8,0x0619d4d1900c2365,2245.916000,2475.815000,229.899000,3.231259,ok
9,False,58,8,0x0619d4d1900c2365,2386.976000,2494.553000,107.577000,3.206987,ok
9,False,59,8,0x0619d4d1900c2365,2389.934000,2495.097000,105.163000,3.206288,ok
9,False,60,8,0x0619d4d1900c2365,2410.136000,2518.059000,107.923000,3.177050,ok
9,False,61,8,0x0619d4d1900c2365,2410.376000,2518.133000,107.757000,3.176957,ok
9,False,62,8,0x0619d4d1900c2365,2431.287000,2540.081000,108.794000,3.149506,ok
9,False,63,8,0x0619d4d1900c2365,2429.793000,2540.191000,110.398000,3.149369,ok
9,False,64,8,0x0619d4d1900c2365,2452.125000,2546.239000,94.114000,3.141889,ok
9,False,65,8,0x0619d4d1900c2365,2452.763000,2546.238000,93.475000,3.141890,ok
9,False,66,8,0x0619d4d1900c2365,2457.702000,2549.623000,91.921000,3.137719,ok
9,False,67,8,0x0619d4d1900c2365,2457.607000,2549.622000,92.015000,3.137720,ok
9,False,68,8,0x0619d4d1900c2365,2459.279000,2549.911000,90.632000,3.137364,ok
9,False,69,8,0x0619d4d1900c2365,2459.277000,2549.907000,90.630000,3.137369,ok
9,False,70,8,0x0619d4d1900c2365,2461.697000,2555.535000,93.838000,3.130460,ok
9,False,71,8,0x0619d4d1900c2365,2461.063000,2555.534000,94.471000,3.130461,ok
9,False,72,8,0x0619d4d1900c2365,2474.599000,2582.716000,108.117000,3.097514,ok
9,False,73,8,0x0619d4d1900c2365,2476.500000,2582.643000,106.143000,3.097602,ok
9,False,74,8,0x0619d4d1900c2365,2498.888000,2620.876000,121.988000,3.052415,ok
9,False,75,8,0x0619d4d1900c2365,2498.307000,2624.130000,125.823000,3.048629,ok
9,False,76,8,0x0619d4d1900c2365,2519.287000,2644.806000,125.519000,3.024797,ok
9,False,77,8,0x0619d4d1900c2365,2522.442000,2645.117000,122.675000,3.024441,ok
9,False,78,8,0x0619d4d1900c2365,2554.864000,2647.123000,92.259000,3.022149,ok
9,False,79,8,0x0619d4d1900c2365,2555.172000,2647.119000,91.947000,3.022154,ok
9,False,80,8,0x0619d4d1900c2365,2559.093000,2649.448000,90.355000,3.019497,ok
9,False,81,8,0x0619d4d1900c2365,2559.020000,2649.446000,90.426000,3.019499,ok
9,False,82,8,0x0619d4d1900c2365,2534.163000,2624.748000,90.585000,3.047912,ok
9,False,83,8,0x0619d4d1900c2365,2530.437000,2621.020000,90.583000,3.052247,ok
9,False,84,8,0x0619d4d1900c2365,2503.424000,2594.131000,90.707000,3.083884,ok
9,False,85,8,0x0619d4d1900c2365,2493.419000,2584.125000,90.706000,3.095825,ok
9,False,86,8,0x0619d4d1900c2365,2461.510000,2551.836000,90.326000,3.134998,ok
9,False,87,8,0x0619d4d1900c2365,2460.153000,2550.563000,90.410000,3.136562,ok
9,False,88,8,0x0619d4d1900c2365,2315.417000,2406.061000,90.644000,3.324936,ok
9,False,89,8,0x0619d4d1900c2365,2311.608000,2402.253000,90.645000,3.330207,ok
9,False,90,8,0x0619d4d1900c2365,2295.644000,2385.399000,89.755000,3.353737,ok
9,False,91,8,0x0619d4d1900c2365,2295.644000,2385.398000,89.754000,3.353738,ok
9,False,92,8,0x0619d4d1900c2365,2273.629000,2363.982000,90.353000,3.384121,ok
9,False,93,8,0x0619d4d1900c2365,2273.628000,2363.981000,90.353000,3.384122,ok
9,False,94,8,0x0619d4d1900c2365,2252.916000,2343.323000,90.407000,3.413955,ok
9,False,95,8,0x0619d4d1900c2365,2252.915000,2343.323000,90.408000,3.413955,ok
9,False,96,8,0x0619d4d1900c2365,2248.001000,2338.331000,90.330000,3.421244,ok
9,False,97,8,0x0619d4d1900c2365,2248.000000,2338.330000,90.330000,3.421245,ok
9,False,98,8,0x0619d4d1900c2365,2246.470000,2338.847000,92.377000,3.420489,ok
9,False,99,8,0x0619d4d1900c2365,2246.563000,2338.847000,92.284000,3.420489,ok
9,False,100,8,0x0619d4d1900c2365,2247.768000,2338.741000,90.973000,3.420644,ok
9,False,101,8,0x0619d4d1900c2365,2247.766000,2338.740000,90.974000,3.420645,ok
9,False,102,8,0x0619d4d1900c2365,2244.093000,2334.052000,89.959000,3.427516,ok
9,False,103,8,0x0619d4d1900c2365,2244.092000,2334.051000,89.959000,3.427517,ok
9,False,104,8,0x0619d4d1900c2365,2219.629000,2309.647000,90.018000,3.463733,ok
9,False,105,8,0x0619d4d1900c2365,2219.625000,2309.645000,90.020000,3.463736,ok
9,False,106,8,0x0619d4d1900c2365,2184.679000,2279.021000,94.342000,3.510279,ok
9,False,107,8,0x0619d4d1900c2365,2180.873000,2274.836000,93.963000,3.516737,ok
9,False,108,8,0x0619d4d1900c2365,2157.489000,2275.136000,117.647000,3.516273,ok
9,False,109,8,0x0619d4d1900c2365,2157.562000,2275.919000,118.357000,3.515064,ok
9,False,110,8,0x0619d4d1900c2365,2190.422000,2304.684000,114.262000,3.471192,ok
9,False,111,8,0x0619d4d1900c2365,2190.365000,2307.193000,116.828000,3.467417,ok
9,False,112,8,0x0619d4d1900c2365,2221.727000,2331.441000,109.714000,3.431354,ok
9,False,113,8,0x0619d4d1900c2365,2223.909000,2340.445000,116.536000,3.418153,ok
9,False,114,8,0x0619d4d1900c2365,2247.722000,2360.542000,112.820000,3.389052,ok
9,False,115,8,0x0619d4d1900c2365,2263.690000,2378.852000,115.162000,3.362967,ok
9,False,116,8,0x0619d4d1900c2365,2279.972000,2396.944000,116.972000,3.337583,ok
9,False,117,8,0x0619d4d1900c2365,2298.017000,2416.673000,118.656000,3.310336,ok
9,False,118,8,0x0619d4d1900c2365,2307.360000,2425.957000,118.597000,3.297668,ok
9,False,119,8,0x0619d4d1900c2365,2327.599000,2445.359000,117.760000,3.271503,ok
9,False,120,8,0x0619d4d1900c2365,2334.871000,2450.558000,115.687000,3.264563,ok
9,False,121,8,0x0619d4d1900c2365,2354.928000,2471.843000,116.915000,3.236452,ok
9,False,122,8,0x0619d4d1900c2365,2377.551000,2492.640000,115.089000,3.209449,ok
9,False,123,8,0x0619d4d1900c2365,2390.558000,2506.453000,115.895000,3.191761,ok
9,False,124,8,0x0619d4d1900c2365,2403.058000,2498.074000,95.016000,3.202467,ok
9,False,125,8,0x0619d4d1900c2365,2417.248000,2511.743000,94.495000,3.185039,ok
9,False,126,8,0x0619d4d1900c2365,2409.355000,2501.539000,92.184000,3.198031,ok
9,False,127,8,0x0619d4d1900c2365,2423.302000,2515.217000,91.915000,3.180640,ok
9,False,128,8,0x0619d4d1900c2365,2411.581000,2503.950000,92.369000,3.194952,ok
9,False,129,8,0x0619d4d1900c2365,2425.342000,2517.544000,92.202000,3.177700,ok
9,False,130,8,0x0619d4d1900c2365,2412.270000,2503.886000,91.616000,3.195034,ok
9,False,131,8,0x0619d4d1900c2365,2426.136000,2517.471000,91.335000,3.177792,ok
9,False,132,8,0x0619d4d1900c2365,2413.968000,2505.824000,91.856000,3.192563,ok
9,False,133,8,0x0619d4d1900c2365,2427.879000,2519.417000,91.538000,3.175338,ok
9,False,134,8,0x0619d4d1900c2365,2415.366000,2507.009000,91.643000,3.191054,ok
9,False,135,8,0x0619d4d1900c2365,2429.165000,2520.595000,91.430000,3.173854,ok
9,False,136,8,0x0619d4d1900c2365,2416.902000,2508.601000,91.699000,3.189028,ok
9,False,137,8,0x0619d4d1900c2365,2430.795000,2522.197000,91.402000,3.171838,ok
9,False,138,8,0x0619d4d1900c2365,2414.802000,2507.482000,92.680000,3.190452,ok
9,False,139,8,0x0619d4d1900c2365,2428.568000,2521.115000,92.547000,3.173199,ok
9,False,140,8,0x0619d4d1900c2365,2383.856000,2477.768000,93.912000,3.228712,ok
9,False,141,8,0x0619d4d1900c2365,2397.563000,2491.382000,93.819000,3.211069,ok
9,False,142,8,0x0619d4d1900c2365,2355.798000,2448.171000,92.373000,3.267746,ok
9,False,143,8,0x0619d4d1900c2365,2367.077000,2459.136000,92.059000,3.253175,ok
9,False,144,8,0x0619d4d1900c2365,2330.042000,2423.160000,93.118000,3.301474,ok
9,False,145,8,0x0619d4d1900c2365,2335.300000,2427.903000,92.603000,3.295025,ok
9,False,146,8,0x0619d4d1900c2365,2312.334000,2428.785000,116.451000,3.293828,ok
9,False,147,8,0x0619d4d1900c2365,2307.434000,2420.563000,113.129000,3.305016,ok
9,False,148,8,0x0619d4d1900c2365,2388.209000,2511.041000,122.832000,3.185930,ok
9,False,149,8,0x0619d4d1900c2365,2379.311000,2500.834000,121.523000,3.198933,ok
9,False,150,8,0x0619d4d1900c2365,2392.983000,2513.628000,120.645000,3.182651,ok
9,False,151,8,0x0619d4d1900c2365,2383.073000,2503.395000,120.322000,3.195660,ok
9,False,152,8,0x0619d4d1900c2365,2397.256000,2516.306000,119.050000,3.179264,ok
9,False,153,8,0x0619d4d1900c2365,2387.025000,2506.820000,119.795000,3.191294,ok
9,False,154,8,0x0619d4d1900c2365,2384.195000,2494.156000,109.961000,3.207498,ok
9,False,155,8,0x0619d4d1900c2365,2383.667000,2495.273000,111.606000,3.206062,ok
9,False,156,8,0x0619d4d1900c2365,2399.631000,2500.250000,100.619000,3.199680,ok
9,False,157,8,0x0619d4d1900c2365,2399.642000,2500.129000,100.487000,3.199835,ok
9,False,158,8,0x0619d4d1900c2365,2407.171000,2504.054000,96.883000,3.194819,ok
9,False,159,8,0x0619d4d1900c2365,2407.988000,2503.966000,95.978000,3.194932,ok
9,False,160,8,0x0619d4d1900c2365,2411.743000,2504.063000,92.320000,3.194808,ok
9,False,161,8,0x0619d4d1900c2365,2411.718000,2503.696000,91.978000,3.195276,ok
9,False,162,8,0x0619d4d1900c2365,2412.551000,2504.863000,92.312000,3.193787,ok
9,False,163,8,0x0619d4d1900c2365,2413.579000,2505.700000,92.121000,3.192721,ok
9,False,164,8,0x0619d4d1900c2365,2413.276000,2507.320000,94.044000,3.190658,ok
9,False,165,8,0x0619d4d1900c2365,2413.139000,2506.917000,93.778000,3.191171,ok
9,False,166,8,0x0619d4d1900c2365,2415.767000,2508.046000,92.279000,3.189734,ok
9,False,167,8,0x0619d4d1900c2365,2415.705000,2507.696000,91.991000,3.190179,ok
9,False,168,8,0x0619d4d1900c2365,2415.887000,2508.750000,92.863000,3.188839,ok
9,False,169,8,0x0619d4d1900c2365,2416.937000,2509.623000,92.686000,3.187730,ok
9,False,170,8,0x0619d4d1900c2365,2416.155000,2508.811000,92.656000,3.188762,ok
9,False,171,8,0x0619d4d1900c2365,2417.389000,2509.773000,92.384000,3.187539,ok
9,False,172,8,0x0619d4d1900c2365,2415.588000,2507.319000,91.731000,3.190659,ok
9,False,173,8,0x0619d4d1900c2365,2416.120000,2507.596000,91.476000,3.190307,ok
9,False,174,8,0x0619d4d1900c2365,2414.870000,2508.242000,93.372000,3.189485,ok
9,False,175,8,0x0619d4d1900c2365,2415.844000,2509.182000,93.338000,3.188290,ok
9,False,176,8,0x0619d4d1900c2365,2415.803000,2507.848000,92.045000,3.189986,ok
9,False,177,8,0x0619d4d1900c2365,2415.946000,2507.541000,91.595000,3.190377,ok
9,False,178,8,0x0619d4d1900c2365,2384.719000,2476.944000,92.225000,3.229786,ok
9,False,179,8,0x0619d4d1900c2365,2385.844000,2477.896000,92.052000,3.228546,ok
9,False,180,8,0x0619d4d1900c2365,2267.651000,2359.522000,91.871000,3.390517,ok
9,False,181,8,0x0619d4d1900c2365,2271.240000,2363.500000,92.260000,3.384811,ok
9,False,182,8,0x0619d4d1900c2365,2238.293000,2340.917000,102.624000,3.417464,ok
9,False,183,8,0x0619d4d1900c2365,2243.342000,2344.419000,101.077000,3.412359,ok
9,False,184,8,0x0619d4d1900c2365,2221.932000,2314.416000,92.484000,3.456596,ok
9,False,185,8,0x0619d4d1900c2365,2224.531000,2316.659000,92.128000,3.453249,ok
9,False,186,8,0x0619d4d1900c2365,2205.184000,2297.321000,92.137000,3.482317,ok
9,False,187,8,0x0619d4d1900c2365,2205.040000,2296.901000,91.861000,3.482954,ok
9,False,188,8,0x0619d4d1900c2365,2196.017000,2288.313000,92.296000,3.496025,ok
9,False,189,8,0x0619d4d1900c2365,2196.120000,2288.170000,92.050000,3.496244,ok
9,False,190,8,0x0619d4d1900c2365,2192.230000,2285.408000,93.178000,3.500469,ok
9,False,191,8,0x0619d4d1900c2365,2191.980000,2284.995000,93.015000,3.501102,ok
9,False,192,8,0x0619d4d1900c2365,2192.313000,2284.639000,92.326000,3.501647,ok
9,False,193,8,0x0619d4d1900c2365,2193.057000,2285.478000,92.421000,3.500362,ok
9,False,194,8,0x0619d4d1900c2365,2192.812000,2285.093000,92.281000,3.500952,ok
9,False,195,8,0x0619d4d1900c2365,2192.654000,2284.687000,92.033000,3.501574,ok
9,False,196,8,0x0619d4d1900c2365,2191.438000,2283.707000,92.269000,3.503076,ok
9,False,197,8,0x0619d4d1900c2365,2191.369000,2283.367000,91.998000,3.503598,ok
9,False,198,8,0x0619d4d1900c2365,2191.412000,2286.286000,94.874000,3.499125,ok
9,False,199,8,0x0619d4d1900c2365,2190.879000,2285.030000,94.151000,3.501048,ok
10,False,0,8,0x0619d4d1900c2365,52.594000,135.212000,82.618000,59.166346,ok
10,False,1,8,0x0619d4d1900c2365,52.593000,135.211000,82.618000,59.166784,ok
10,False,2,8,0x0619d4d1900c2365,182.957000,270.644000,87.687000,29.559126,ok
10,False,3,8,0x0619d4d1900c2365,182.843000,270.644000,87.801000,29.559126,ok
10,False,4,8,0x0619d4d1900c2365,318.672000,407.584000,88.912000,19.627856,ok
10,False,5,8,0x0619d4d1900c2365,318.745000,407.584000,88.839000,19.627856,ok
10,False,6,8,0x0619d4d1900c2365,456.565000,546.924000,90.359000,14.627261,ok
10,False,7,8,0x0619d4d1900c2365,456.645000,546.923000,90.278000,14.627288,ok
10,False,8,8,0x0619d4d1900c2365,596.588000,689.743000,93.155000,11.598523,ok
10,False,9,8,0x0619d4d1900c2365,596.587000,689.743000,93.156000,11.598523,ok
10,False,10,8,0x0619d4d1900c2365,740.085000,844.243000,104.158000,9.475945,ok
10,False,11,8,0x0619d4d1900c2365,740.085000,844.243000,104.158000,9.475945,ok
10,False,12,8,0x0619d4d1900c2365,895.188000,989.215000,94.027000,8.087221,ok
10,False,13,8,0x0619d4d1900c2365,895.188000,989.214000,94.026000,8.087229,ok
10,False,14,8,0x0619d4d1900c2365,1040.072000,1144.368000,104.296000,6.990758,ok
10,False,15,8,0x0619d4d1900c2365,1040.072000,1144.368000,104.296000,6.990758,ok
10,False,16,8,0x0619d4d1900c2365,1195.003000,1287.570000,92.567000,6.213254,ok
10,False,17,8,0x0619d4d1900c2365,1195.003000,1287.570000,92.567000,6.213254,ok
10,False,18,8,0x0619d4d1900c2365,1338.123000,1434.844000,96.721000,5.575519,ok
10,False,19,8,0x0619d4d1900c2365,1338.122000,1434.945000,96.823000,5.575127,ok
10,False,20,8,0x0619d4d1900c2365,1485.435000,1582.256000,96.821000,5.056072,ok
10,False,21,8,0x0619d4d1900c2365,1485.435000,1582.256000,96.821000,5.056072,ok
10,False,22,8,0x0619d4d1900c2365,1633.094000,1727.310000,94.216000,4.631479,ok
10,False,23,8,0x0619d4d1900c2365,1633.094000,1727.198000,94.104000,4.631779,ok
10,False,24,8,0x0619d4d1900c2365,1777.971000,1871.295000,93.324000,4.275114,ok
10,False,25,8,0x0619d4d1900c2365,1777.971000,1871.295000,93.324000,4.275114,ok
10,False,26,8,0x0619d4d1900c2365,1923.070000,2020.158000,97.088000,3.960086,ok
10,False,27,8,0x0619d4d1900c2365,1923.165000,2020.131000,96.966000,3.960139,ok
10,False,28,8,0x0619d4d1900c2365,2071.331000,2164.885000,93.554000,3.695346,ok
10,False,29,8,0x0619d4d1900c2365,2071.331000,2164.884000,93.553000,3.695348,ok
10,False,30,8,0x0619d4d1900c2365,2216.111000,2310.033000,93.922000,3.463154,ok
10,False,31,8,0x0619d4d1900c2365,2216.111000,2310.034000,93.923000,3.463152,ok
10,False,32,8,0x0619d4d1900c2365,2225.521000,2321.899000,96.378000,3.445456,ok
10,False,33,8,0x0619d4d1900c2365,2225.438000,2321.897000,96.459000,3.445459,ok
10,False,34,8,0x0619d4d1900c2365,2237.779000,2332.526000,94.747000,3.429758,ok
10,False,35,8,0x0619d4d1900c2365,2237.778000,2332.522000,94.744000,3.429764,ok
10,False,36,8,0x0619d4d1900c2365,2247.220000,2341.476000,94.256000,3.416648,ok
10,False,37,8,0x0619d4d1900c2365,2247.219000,2341.475000,94.256000,3.416650,ok
10,False,38,8,0x0619d4d1900c2365,2253.081000,2348.732000,95.651000,3.406093,ok
10,False,39,8,0x0619d4d1900c2365,2253.081000,2348.641000,95.560000,3.406225,ok
10,False,40,8,0x0619d4d1900c2365,2257.857000,2354.533000,96.676000,3.397701,ok
10,False,41,8,0x0619d4d1900c2365,2257.774000,2354.531000,96.757000,3.397704,ok
10,False,42,8,0x0619d4d1900c2365,2251.523000,2362.431000,110.908000,3.386342,ok
10,False,43,8,0x0619d4d1900c2365,2251.522000,2362.430000,110.908000,3.386344,ok
10,False,44,8,0x0619d4d1900c2365,2268.466000,2364.429000,95.963000,3.383481,ok
10,False,45,8,0x0619d4d1900c2365,2268.464000,2364.523000,96.059000,3.383346,ok
10,False,46,8,0x0619d4d1900c2365,2260.469000,2359.384000,98.915000,3.390716,ok
10,False,47,8,0x0619d4d1900c2365,2260.467000,2359.473000,99.006000,3.390588,ok
10,False,48,8,0x0619d4d1900c2365,2268.381000,2366.322000,97.941000,3.380774,ok
10,False,49,8,0x0619d4d1900c2365,2268.474000,2366.322000,97.848000,3.380774,ok
10,False,50,8,0x0619d4d1900c2365,2270.600000,2366.612000,96.012000,3.380360,ok
10,False,51,8,0x0619d4d1900c2365,2270.599000,2366.523000,95.924000,3.380487,ok
10,False,52,8,0x0619d4d1900c2365,2269.884000,2365.227000,95.343000,3.382339,ok
10,False,53,8,0x0619d4d1900c2365,2269.882000,2365.226000,95.344000,3.382341,ok
10,False,54,8,0x0619d4d1900c2365,2272.222000,2370.283000,98.061000,3.375124,ok
10,False,55,8,0x0619d4d1900c2365,2272.221000,2370.280000,98.059000,3.375129,ok
10,False,56,8,0x0619d4d1900c2365,2279.107000,2379.134000,100.027000,3.362568,ok
10,False,57,8,0x0619d4d1900c2365,2279.106000,2379.133000,100.027000,3.362569,ok
10,False,58,8,0x0619d4d1900c2365,2282.550000,2380.580000,98.030000,3.360526,ok
10,False,59,8,0x0619d4d1900c2365,2282.548000,2380.578000,98.030000,3.360528,ok
10,False,60,8,0x0619d4d1900c2365,2289.834000,2387.860000,98.026000,3.350280,ok
10,False,61,8,0x0619d4d1900c2365,2289.832000,2387.859000,98.027000,3.350282,ok
10,False,62,8,0x0619d4d1900c2365,2295.116000,2394.244000,99.128000,3.341347,ok
10,False,63,8,0x0619d4d1900c2365,2295.117000,2394.243000,99.126000,3.341348,ok
10,False,64,8,0x0619d4d1900c2365,2301.429000,2401.905000,100.476000,3.330690,ok
10,False,65,8,0x0619d4d1900c2365,2301.428000,2401.905000,100.477000,3.330690,ok
10,False,66,8,0x0619d4d1900c2365,2309.579000,2411.850000,102.271000,3.316956,ok
10,False,67,8,0x0619d4d1900c2365,2309.578000,2411.543000,101.965000,3.317378,ok
10,False,68,8,0x0619d4d1900c2365,2319.009000,2429.782000,110.773000,3.292476,ok
10,False,69,8,0x0619d4d1900c2365,2318.106000,2430.871000,112.765000,3.291001,ok
10,False,70,8,0x0619d4d1900c2365,2336.661000,2442.684000,106.023000,3.275086,ok
10,False,71,8,0x0619d4d1900c2365,2337.409000,2442.684000,105.275000,3.275086,ok
10,False,72,8,0x0619d4d1900c2365,2347.317000,2448.242000,100.925000,3.267651,ok
10,False,73,8,0x0619d4d1900c2365,2347.203000,2448.240000,101.037000,3.267653,ok
10,False,74,8,0x0619d4d1900c2365,2339.522000,2442.317000,102.795000,3.275578,ok
10,False,75,8,0x0619d4d1900c2365,2339.520000,2442.222000,102.702000,3.275705,ok
10,False,76,8,0x0619d4d1900c2365,2347.889000,2448.581000,100.692000,3.267198,ok
10,False,77,8,0x0619d4d1900c2365,2347.887000,2448.481000,100.594000,3.267332,ok
10,False,78,8,0x0619d4d1900c2365,2351.922000,2451.736000,99.814000,3.262994,ok
10,False,79,8,0x0619d4d1900c2365,2351.920000,2451.735000,99.815000,3.262995,ok
10,False,80,8,0x0619d4d1900c2365,2355.627000,2458.636000,103.009000,3.253837,ok
10,False,81,8,0x0619d4d1900c2365,2355.530000,2458.635000,103.105000,3.253838,ok
10,False,82,8,0x0619d4d1900c2365,2365.649000,2466.702000,101.053000,3.243197,ok
10,False,83,8,0x0619d4d1900c2365,2365.647000,2466.700000,101.053000,3.243199,ok
10,False,84,8,0x0619d4d1900c2365,2374.126000,2475.990000,101.864000,3.231031,ok
10,False,85,8,0x0619d4d1900c2365,2374.124000,2475.987000,101.863000,3.231035,ok
10,False,86,8,0x0619d4d1900c2365,2380.935000,2483.398000,102.463000,3.221393,ok
10,False,87,8,0x0619d4d1900c2365,2380.934000,2483.396000,102.462000,3.221395,ok
10,False,88,8,0x0619d4d1900c2365,2383.883000,2489.127000,105.244000,3.213978,ok
10,False,89,8,0x0619d4d1900c2365,2383.766000,2489.002000,105.236000,3.214140,ok
10,False,90,8,0x0619d4d1900c2365,2392.582000,2494.610000,102.028000,3.206914,ok
10,False,91,8,0x0619d4d1900c2365,2392.582000,2494.611000,102.029000,3.206913,ok
10,False,92,8,0x0619d4d1900c2365,2395.764000,2497.053000,101.289000,3.203777,ok
10,False,93,8,0x0619d4d1900c2365,2395.762000,2497.051000,101.289000,3.203779,ok
10,False,94,8,0x0619d4d1900c2365,2398.815000,2515.101000,116.286000,3.180787,ok
10,False,95,8,0x0619d4d1900c2365,2398.817000,2515.417000,116.600000,3.180387,ok
10,False,96,8,0x0619d4d1900c2365,2413.576000,2514.736000,101.160000,3.181248,ok
10,False,97,8,0x0619d4d1900c2365,2413.575000,2514.734000,101.159000,3.181251,ok
10,False,98,8,0x0619d4d1900c2365,2411.166000,2515.303000,104.137000,3.180531,ok
10,False,99,8,0x0619d4d1900c2365,2411.137000,2515.302000,104.165000,3.180533,ok
10,False,100,8,0x0619d4d1900c2365,2405.076000,2505.938000,100.862000,3.192417,ok
10,False,101,8,0x0619d4d1900c2365,2403.787000,2504.649000,100.862000,3.194060,ok
10,False,102,8,0x0619d4d1900c2365,2401.207000,2500.137000,98.930000,3.199825,ok
10,False,103,8,0x0619d4d1900c2365,2401.205000,2500.136000,98.931000,3.199826,ok
10,False,104,8,0x0619d4d1900c2365,2399.031000,2499.537000,100.506000,3.200593,ok
10,False,105,8,0x0619d4d1900c2365,2399.030000,2499.535000,100.505000,3.200595,ok
10,False,106,8,0x0619d4d1900c2365,2397.489000,2497.665000,100.176000,3.202992,ok
10,False,107,8,0x0619d4d1900c2365,2397.388000,2497.663000,100.275000,3.202994,ok
10,False,108,8,0x0619d4d1900c2365,2397.257000,2498.965000,101.708000,3.201325,ok
10,False,109,8,0x0619d4d1900c2365,2397.257000,2498.964000,101.707000,3.201327,ok
10,False,110,8,0x0619d4d1900c2365,2399.657000,2498.836000,99.179000,3.201491,ok
10,False,111,8,0x0619d4d1900c2365,2399.655000,2498.834000,99.179000,3.201493,ok
10,False,112,8,0x0619d4d1900c2365,2395.804000,2496.366000,100.562000,3.204658,ok
10,False,113,8,0x0619d4d1900c2365,2395.802000,2496.361000,100.559000,3.204665,ok
10,False,114,8,0x0619d4d1900c2365,2395.266000,2497.931000,102.665000,3.202651,ok
10,False,115,8,0x0619d4d1900c2365,2395.264000,2497.929000,102.665000,3.202653,ok
10,False,116,8,0x0619d4d1900c2365,2396.552000,2498.711000,102.159000,3.201651,ok
10,False,117,8,0x0619d4d1900c2365,2396.550000,2498.614000,102.064000,3.201775,ok
10,False,118,8,0x0619d4d1900c2365,2395.158000,2494.123000,98.965000,3.207540,ok
10,False,119,8,0x0619d4d1900c2365,2395.157000,2494.120000,98.963000,3.207544,ok
10,False,120,8,0x0619d4d1900c2365,2388.583000,2489.418000,100.835000,3.213603,ok
10,False,121,8,0x0619d4d1900c2365,2388.579000,2489.417000,100.838000,3.213604,ok
10,False,122,8,0x0619d4d1900c2365,2387.830000,2495.400000,107.570000,3.205899,ok
10,False,123,8,0x0619d4d1900c2365,2386.834000,2495.506000,108.672000,3.205763,ok
10,False,124,8,0x0619d4d1900c2365,2394.697000,2497.730000,103.033000,3.202908,ok
10,False,125,8,0x0619d4d1900c2365,2394.695000,2497.625000,102.930000,3.203043,ok
10,False,126,8,0x0619d4d1900c2365,2381.009000,2480.799000,99.790000,3.224768,ok
10,False,127,8,0x0619d4d1900c2365,2381.008000,2480.909000,99.901000,3.224625,ok
10,False,128,8,0x0619d4d1900c2365,2380.431000,2482.663000,102.232000,3.222346,ok
10,False,129,8,0x0619d4d1900c2365,2380.426000,2482.771000,102.345000,3.222206,ok
10,False,130,8,0x0619d4d1900c2365,2378.929000,2478.399000,99.470000,3.227890,ok
10,False,131,8,0x0619d4d1900c2365,2379.021000,2478.397000,99.376000,3.227893,ok
10,False,132,8,0x0619d4d1900c2365,2376.449000,2480.447000,103.998000,3.225225,ok
10,False,133,8,0x0619d4d1900c2365,2376.448000,2480.361000,103.913000,3.225337,ok
10,False,134,8,0x0619d4d1900c2365,2381.126000,2481.297000,100.171000,3.224120,ok
10,False,135,8,0x0619d4d1900c2365,2381.121000,2481.198000,100.077000,3.224249,ok
10,False,136,8,0x0619d4d1900c2365,2379.648000,2482.121000,102.473000,3.223050,ok
10,False,137,8,0x0619d4d1900c2365,2379.648000,2482.120000,102.472000,3.223051,ok
10,False,138,8,0x0619d4d1900c2365,2381.458000,2480.865000,99.407000,3.224682,ok
10,False,139,8,0x0619d4d1900c2365,2381.358000,2480.863000,99.505000,3.224684,ok
10,False,140,8,0x0619d4d1900c2365,2379.244000,2481.290000,102.046000,3.224129,ok
10,False,141,8,0x0619d4d1900c2365,2379.324000,2481.288000,101.964000,3.224132,ok
10,False,142,8,0x0619d4d1900c2365,2382.001000,2485.111000,103.110000,3.219172,ok
10,False,143,8,0x0619d4d1900c2365,2382.001000,2485.110000,103.109000,3.219173,ok
10,False,144,8,0x0619d4d1900c2365,2384.040000,2483.410000,99.370000,3.221377,ok
10,False,145,8,0x0619d4d1900c2365,2384.039000,2483.408000,99.369000,3.221380,ok
10,False,146,8,0x0619d4d1900c2365,2379.761000,2481.840000,102.079000,3.223415,ok
10,False,147,8,0x0619d4d1900c2365,2379.669000,2481.839000,102.170000,3.223416,ok
10,False,148,8,0x0619d4d1900c2365,2379.437000,2488.267000,108.830000,3.215089,ok
10,False,149,8,0x0619d4d1900c2365,2379.435000,2488.399000,108.964000,3.214919,ok
10,False,150,8,0x0619d4d1900c2365,2388.875000,2492.430000,103.555000,3.209719,ok
10,False,151,8,0x0619d4d1900c2365,2388.872000,2492.519000,103.647000,3.209604,ok
10,False,152,8,0x0619d4d1900c2365,2390.550000,2490.412000,99.862000,3.212320,ok
10,False,153,8,0x0619d4d1900c2365,2390.548000,2490.409000,99.861000,3.212324,ok
10,False,154,8,0x0619d4d1900c2365,2381.020000,2480.052000,99.032000,3.225739,ok
10,False,155,8,0x0619d4d1900c2365,2381.018000,2480.051000,99.033000,3.225740,ok
10,False,156,8,0x0619d4d1900c2365,2378.053000,2478.581000,100.528000,3.227653,ok
10,False,157,8,0x0619d4d1900c2365,2378.051000,2478.580000,100.529000,3.227655,ok
10,False,158,8,0x0619d4d1900c2365,2379.483000,2481.193000,101.710000,3.224255,ok
10,False,159,8,0x0619d4d1900c2365,2379.483000,2481.101000,101.618000,3.224375,ok
10,False,160,8,0x0619d4d1900c2365,2379.206000,2478.333000,99.127000,3.227976,ok
10,False,161,8,0x0619d4d1900c2365,2377.925000,2477.052000,99.127000,3.229646,ok
10,False,162,8,0x0619d4d1900c2365,2378.857000,2478.101000,99.244000,3.228278,ok
10,False,163,8,0x0619d4d1900c2365,2378.854000,2478.100000,99.246000,3.228280,ok
10,False,164,8,0x0619d4d1900c2365,2373.808000,2474.797000,100.989000,3.232588,ok
10,False,165,8,0x0619d4d1900c2365,2373.807000,2474.795000,100.988000,3.232591,ok
10,False,166,8,0x0619d4d1900c2365,2374.309000,2476.101000,101.792000,3.230886,ok
10,False,167,8,0x0619d4d1900c2365,2374.307000,2476.225000,101.918000,3.230724,ok
10,False,168,8,0x0619d4d1900c2365,2373.484000,2472.832000,99.348000,3.235157,ok
10,False,169,8,0x0619d4d1900c2365,2373.483000,2472.831000,99.348000,3.235158,ok
10,False,170,8,0x0619d4d1900c2365,2371.685000,2470.733000,99.048000,3.237906,ok
10,False,171,8,0x0619d4d1900c2365,2371.683000,2470.731000,99.048000,3.237908,ok
10,False,172,8,0x0619d4d1900c2365,2369.787000,2470.519000,100.732000,3.238186,ok
10,False,173,8,0x0619d4d1900c2365,2369.785000,2470.518000,100.733000,3.238187,ok
10,False,174,8,0x0619d4d1900c2365,2366.505000,2466.986000,100.481000,3.242823,ok
10,False,175,8,0x0619d4d1900c2365,2366.504000,2467.054000,100.550000,3.242734,ok
10,False,176,8,0x0619d4d1900c2365,2367.925000,2469.583000,101.658000,3.239413,ok
10,False,177,8,0x0619d4d1900c2365,2367.923000,2469.582000,101.659000,3.239415,ok
10,False,178,8,0x0619d4d1900c2365,2366.572000,2470.906000,104.334000,3.237679,ok
10,False,179,8,0x0619d4d1900c2365,2366.460000,2470.905000,104.445000,3.237680,ok
10,False,180,8,0x0619d4d1900c2365,2361.875000,2462.808000,100.933000,3.248325,ok
10,False,181,8,0x0619d4d1900c2365,2361.873000,2462.806000,100.933000,3.248327,ok
10,False,182,8,0x0619d4d1900c2365,2359.916000,2461.218000,101.302000,3.250423,ok
10,False,183,8,0x0619d4d1900c2365,2359.918000,2461.303000,101.385000,3.250311,ok
10,False,184,8,0x0619d4d1900c2365,2362.042000,2461.159000,99.117000,3.250501,ok
10,False,185,8,0x0619d4d1900c2365,2362.041000,2461.156000,99.115000,3.250505,ok
10,False,186,8,0x0619d4d1900c2365,2361.961000,2461.058000,99.097000,3.250634,ok
10,False,187,8,0x0619d4d1900c2365,2361.959000,2461.057000,99.098000,3.250636,ok
10,False,188,8,0x0619d4d1900c2365,2361.429000,2465.427000,103.998000,3.244874,ok
10,False,189,8,0x0619d4d1900c2365,2361.427000,2465.506000,104.079000,3.244770,ok
10,False,190,8,0x0619d4d1900c2365,2361.876000,2463.249000,101.373000,3.247743,ok
10,False,191,8,0x0619d4d1900c2365,2361.874000,2463.151000,101.277000,3.247872,ok
10,False,192,8,0x0619d4d1900c2365,2363.767000,2463.776000,100.009000,3.247048,ok
10,False,193,8,0x0619d4d1900c2365,2363.769000,2463.884000,100.115000,3.246906,ok
10,False,194,8,0x0619d4d1900c2365,2363.078000,2461.960000,98.882000,3.249444,ok
10,False,195,8,0x0619d4d1900c2365,2363.077000,2461.960000,98.883000,3.249444,ok
10,False,196,8,0x0619d4d1900c2365,2361.781000,2461.481000,99.700000,3.250076,ok
10,False,197,8,0x0619d4d1900c2365,2361.780000,2461.480000,99.700000,3.250077,ok
10,False,198,8,0x0619d4d1900c2365,2360.158000,2462.323000,102.165000,3.248964,ok
10,False,199,8,0x0619d4d1900c2365,2360.156000,2462.430000,102.274000,3.248823,ok
